income,age,credit_score,loan_amount,tenure_months,dependents,monthly_debt
41518.46850975369,62,587.1930333852756,240982.36240975317,87,4,2440.5931120581095
27164.55491428777,61,780.9109547173473,275878.844787505,94,0,1210.0506067076358
46654.2633930258,41,778.484695904991,275893.96951988235,236,1,1822.403890724038
46018.86139639936,32,726.8832360414965,137454.6526855874,95,3,2874.0105558095156
33437.5140500307,36,586.1763707653516,381509.2421916536,156,0,2583.142352649236
43021.47678627503,19,705.3855920518471,225593.50436552693,357,3,1001.9159560882661
53489.25605287816,44,709.2244550957461,216625.01204592767,169,3,2507.242242516842
36444.745078924716,31,745.5120156124686,267315.49936457054,271,1,1880.1025697683535
42039.54430086926,25,652.9739997818914,307319.93846544856,336,0,1882.1327566335024
34378.76407045303,18,684.865414572726,252241.64492126423,340,1,2624.677331577562
28485.898711324284,48,574.3508684165296,229237.57722649045,220,0,1888.4067168140414
34990.55450329543,66,796.0287115530866,226516.8069033906,108,1,2863.0842655855745
26850.28885587664,29,682.015310096413,233398.91537122123,288,2,3275.683452201088
46055.19251997075,42,669.9640252176845,287489.9860034253,92,3,2835.5291382994506
29396.282653633418,49,809.3032703880879,270544.54143323837,359,3,2674.338235665961
29455.782572660035,26,649.9866612370135,238016.35033721532,143,2,1698.0820408340053
46986.91237423394,41,598.0672238026186,209319.10632257178,258,3,2231.209298606011
35192.518128187214,21,727.6633280707223,275787.99677910306,14,3,3020.622197452005
38876.6463136897,42,510.65825026818527,331890.2851316122,181,1,994.6329388376722
32370.62888054264,44,619.5355198988109,307512.99420618685,117,0,2586.4559530472607
45709.04817470663,57,718.1089834442378,123139.50532850898,85,1,3957.1364621702514
59667.13074153605,27,642.8573755556737,127658.76999229123,15,0,2068.252669470731
38610.36725502585,28,718.6747646494161,283543.5694912333,336,1,3943.3575327005233
62075.96052358223,59,705.7165467542995,290502.4034705225,157,2,4414.412901470448
46568.43852434947,68,935.8877956025683,287624.2671885857,157,1,2687.4884829547323
28542.916560372832,39,708.4998148543906,361143.5046367165,326,0,2011.666595313508
31166.766846920902,31,637.3381355690773,213349.6980415253,155,4,2716.08780289512
50794.797100169875,22,659.0837031061851,264634.4005320319,274,2,3301.69248231189
20531.940752872128,51,686.0952633563795,266292.961101655,125,0,3520.2315954577693
48886.63468403148,34,670.1132564947403,243790.61681809282,273,2,2568.222338944941
35747.771473966015,42,763.1589841890532,21016.968946138833,145,0,3467.2769667793514
42812.17021321022,38,637.7125882620851,330321.9915713671,227,4,1428.8227469302399
25013.77482381259,55,737.488033876402,248117.6986132014,82,0,2147.521975496849
21575.936149550012,26,647.5161017761004,239878.86170773738,247,4,2646.087212559803
41502.79951679619,25,519.2744201396008,240506.40600682065,356,0,2041.569789615379
47106.475163399846,54,761.4739379293185,217050.24188178376,146,3,2859.2596764199143
34579.227297958605,41,596.95550833067,166432.35770824872,181,4,3450.5968690413943
23487.710181966155,26,594.0798019616974,182584.78495005597,267,2,2091.7919032464333
25050.545459695964,51,532.330893803528,345736.7182060941,327,0,2522.9459772644477
31143.789062346263,24,718.6061034776887,247540.77879418375,247,3,3544.133879645969
40246.506959553,51,520.7561529939378,210984.0612532193,222,4,2238.3534837428074
41059.06378799533,36,661.59016005998,281779.72529686044,277,0,3476.276904384656
23380.598009714628,38,667.81457236747,318567.4964379075,134,4,3250.5458447942697
43285.10100613842,32,765.2687180676687,198309.56664144056,33,3,3168.4422998115074
45506.09087414174,23,693.6686503784031,248795.5242778269,115,3,3398.1689236051225
23585.98638034275,55,770.8256475533741,267456.63841997646,173,3,2816.561859690369
31888.780488196946,21,643.9377048652856,215576.85237791255,293,2,941.6094126491448
38964.503977772634,66,618.2728139858349,239072.19902061936,112,4,4326.890971075889
44140.664685662734,21,643.2996257314501,284255.4929550323,281,1,1080.7721284273084
31852.37619754912,66,783.1609106243675,235807.8442567186,18,1,1711.4821184206673
42509.79425440196,24,595.1883028589065,272067.22672837606,191,2,1755.323128711421
42107.67511850781,57,641.6300984142606,217940.2854379481,74,4,2792.1097737618566
23755.92418305958,47,601.4769444633769,252099.59474897973,225,2,1597.3455247539316
43358.650049169584,51,660.3155375491697,347952.8257617914,175,2,2144.653415794413
25477.897565837986,69,730.5206927248407,281787.67296290706,266,3,4975.757974916312
43631.939506662464,63,739.5560658738702,185190.54456178757,75,2,2934.2748438694575
52377.7466299392,39,702.8231917831109,246847.87007318655,81,0,3032.445925657804
30507.536052737505,47,637.169913805047,237508.48268206159,147,1,2170.437425075373
47468.996415158195,35,777.6332862001032,163807.95221549176,169,3,3822.93487742952
46412.820983034944,56,623.1727967937416,250512.75576265206,290,3,2386.3101004670625
27636.948181632724,56,770.0878253137563,115129.31849556901,73,1,2694.116739146189
28204.278631197674,54,659.0379951253763,315926.77116402466,112,2,3472.163884361772
26514.006411383623,29,475.66180909243195,289628.2007948575,69,0,2901.5060523106426
23546.87185395546,63,594.1402099066294,265514.15881684085,336,2,1431.3390460680853
25058.00487649337,22,634.0628774420748,222823.3860899982,35,2,2190.665280655347
31317.814117632326,35,710.2007252429303,251703.52953601282,271,2,3137.3868843586
39780.271226831595,31,654.3842240303018,249244.94078030565,231,1,2258.104412237963
57716.13186918748,22,692.5907745744278,284650.2754963914,248,2,607.6339881295362
54822.185114637,26,644.4092280255913,250969.50920124032,34,1,2600.570979400031
49099.82291332188,67,553.0203649958286,246845.37657150225,123,0,2234.1170466172734
35923.05553849588,51,662.6050437088946,344811.9782097783,100,4,1267.8699183522533
35359.815434163545,23,686.4002806456947,262659.57585312845,350,2,3278.6229964586487
30429.131594331127,34,639.7672099871774,244080.23823921283,148,1,2251.0322673273245
29152.99682266007,31,632.0279851432886,312886.3726072797,79,0,2138.196573471315
47911.57439540498,25,836.2967180729286,398953.5493910626,72,3,802.245666330063
32436.531593986103,22,851.5597710782041,296151.1206540569,141,1,3553.0016840618996
14032.069029863329,25,564.8592577682668,236880.02132400026,54,3,1358.8569887362225
57935.70899088652,50,582.8030322106647,298189.50068130495,98,3,1472.9023292716463
35974.56186572251,46,735.3202401795221,315590.4507568144,82,0,1028.8235943250631
52342.46843539632,56,558.7157468572124,239820.38838987314,352,0,1668.590068646933
27980.824173443238,18,610.6574039949866,248259.98453092447,104,2,2477.22384219318
33707.66898941401,35,545.3378236634543,266884.8731301148,254,0,2647.923633934612
29651.3383494063,59,487.3193284114434,238384.07652112033,57,2,1490.378922183014
16183.942643704893,44,591.2445925343332,229039.3152972095,265,2,4323.641793153734
58052.075472721655,31,675.2902226775722,150093.2203409938,89,3,375.3792055075434
10464.945985813849,52,784.0790071879325,274027.5810274199,15,4,3272.2525094071566
31693.147783671542,59,871.487119405857,268969.884299224,113,0,2434.7792326628683
38190.814952349894,36,754.8511969913819,148511.6028435102,263,1,1238.5795156958084
41904.52874149949,39,836.5351137353434,309877.3880983375,144,4,3503.448902373217
27829.024284808067,26,849.3548968074102,218049.41495809934,250,2,2157.6542326838057
33662.23659451966,43,933.6923046056627,229896.00125817407,117,0,565.510987353655
41947.68129669585,35,782.3000027327271,182878.56830309838,107,1,2902.4934947746624
24773.893800550475,47,576.1329896396462,295872.0674905058,213,1,2239.346452560327
40377.50678655988,59,679.837541604712,235128.54169910183,300,4,2390.7122899367996
43262.77030490815,68,461.00517100858883,160158.76726574663,186,4,1890.7526674312944
40886.4009274234,69,503.41159439254983,313164.39627795725,121,2,3034.0933883900666
32236.414790152732,24,622.6651242244709,278627.28271694283,266,3,3071.8604986511136
43662.43715743325,63,531.6682944422702,303791.98923129024,77,0,1550.561110469618
23186.27129904443,64,525.4628482404139,184799.9241671391,210,0,3327.7948710126666
27326.794909894044,43,729.3463951935548,246157.3039376897,320,2,1631.36098969181
27669.80129215333,65,605.8758768527616,322587.8289121807,196,3,1789.5994789595272
44821.60750285335,19,797.9033769868093,219390.9336230092,16,2,4087.5454650551183
48240.11078491305,31,586.364704779192,291765.29010183056,152,0,2222.4558795027892
26711.231022123757,19,539.5323691564976,280124.1562032372,35,2,1826.2023951023614
24821.599053735474,60,763.9582981387189,255688.58847022994,202,3,3081.281435110592
41967.33993680054,18,497.5784660527564,298158.1260306448,56,4,2579.397704211798
48247.82255512571,44,623.3521657958053,240798.1560305689,87,3,342.6745112331073
28772.158180136794,18,678.5868444207904,206500.79357279796,235,2,1726.0410221645118
39704.8373062352,46,489.22774311962166,210680.17954993452,247,0,808.1856185490184
20475.3848350794,55,585.6463835080331,232475.57482640122,321,2,3687.5089216739852
26407.173494436953,66,685.2229224989475,201743.56889606704,14,3,1284.95183570185
46760.63158953549,43,663.8284837348039,196057.9706475423,317,3,3548.8399840293123
32425.991487301333,23,644.7661327485871,178437.11846369278,15,2,2358.8287367993803
35500.75896301551,40,672.2776907597213,204399.06625636644,236,1,3878.397427958469
37047.35794766386,24,614.9765647224062,197150.8935745939,220,0,1621.4864412096406
62627.10907910121,53,732.6317371539884,302154.1579665497,139,2,367.0786282832977
41762.716535221516,67,726.3979014039753,273527.5761549947,272,4,3158.3465356798656
35901.94116253132,68,497.4974319179994,292239.08337830036,297,1,3748.9776450391396
37336.123478978596,25,570.7112845945367,83285.36342368997,86,4,1715.9116615598518
31647.595751779554,33,528.8921930354065,233537.29187577715,276,4,2258.5850330544467
37660.96165834818,31,754.64572486397,191106.31197075028,211,0,2577.486262235616
64417.17769899852,27,541.5612300860564,149299.8786661463,146,3,1644.4054500775858
32107.761786914492,38,647.1294937812967,227275.4469369354,267,2,3435.7366610543017
37307.64255647699,51,634.7320703776925,261250.16726688656,22,0,2548.2529609782946
25891.92853265699,21,680.5568288968119,210985.31772762092,319,4,1023.4404865432034
24432.56827438126,68,586.3393008664578,279483.57710062957,50,0,117.46362507944859
31106.278462837472,67,713.5723942657606,326116.4368174424,129,1,2963.4445994219336
18002.511786257208,37,398.88046855298813,237270.65099291276,225,3,875.2467687426969
38899.807002360816,46,413.5874254567368,130540.687982545,197,1,3855.7542868279565
53886.734087108794,35,558.4207535152993,242434.32718535434,315,2,1617.4877700639859
32833.329907459,34,609.2499168285907,314500.73227057856,141,0,3021.525987409071
27054.36590478935,34,618.2885009686108,200664.10316055434,261,4,3415.19308664095
56922.21018618525,62,687.8109131302633,257486.36727026754,348,3,1555.2901537393204
63454.93262685759,22,686.2242371976781,243624.30786398027,230,4,1411.333090164792
25757.24846162462,20,644.7307148569681,283133.1525516054,318,2,3964.4284455182847
31232.839311298332,29,841.566426080469,196867.2165595681,331,4,2085.4788116397267
57770.83420524889,37,729.2424438022491,147635.856598445,347,2,3056.846123943276
49069.1587240734,51,537.9152189105698,241033.46032457307,120,0,2805.8362498852107
46794.84567538685,26,818.9091963762531,134319.89155298434,205,0,2505.89616611486
47620.010591629354,40,584.0373244979329,305619.7050021214,356,0,2866.2352902855973
38175.38582646598,43,797.6335837582463,190375.1280363234,70,0,1985.0154671335652
33005.191742324794,19,727.0394062150181,194510.4796661633,158,3,-217.76865289846936
28172.729797454653,43,385.71585045652796,244770.8794990337,186,4,4144.045229179491
40540.240030717054,52,649.0438073356048,234205.72717274146,92,1,2208.868668687281
38028.111584013706,18,684.1743983317513,397940.9076118375,122,1,2100.1078496239097
33870.95510628803,40,751.2182777594394,382862.0371452258,147,2,1673.8523947558222
39572.44275788417,46,673.7610351946031,359311.5944466205,123,3,3751.97613808829
44681.28597130679,19,675.0229430758767,317274.7347760139,306,1,4758.088975927035
28512.5944173586,22,808.6044562796014,288781.8085154478,55,4,2568.879844125253
41226.718387974266,67,518.3495381540373,251954.62699829243,60,3,2832.434728262176
35313.61194556266,55,626.3924797278069,248672.03842729618,51,4,2530.162278299195
27937.244858852697,53,517.4666790207052,194395.6233564847,199,4,1166.1107047737228
17667.67078322875,35,696.1552704562587,383923.7022240461,146,2,2373.5949568328087
41414.24097675667,33,714.0690343581861,286708.08505511907,27,4,2355.9821521741515
61505.15914701294,62,713.3918094625228,146635.7463501145,240,2,2781.714978884823
64872.122505894265,58,601.9026016961253,321144.4955577835,170,3,2413.53742576646
38187.20639305707,59,482.5074317507312,178581.1286286674,271,1,1376.6729028344757
23958.629071942392,18,522.8557475393139,253279.64866350254,296,2,2560.0235724012664
38170.69957850583,57,837.3298825995271,254131.7628487427,164,3,4103.4080270145805
22008.959571276297,24,690.2279930272413,240220.27419025474,252,0,332.985184299339
29578.55047330921,35,657.7124964808041,358029.12995563983,304,2,1832.1969124093948
38533.07526899027,42,549.5308051277904,199890.4386514449,355,2,2743.4774463084664
50117.42461092077,43,731.4618450923533,319785.1317439157,172,0,1317.7966917283036
43506.06708984831,18,365.8580193722436,175704.6637391338,25,3,4512.358550437078
57846.561262617244,26,516.3098230329294,310026.54309015896,347,4,3845.4065689125205
44754.31363623135,58,491.1301100395531,227631.52325529818,223,1,2134.362497150642
31684.642874011988,36,819.0896694729282,393994.99470240524,86,0,2349.476158751369
48259.46840710046,50,619.7172818150153,278916.3076179282,240,4,4563.242937508663
35964.18660898714,67,726.9519511714478,234276.41761963672,332,0,2257.558060873675
47163.47625253242,38,460.6068274895756,232259.99388980583,276,1,3786.4604223219876
40520.85544031894,29,612.7384819556975,121351.0097225125,352,2,1869.6221078191224
45770.47523588217,45,668.0891208565461,334260.8585416164,46,2,2491.7709210915687
66492.06532515102,58,641.1721378763889,175375.23382578796,169,4,2503.0756835815323
18794.989308780914,67,658.1489881376021,284273.68984878244,103,1,2114.868850275389
33669.41972860799,69,611.5026369673352,231906.12026422995,91,0,2014.0874810093114
24000.117073403475,49,496.4280551409387,375598.78003801795,242,4,2578.401662796752
45583.23011900681,43,609.6763377919666,249789.9336288291,267,4,1192.8458771915377
41275.561044951726,47,694.0994008330805,226796.27154383768,354,4,3565.5315751318262
24050.454496499384,52,859.0621309577887,174865.47187737678,272,4,1847.8599350209322
45023.7284982362,20,695.4640871187087,351327.0497559914,111,4,1612.0413136227223
33820.97460219187,36,607.76742488373,235836.53533955288,197,0,3470.7247066165223
45545.879348977556,58,549.0010163427534,385305.2164342846,355,4,2378.2024892692684
51472.8541186729,60,634.158062774841,259370.0551185411,16,1,2535.4006870400895
49154.03244121574,61,616.1399373062649,286283.32337066584,304,2,2481.273805850468
42577.22997555007,29,751.8843850511671,237592.8719573692,53,1,2875.922283931694
39219.381405096865,33,733.8174109126332,115825.7481210347,192,2,3981.043469699114
36651.80603981503,67,691.3804992815279,218324.85394267738,345,0,2298.141507171013
51471.40041586787,38,544.5038497237026,252794.66143106073,91,0,4479.154770484818
40189.62995679314,23,593.8835258416443,199640.89518240397,273,3,3741.3464132521003
37543.019908048576,62,772.9356969673169,268551.165920504,90,4,1982.3024968191366
42651.63764866729,65,787.4635585668952,169441.25186082834,293,2,1536.3038579224892
48472.7518984677,42,618.1682749521221,212268.62841816392,235,3,2469.8593202071406
31427.3245460703,42,893.1767529687891,219946.9960094854,113,4,3056.865313506182
30597.909257067702,69,693.7826321702587,247931.65149202177,271,2,1206.1512821012464
45382.985980049816,63,789.791353643906,257087.52258772333,167,1,2447.539517424802
51611.13526289655,40,422.69620955171035,378153.6124488376,140,0,1636.5272945166453
38783.688887924225,20,467.5633684701794,294089.23338647373,158,4,1856.7223727407254
34278.21340391715,54,607.4527413920956,372683.2629065977,53,0,2497.2768465574322
52115.71011279189,32,620.0027098591828,214741.66171197282,285,4,3010.485601241162
26918.068774387742,34,552.1685935525373,354063.7933371843,141,4,2101.534806146678
32081.524634300426,65,592.9564640825073,146685.95455599338,301,3,2822.907643163123
30355.148443083905,25,685.1802580460359,240157.6303323776,295,1,3494.5934061013954
27464.20346727947,23,633.0073985031897,396751.64830273367,239,2,2055.350248877424
37433.63742541756,52,721.5288847456034,310619.3117926203,106,4,3022.0743069892146
32710.656606437864,40,533.5130793472247,397735.7998751738,62,0,2627.0991575896364
34379.943376678726,64,670.2757412684466,410592.0227290038,39,2,3661.075825476073
41424.23235027498,68,480.159233994686,245465.2894865118,114,0,2015.6774037700766
37451.94949075546,23,672.8051605333851,242885.86360995108,303,3,1193.8795882089387
53244.23996104151,32,656.4878921240646,313243.27599688194,242,3,1082.2960865913092
38287.98878937062,36,744.2199765247037,267163.6177669488,290,2,2484.93801795017
45811.305621926884,39,678.6641478846702,309046.76206211443,199,3,5027.140645709192
32078.682213549557,38,586.870505967805,273453.1872555637,13,0,2499.474235301016
57872.6343519193,32,740.4323335308243,159515.26078482537,253,2,2425.7107836398372
45151.07900369692,58,778.9348941146811,185709.0271837978,202,3,1113.1286084689502
47806.52935284501,37,636.5481541656956,266959.2152047701,29,2,2231.254075230884
34392.704066852675,38,641.14376343201,271652.26552747935,77,2,1617.8016746124338
41445.1796706874,60,605.2342170623762,311301.56405449664,15,3,1700.1102372816013
30005.785896727168,32,512.6184158346215,252025.3504890436,322,3,1196.236291885395
57056.8705734209,52,650.3391210714468,86523.01514956748,240,3,1427.7648411369894
46778.28004182264,61,820.0568301634312,285886.93071743223,159,2,1455.5623284636497
25292.7006590147,67,733.6618705254193,379647.1321592221,311,3,1595.3307273835271
20335.41649856554,36,661.7065918966915,235162.82556300113,19,4,3428.9396247099576
26694.736903386074,57,857.0910699804019,316051.21046252036,64,4,2851.8365084961347
45286.64845631122,63,872.6356822670566,158062.1265485474,258,3,2395.2075626523983
25414.13850137487,34,753.9230192331783,271218.02555066114,112,0,2923.8496160969876
29220.978847323888,45,605.924760959226,198622.930748451,262,3,1393.329419385578
28815.43158116546,38,411.04377402789396,319900.7103651381,138,0,4473.981376187852
33208.00031490104,47,783.2108058311514,275112.00543957634,202,2,611.9218467272332
53776.25215320802,39,780.1247943275762,213692.03137111597,88,1,3942.7923575675604
25933.925039024907,20,719.9324600191302,198976.93052548295,126,4,2644.22794979828
38176.00872132227,51,628.3998796945168,237732.24306219845,280,1,1721.2732297310333
33739.90076327292,63,692.3538946936654,320651.91646411765,247,1,3161.112173330169
16922.170934732843,28,646.1270503455496,246050.1793511325,119,3,3194.865253499854
32056.89364079388,57,647.9745318227276,306254.5976242534,146,3,1555.3609238115835
46201.70770883431,31,657.9844232162708,314671.80081219174,347,4,2226.347312990967
33138.642348024776,51,623.7173881443543,297439.84969682636,39,3,745.5693096901673
47050.7851680655,37,566.0279048369888,234927.5506100777,204,1,199.13335008788508
43720.86262189651,18,706.2231760266427,255584.76330506214,80,3,2174.3796374649164
13196.189331904117,61,615.082305159305,234269.01508910386,28,1,1584.5143057796054
41458.05159009877,51,823.5074058525537,244944.87588999735,212,2,2338.774207734541
38546.92744748793,49,600.0328702755038,280036.7998127883,98,2,3033.358727923843
26671.68702465761,67,673.0874063049594,258713.6875092564,189,0,2611.7712068486694
45511.660083584124,38,626.8837275047695,196839.81167455128,282,0,3114.2132719466667
41876.72281585908,20,651.2202133371513,288800.5497682999,314,3,2010.8929827189738
37442.831565172215,22,686.9013098131511,235836.16506184707,335,1,2704.0893773866514
30696.701348626404,56,601.2445228386857,357756.49746151373,33,3,2076.1712265540123
36334.49837836118,42,738.3668693707958,280845.04343298567,328,3,2258.7354717232774
39953.92266061653,22,942.585673354751,258810.1207965318,138,0,1386.5826236143532
45621.84508542142,43,792.1826499993203,252511.59888534734,335,2,3627.895343756972
51793.79431732217,60,798.1597854487825,303457.8636719136,129,3,1753.9214125255578
31324.94756312218,40,660.1498486936827,401936.6686096513,297,4,2593.5770393946946
48998.46306824572,62,669.864691608133,187910.2114961007,220,3,1296.118062623663
31364.553956616903,62,653.6906758255732,319923.74285801314,31,1,819.1912651730933
39712.04104847173,52,603.768521144176,209380.19787620843,314,1,2236.885761136538
41473.620621226684,54,601.7799378285077,251365.4415888697,205,2,2408.9536958543304
50539.988802224354,54,782.587463625551,240548.4754673028,208,3,2090.601735031605
46036.51700221295,58,540.7089822214139,283981.5778236302,153,0,1051.6859772983898
32639.756037278737,27,479.22064551638886,349472.4612950579,332,3,3189.455323348117
36333.92053470549,28,527.6855458739562,206720.63339121043,290,0,1444.3494868039518
22944.42757712511,18,867.6638612002472,255997.4187427017,208,1,784.2423844049927
16322.871915992211,51,593.1653141339971,248913.3415294417,76,1,3242.483450287101
47948.05284721784,67,741.97407272842,245315.7467717936,56,3,1667.3180392032348
32079.471386564983,69,660.6012631768872,342323.7044825165,281,2,2944.1410874304715
46800.44633088702,36,683.7956104375123,270397.6520442972,203,1,4868.32568056718
47910.75192412901,41,733.3453080577223,366983.3756091392,130,1,397.4781609506355
40853.54146232916,55,827.056730004043,213257.60884401365,67,3,1579.5922451420581
3102.1251736772174,22,523.7186959147808,233580.21333348096,60,0,1530.8477451684118
43685.25901013174,65,549.5329673946045,162503.40356080572,124,3,1676.697119071169
43221.87609151298,63,792.78233136065,297395.94223699986,165,1,1775.2800001878666
34240.790471805594,64,548.369325120639,195790.18931185282,51,2,1439.0255449856818
33251.376072985484,26,749.4116965801139,242821.4360329511,305,4,3476.5696831037535
17442.98907340603,68,549.2134772548541,294641.2449750026,14,1,2823.348617535817
40089.45210380123,46,614.6126997007606,274139.52509292687,134,1,3207.9895084101995
34649.929509209,42,603.2679798985703,393195.9608476771,31,3,3561.2751901739816
37030.04527915434,49,888.4974242404669,208217.5628818189,94,3,1310.1167557850738
14684.17326619253,57,672.7931808140307,158890.7522222059,272,0,1369.2586940852789
26688.708655708986,51,697.1638082200647,290103.44623509905,14,2,2023.9957774942773
41402.47827375909,33,604.2558549947597,262800.76892191265,273,0,1975.1694435508466
49811.61111968299,25,705.9958124090904,302968.9632130475,224,3,3963.0853227523626
12675.38188252365,52,828.2426137230243,247341.83244627801,129,4,4413.533168285562
39038.81334036329,51,855.9286237401466,309616.7937268744,27,1,1663.2822266424212
43933.20449119673,27,732.4774914058625,226324.39962797196,173,2,1319.641993743736
18376.56880826711,32,583.2790709118399,387084.181854693,244,3,2528.9294373713506
47150.759576764656,20,563.4193835789509,176512.47577963775,243,1,512.2858559138132
40014.341473821,52,647.6071315931341,151066.13524249007,119,4,1616.1008774721047
24254.258297628046,63,763.2217826183082,335315.2806943846,271,1,2968.7024140463095
52520.34373814849,58,727.7911816459022,285927.650979632,64,0,98.50201774514608
38251.73456103949,18,528.8259917073706,272372.81685634673,283,1,4672.768098662312
33496.12229214557,34,702.8420569305481,210171.87370024566,126,1,1128.8221502984961
34657.20969318334,47,647.6121906463217,241415.31494635832,54,3,1922.642122139038
49359.6438005551,36,879.0152187181802,169309.45893123175,328,3,2268.849150600659
38641.641665889954,43,669.9906891103927,335620.5093291022,246,1,4054.063118764767
47851.20849113353,60,696.2460803657913,243695.57045034712,129,3,2594.748710876643
38264.65961775307,60,646.1297509404283,262033.81459730142,235,3,1701.6970902779474
34345.1782958048,63,665.5230516257477,225228.94748751374,71,2,3733.775769518
50036.24136796418,56,759.9616814128965,263528.41624564235,22,3,3700.9166899617053
47793.505514885845,24,827.5685936351395,326036.77981063875,53,4,3581.3404483000413
29368.308696245942,42,711.9243999750694,112610.25651182447,227,3,2289.538553896591
42952.54984144298,21,612.9327773086854,332526.810331487,314,2,2028.4731020125046
37584.22893958752,46,596.3785225515426,215840.2604650417,166,2,1767.333401123496
31800.58997967679,64,741.1617351725674,234875.81078071365,342,1,3270.7758326441826
27137.77239120659,20,680.7581598194002,269343.1404038454,20,3,907.8382057696049
44622.56669542129,52,675.3250773175266,251647.08529610487,236,2,808.9721728823101
41259.88815575238,19,676.1454934083326,172296.65331444712,288,2,3919.5860932091505
26705.87327758856,54,889.6570846655964,241340.50714033155,321,1,2726.9435479897575
38275.973191969155,41,470.11559902851934,195598.69598463038,341,1,1906.710167725282
54105.13246402788,45,534.4329190078646,119361.4090155823,277,4,1109.303798110395
35858.204676323825,57,567.7198587510828,232445.02661271195,322,4,2702.3575421144915
23882.24983736421,35,694.0941077876014,240010.9849443008,237,2,1684.714601363501
50525.506248541424,63,558.3182808435025,338201.7839916722,329,3,2545.3465439457586
45030.63893216362,26,688.9630558285127,247561.13438573823,316,3,1980.717939106417
43817.59419163804,60,549.672270136155,257371.92066016785,204,1,3457.970611618138
14288.020101033882,35,513.1073700372884,264017.6426581819,179,3,1535.8855584874038
35680.248694245376,63,615.393734719376,266214.38001342415,238,1,1010.6634908905211
47990.87385990469,42,608.9883701210168,339973.28715401626,250,4,2732.6331255549435
24527.926972227535,32,604.7897225486524,305112.8000595455,170,2,2007.859795597882
27963.06871365543,45,739.1690475372512,231425.72537410498,276,0,2340.5085640746197
45210.38205847441,30,764.2128504233528,158676.67838351618,15,1,2071.0803726325776
38124.78677003155,52,605.1622081662991,272336.98967238574,298,3,1457.2713880665149
51143.271758879935,34,685.462785576807,307327.39154966344,242,2,2557.9900945583536
40490.41486883646,32,530.6524703241021,129050.3430237193,191,1,2092.7485726606124
12053.616450671025,23,637.8861086015173,264723.99010341655,151,3,3034.0710615469866
34687.37992335702,54,666.7207072699604,184079.5777473468,294,2,2045.717383460776
38324.85193460642,59,687.4732265384268,288726.37840926036,112,0,2341.789515313163
26962.464237395987,18,741.9009218599873,253834.17512883822,13,2,2169.408766003279
31442.425823088368,56,614.2351799561084,248631.2673102799,277,2,2686.6885795229614
33463.765260884815,54,705.4471021963116,284677.8375886908,213,2,1187.0665270150225
41816.082338934524,24,610.4360737535105,259880.0030995803,102,1,2217.1061483696612
45515.0305124905,51,578.5305722924509,200216.85008844716,189,1,2045.155400449889
42303.53418711858,51,747.0606399557873,206232.02241903878,212,1,2241.421354710689
45890.57109515471,40,736.2538135460238,226342.24918044932,278,2,2534.2593323151377
32872.40113106399,45,616.2853500746448,307358.5165763045,24,2,3526.532796227409
50243.49403325921,66,764.98247676024,284538.12158057024,330,3,1532.202623728743
18307.36692133643,50,614.1208979193518,210528.9269876818,108,1,3722.6173155162237
15688.716440642016,57,710.323114016801,303860.2355232679,130,0,2100.5390464314337
31644.17228925758,27,583.6924709098496,230204.43610835093,207,2,2961.0833559281855
27388.077096665937,27,675.4082609838866,217112.58921780932,24,3,2864.5984239195864
44644.054146116396,55,599.9705154184153,240530.6436117848,32,2,2593.4482774496787
10756.069395004248,58,626.4258036113847,379764.7068222733,282,0,1940.5788224107341
29279.601415814002,56,770.7194937735123,214796.20647979365,340,0,531.9674426445788
33482.84445527681,61,723.0966435681855,325422.89339672384,347,3,1488.176841548662
26030.576482912154,49,731.5977121885933,340473.7534880838,271,1,1764.5719103360605
40628.287553953836,43,585.3051502267683,237449.46182068618,273,2,3705.3838362415568
22254.369287252404,39,480.96174347224996,291327.35813819873,26,3,3145.028808352778
35652.29415606945,34,578.7232761360474,191194.22188206948,356,4,2574.122874199184
32737.817564934227,27,563.1995815163093,296674.2179336522,193,1,2297.0231397164785
16511.249490019687,65,652.253232676093,258505.14811191175,153,0,3168.4334857400313
26306.28752608287,48,732.1610527000093,229158.74293189123,331,2,2392.272394038814
33371.34287719326,41,684.6465220329364,317205.8929829925,285,1,3280.463583931954
27990.827624183014,28,596.4705352857178,248339.0079035268,89,0,2476.1527813310795
41279.17088540694,57,683.5185581790442,165247.17326079129,259,3,5549.601350875749
50531.977268295974,25,652.0612144060659,258036.78832800532,96,4,2313.4160729752966
49178.88226961401,42,509.25295170053414,328171.5559683211,15,3,2764.63924632068
29995.398521445648,41,619.9906291853707,203929.53325476323,169,2,4078.0193658892863
52711.78779703948,54,645.0052303460719,314340.75972106995,119,0,1238.6334462258055
45219.35535823994,26,791.9332569498711,126466.12328471932,308,0,458.2272005018026
51911.82510020127,20,708.6142781143861,340430.3144110933,245,1,732.4486750775776
19840.899563796014,44,791.7643199629651,316316.550484268,91,1,626.7680124167088
33768.46202888343,50,732.5542711477958,197161.60586429384,153,1,871.275251149667
41817.893643938485,48,634.7393249747299,344470.02382267115,268,3,2824.2662260637676
36594.66560385914,48,725.2206484389492,251467.21166388766,347,0,2310.836049722406
31146.354569509673,51,723.0348249891931,346522.5072068419,42,3,2692.154842481538
37196.844065416146,66,605.5655047362848,159634.01094836098,255,2,1407.090700319179
50701.28085884167,48,782.4368213060766,301250.8624637067,113,4,-24.79349674045752
29753.973458142646,40,371.79903223984695,219576.31132854393,303,4,652.3376361526921
11193.186107811853,63,503.4883890337313,377682.7583265515,20,4,3182.5909171633534
32845.99572241535,45,550.4516773737273,298166.03273426066,66,0,2441.476362872548
28386.2674966705,52,562.1192235412398,282253.2525440799,92,4,3458.3407958246876
27979.69976917032,20,861.0507892821331,156882.71372985447,109,4,2626.157768302018
28629.564827809194,47,666.7193241105483,383260.80904265004,280,1,1495.4796351693838
53362.5015275907,62,767.848195981277,288035.5884312665,132,3,1596.3462934252077
27273.926836260453,51,738.1702394229559,295587.1603573012,253,2,1683.1977803454986
20945.132085148096,47,656.2194043016946,185043.8153861404,312,1,2794.3715288548337
30133.17726637612,46,832.8729728972592,271248.66961869295,184,1,4305.669424160704
21429.33165959165,47,751.118400893883,269066.1930747236,28,3,1539.6600593153803
44093.14646061265,35,618.0267445184028,207065.39586227722,274,4,1340.6150234576655
27114.30687076493,41,810.4370288076392,275554.78805132804,272,1,2239.7255906248065
34291.14457311547,49,625.3159946897083,238305.84797670547,220,0,610.8141691127822
52743.47034802374,42,550.5852382881618,229868.89277173352,331,4,1974.9553594230779
25484.9384985832,27,576.1109236281051,128224.72839821485,111,2,3453.6645520793413
14789.853466741495,66,647.552416480842,270962.5024955017,275,1,2946.774780882883
30145.39749627197,30,588.4854782635916,156363.94550753487,38,1,1853.2144017381377
36118.36297488168,19,501.94919504534175,317295.30758413236,14,0,1939.0611286422204
18948.886861732302,63,528.394298650387,187328.40849823138,299,0,2480.5554206934794
42794.65273992488,19,611.8397077237871,179891.50184493352,138,4,3337.8093324762613
53495.14293272524,35,544.9552331408823,270046.9307704623,187,0,360.15436057317254
47704.86106350297,33,651.6162398424536,262070.1112013516,280,4,2121.8586071289324
49529.34755074336,69,544.8589986022024,404536.7388851407,80,1,1451.3546454335408
26648.371709639538,47,680.233852668602,178910.7295911597,165,0,3747.4736297266227
41843.09435461134,54,728.9250620040134,347496.5876475004,263,3,1442.2418357635142
41962.203458367614,44,846.0634640539547,330974.9491823708,332,0,4055.75451746694
29292.839844493115,60,697.9504301151065,300398.56207502924,237,1,1915.9497003908937
46326.92344808672,62,606.4523007390567,280081.4264094163,300,1,2920.913959381507
55736.462720193595,24,577.5449092067454,291286.9810301843,63,2,1951.8202505742424
47180.900794067275,20,498.419716076363,208846.90127823083,321,1,1677.8106838167032
27418.75517473464,43,784.4227935828255,404793.5280959695,211,3,3025.337235774786
44288.86028470984,66,693.4520898697531,463498.50373191567,290,1,1527.8170250211908
35639.05857142522,29,607.4903757567444,424893.4097412149,308,2,1782.0878854336993
46602.91431690249,54,555.8120963193464,294825.8250655032,13,2,3018.4961385861443
30955.532690442953,36,831.1083898665726,197809.4170966348,175,4,2703.1801264211567
44069.666593548725,50,808.9704266488717,290381.5541836906,60,3,1826.8543233667715
37853.20950315591,63,623.003748538069,248202.26432575923,199,2,4469.336650062564
50928.88099794289,18,705.8644851967914,224465.73952795804,271,2,756.707600574549
31981.938585736905,47,672.7078363665927,212153.4614495223,76,1,1298.97945228383
40182.08891843451,68,660.8419982524231,243079.7070522577,253,2,3203.5636243221784
19833.36411907556,36,532.0498561347902,413913.06166250404,208,4,2180.5953903973627
31356.785088659304,23,647.5607271882441,241678.30900818962,150,2,-280.9470728112474
51231.20773869305,22,513.6199824851186,309540.3532993394,160,2,3204.517745553547
34493.48597655605,49,552.1623931029437,285797.4066806506,252,3,282.6971485449135
43255.687616222815,68,597.7426066437713,231575.79669286817,301,0,2712.5791086812387
40609.5562470696,35,666.2665922326031,309828.30628379685,345,0,1861.4367255076902
38605.987516109606,56,634.8119515918287,203386.52045594732,54,1,2196.5395448201866
35789.21139433133,63,655.1049349469745,209871.6850652808,318,0,3000.4034014079402
38952.7757189768,36,450.8857080408011,355968.3474443761,186,2,2199.028881167943
53521.050322815965,39,479.20315191130396,322580.47751213796,153,2,3146.3971824619825
33350.301285072586,47,641.9706169561919,236181.52828815617,242,0,2488.827096320022
54638.331003289975,18,824.0184622799422,114012.84422158066,113,0,4230.692964807414
43959.30597323703,25,594.246681816786,304950.1106981318,200,2,1620.2355083601271
36089.791801783394,46,561.1291428886535,304494.82439714094,292,0,2091.8348696993585
59977.02124887389,29,850.5901696632593,271425.5929814988,83,2,1615.1620951234702
19510.493157068675,19,663.3215775757352,207480.51931158113,41,2,1667.7049750186816
43858.87077478212,29,649.6711240319123,336838.97565001843,310,2,3817.919526800032
21708.36998817656,37,738.4421725571797,246260.45033208965,211,1,3218.332473997781
29248.05558422466,28,635.817947439796,238088.13197388736,264,2,2772.6157848543385
33090.308654601286,29,564.8448791459651,302690.319444672,243,3,2192.527780553692
45692.409803596536,68,501.8676788249504,329955.19799815153,21,1,2090.3349599198314
32151.890399845463,20,581.618446561009,180946.86609188153,234,4,3570.8624061751066
29875.494667112216,57,532.8526679871711,335285.28490987606,160,2,3093.8880794440215
44150.98595955574,54,825.3155986312361,172549.085326583,235,1,3820.713713245387
36071.91319382591,58,614.302254407603,175290.33838766871,109,3,1984.4890942791167
36821.27239576691,23,668.3303447339828,308029.02311555145,122,0,2379.2607691762814
30618.92060898197,59,658.4032144400696,345442.53606503655,35,2,610.4342481669173
52496.81257442984,27,491.35314468945273,313333.61075557565,137,3,2044.3808303408357
22335.186273284202,40,619.1382046639205,256992.39439210368,215,0,3709.2725638610964
28375.080301723327,65,605.5937175970844,264961.8410615825,92,2,1684.655023546963
19398.945108799227,55,586.6968553187294,323470.75912087964,12,0,3289.3044891636337
43005.55993447095,35,551.952356883763,211974.20191495077,147,2,2057.3202899882076
23388.152712273593,26,629.274977626909,172241.54043826263,17,3,2740.208078717506
18075.154408871902,31,723.5804637349221,229763.50737454373,261,2,4430.93649459628
25274.30187839786,36,503.4945879011435,211904.99481004212,180,3,2157.981687416616
41547.621236329476,19,699.2209434823785,360274.6220489471,209,3,2678.1162704324547
59135.289833320465,25,631.9993056038641,224581.4965936807,244,0,844.2725787908273
22685.305482678144,56,758.85087786959,191003.86975408805,329,2,85.06285356344215
53523.62948979078,39,558.4897350901009,236631.27267907484,299,4,-184.77197967027476
44393.45510521615,40,714.6747738572668,273635.01915255137,258,1,2675.214728027239
49061.9113591289,42,643.0960560126795,271504.47279101505,106,3,1274.329377116497
47694.92867216982,51,739.3880780054529,245277.6246572172,122,4,1621.8804610578952
15444.176075224992,45,612.6479389414,213388.6814529288,17,1,2457.289294862514
33825.686246773046,34,438.208130930808,153901.21233530462,325,0,2806.439106416429
32362.00317522259,21,509.99349304178475,284985.6097819214,90,3,1702.780083401456
69736.79937556022,65,674.2961617812069,291260.15636295034,18,3,2539.3972320555954
23854.320898095524,37,651.1498571051607,272055.83499457996,212,1,3378.0443453266
57591.819070631354,56,813.2592365078542,202303.80977005133,156,0,1747.3778972269545
37410.95706305031,43,658.9333574228798,323978.94297872134,200,2,2642.0428023456357
35051.55683501357,28,613.9061205745467,246543.20214757934,319,2,1894.5309117485795
51285.49399435581,45,672.59865856807,172949.3354159748,268,0,2504.216444622139
48995.24831206355,21,787.8931714049974,364220.80141727463,180,3,1910.8682239172074
31603.267375290336,36,511.6592296994952,169762.43997370615,38,4,1352.5695821480524
38361.83688202209,55,685.2690787451993,157377.05969222204,108,4,2891.0556545749364
22394.0808097286,31,793.0788263015127,278600.2856975732,169,1,2584.66581550099
41150.51718955752,66,631.6068635452123,289964.28673019604,216,0,2187.2832609037077
38956.311906309355,55,689.492024185165,233711.371168527,51,0,3413.8001185843045
51061.204249459886,34,511.44138838413096,294698.7795679628,16,3,4056.9399414554878
42625.91593332801,43,567.3601962268633,292939.3332363941,344,0,2030.0523590246978
32645.900609927252,26,638.4619540424605,315855.8259719377,277,3,867.7010325084151
42763.27616803604,50,788.6182552291552,265998.75547517656,271,2,3749.4353089108095
38538.901791684606,63,525.5930680211984,252067.81351063543,49,0,2454.0126847856486
61537.01136997495,47,445.17883919402345,250365.98948117052,119,4,2360.5755169816157
33913.083474517785,33,490.7406361138092,360792.99724604725,177,0,1136.9253976801256
29218.839562592766,45,813.4013968586609,265857.41448783403,328,0,3955.2615035834006
38502.8527423191,66,683.7022284954096,219654.10120859253,12,2,2451.8522510528283
30645.625892557524,43,592.9570127440622,298400.3924787534,276,0,1847.069698902665
38239.87751130144,19,614.7084813911256,205382.83004823254,189,4,2078.061960638488
45248.32232397203,55,360.17891852253996,259808.7303036314,145,3,870.5708354295697
48713.85940665875,41,573.9300393246046,129181.69782478263,82,4,4504.715069053165
37672.55494277588,31,624.9156706138738,439160.0130140449,143,4,1675.385687081035
49634.99228101595,47,417.2441056002724,294896.38110915665,79,3,1630.3121008083397
31571.76675728983,60,582.9138625059237,242624.94126358087,316,0,3370.8151739653244
24738.68728015889,49,772.5354327546349,280954.98465774563,48,3,1558.124315868614
25962.819024255172,69,700.9073798933117,373748.0465445327,240,4,2468.46297893385
51494.01892509093,63,726.6766736182657,239520.73827559975,105,0,4247.664526774657
27580.766462089923,33,825.2758267783796,167297.4931255842,30,2,4801.939703365911
34670.92658502256,25,772.97654956115,242343.3519231201,99,0,1333.6852115860859
30528.780736158802,38,452.53063139892726,275483.7579009276,273,2,2263.9127106387405
43021.80773559745,18,742.7181317552061,248274.0246034053,302,4,3838.414859371549
37655.80982665432,20,653.6318381518345,237618.81412776097,311,4,2084.3341236699184
47715.28941838593,46,719.486314490965,232328.9108999989,145,1,457.81875741400125
12827.903043013697,25,710.2838058541644,272499.483610973,305,4,2970.6902206575533
36668.08633068889,33,699.5740232078588,227662.60096098523,266,0,4338.765916344667
41934.823416514686,57,861.3263330543753,309767.52038719633,318,4,2854.4626851075905
32027.0494115092,45,726.4652523909024,244841.79203168929,283,0,227.94556936131676
56202.7931990864,58,672.9961013670134,372400.4704036593,119,1,1551.068990559005
20794.18721952683,66,713.9928951276086,327721.49212558544,100,3,3052.172395344729
32163.58543352267,50,585.7086644605038,174931.54273659352,355,0,3295.067513456383
36375.25400378549,27,741.8190639947561,237119.9655169018,188,0,2181.8650005295767
57620.96860064589,39,542.9859299493878,225035.91296002042,137,2,2699.838603705923
42324.852127970065,64,707.8864865456544,211880.79163355907,15,2,1704.02029132375
58072.92455815676,31,641.8380112178395,265519.95120383246,34,4,4271.700474186484
12597.246739743174,36,775.8184094655476,294603.9814456175,13,0,3913.4387890787734
42383.32013365257,58,730.7580340055456,255949.49306987878,313,0,3242.5652534049586
40019.665572003156,31,602.9501686629535,297884.66439516796,288,2,3486.4311900035254
37550.91617500551,59,653.6458166132608,178222.2505294229,232,1,2750.7737222952314
41148.99753120474,46,596.619481875517,231959.92445322388,332,1,1079.34127501776
46212.10126548526,21,665.3978045707312,246520.201805506,89,4,1420.0158891911144
38943.36258968135,43,636.8498339137406,267176.48835800856,330,1,2404.5458032571455
54141.03608786095,59,770.1934039281612,306419.31085981434,80,2,2262.911945215448
36431.84423066376,18,522.9163234662176,260526.82725944842,318,3,1103.7043749682502
33834.529549330735,18,751.9142452674191,130218.67772213186,251,0,2850.0048015367415
54722.48671867931,69,640.2335220000754,169988.09946736004,114,3,1643.4236146158203
44417.223527395836,19,726.0314994978072,257891.89445112864,17,2,2574.781528093074
50476.86292159377,24,745.4693891144912,355143.0345728824,134,4,1892.6093711915864
41110.17525843739,35,785.7038339504586,343425.90211007977,280,1,2351.790912193023
26567.895824254236,41,598.2097702329529,239962.9757883628,286,3,2098.452376991021
37552.89556283475,54,775.2233318768135,315548.33356520307,15,1,2748.1992607871966
36399.17719510448,47,574.7190883696908,286366.5052785827,228,0,1351.0968315992689
28037.8436449354,61,648.6899985486929,210395.36245485517,103,4,-102.71521534589992
38820.08524135976,36,747.8729149571507,178994.24305674568,181,3,3656.8546752859397
36089.369502878064,65,639.8387969679682,209549.5398183764,241,0,2372.9975438218103
32634.883747040738,34,657.3220134795192,179011.8122101961,158,0,1933.3704971179297
35873.68206965345,55,757.7650909353117,237158.46612136348,192,2,3833.2816358377418
25340.899129209505,35,509.8642899307081,235304.77674870566,185,2,2323.7539572112705
33283.3915141903,35,524.4374829581054,310466.9116598166,278,4,787.4286347078347
34504.70173809483,20,895.1026176683638,144579.41896747585,320,4,1389.6473289434114
28083.326064339086,44,615.8734048703417,286227.4456061562,12,2,2652.0662695683736
48881.78014934623,44,640.5657591836389,395486.77736168687,179,1,991.9828064951503
31358.660057710185,36,852.0704381997891,367886.2721158789,315,2,1586.4186837983907
26069.282780044767,47,863.165935522291,340061.42737985135,146,2,2210.6407456578127
27297.10884139823,49,609.7740274035689,169162.5221298953,55,1,3614.155098923294
43479.546112146774,31,675.6993586464407,310900.87230806117,158,3,2389.2563309145658
18987.56794633035,45,828.8089384707013,279714.75913315854,259,3,1546.3206654411324
20021.04489056269,22,657.2698501347631,290183.49519421055,162,0,3187.647595125024
47054.265815443054,40,519.2016303541457,117392.81000101974,246,1,1868.6252145483165
53369.23865558028,21,647.1166453485174,299767.9451840062,303,2,396.75576045796913
51666.68914804715,54,708.003135085179,363561.60418776306,55,1,2351.151057944163
44689.80214793878,23,784.2704866421523,239030.0953057282,70,0,2926.2530918867637
34277.021545370386,45,537.022440046336,257612.81671356104,161,2,2270.040829039424
21666.535861999073,53,477.00158035838297,293510.5836825106,329,0,1034.916339294803
34078.094597647614,36,673.1668596340494,182758.72222270176,339,1,1032.7407153803413
26526.02659552032,52,805.1902468833339,409434.5492659362,321,0,2319.1570937051115
47747.736943301934,19,586.7269800636037,229164.52996560175,342,0,1200.8913707232916
40400.271396332544,64,757.1439846470755,213559.12699756428,164,0,2480.609455866964
41815.91007066857,47,780.6645769042389,310207.91714427207,208,3,773.0735313795732
22200.920818126804,45,558.4000468502245,292777.860846626,317,0,2403.633938932948
52658.988101869894,68,723.3610766597124,222567.72739723895,72,4,742.4136809845761
35702.08362991601,45,579.2339462874139,204297.96269310947,100,4,1613.574863222465
48253.819793625444,20,609.1678986161381,250535.50668135512,224,1,2442.592165527731
34421.86751165743,69,593.4162238326902,345691.5692460566,165,1,2501.2801823127056
52194.725265190384,62,746.3866412435921,212397.6910370796,160,0,2041.9652226707537
24332.124634332897,22,601.0324469106037,213025.90388913284,196,2,2138.08285489029
46224.86337182092,38,491.10095077168944,234446.29381163098,99,0,3985.4854374229712
47530.899196210004,58,707.2792905014127,258339.0626786753,133,1,3098.3889603390235
37880.40086881594,54,739.0599153954292,316114.69750272,133,4,2380.9883570740644
23485.445344928976,49,621.4309376576589,139767.55953613634,288,4,3130.5187279847933
37995.64243419952,62,573.5572614321467,260149.216825995,211,0,4187.954811392235
28315.906416709215,67,890.7966283940722,136137.45301278218,332,3,1618.8992855509175
49718.159668367414,37,711.7233617267505,233021.37543570387,217,4,1279.012969568762
44922.9430109728,30,641.1965595636788,325426.50313564844,84,0,2779.8056971861597
46722.482597733484,42,748.7145032424066,231946.58308198527,298,1,3485.576711441399
44315.55738262885,29,659.2674511587329,305964.5895268101,202,4,2538.2932232078288
43779.25505171468,35,772.6941302511611,340435.0523235366,22,2,3550.6270304754503
36312.9706298142,32,578.9176822923798,298176.59206704533,272,0,2155.81880990063
38664.13769475823,40,644.5107693176386,291369.6633411647,301,3,4230.136852452283
46508.28244707505,36,675.809780872649,260571.89301037544,187,1,2167.295614611183
39856.74311254255,60,663.6427485097583,232803.8653881254,56,0,3334.283648217458
38408.90958966408,47,667.1960712022624,230572.92132715962,102,0,858.214736980209
37000.823147276766,59,811.7480277826708,369587.4509627111,132,4,2161.689579808234
22046.8857848763,54,514.5067744617162,275259.96844919707,151,1,2549.755432835289
35578.0074617237,43,656.3781575518354,225996.47697373485,251,4,423.6286101681608
26378.292522361207,20,454.57243276498554,168210.37406386048,179,0,3339.952161687515
30049.260574432017,33,812.1739270062642,258221.31061800523,60,1,1627.8851072577474
36289.15855697084,64,619.895543615237,197303.08022091206,293,4,3410.2910798676203
53229.216634594086,35,502.3700240003299,263153.1620256799,247,1,2129.1855087816243
44410.49451003518,65,457.2958163148049,235381.0918501312,333,3,3279.890319183726
30994.2796266631,68,672.7486915477342,360481.84356699785,191,2,1553.448213644555
38617.7413753589,49,619.1982967115598,335657.17389712704,85,4,2489.838175591691
41607.38135297212,59,797.1761863409083,261695.90443797357,249,2,2413.733986827491
42023.20526382014,40,730.8272829859983,170802.0280257125,254,1,3878.939096465767
47249.12840415839,66,602.0271899586136,164415.6327146711,53,1,1746.9736037030136
17101.29181433684,23,625.9584533506566,113817.98529441823,316,2,3516.275555397121
56070.297631662615,45,760.7002471050552,262489.22744670784,37,3,3655.98571131889
41223.520604034566,67,488.59753129994937,300438.3018461029,351,3,703.0230589576005
30182.572752196313,18,750.3962963974949,167794.4969396568,214,0,2344.57448724719
44258.356177766414,55,679.6142709313607,225881.6427768904,181,2,1936.0160433766994
55981.02420151746,34,655.0954136246897,275365.5420276025,272,2,2743.701603869004
42957.814050858,27,932.2514324329259,362209.2779594732,149,0,1785.4808055103415
41908.02329885551,50,503.71069821934856,289073.49236499355,18,3,2858.213599919823
49123.348885360465,66,676.8957349129837,155569.06720780305,132,4,2231.8415516000464
51365.8810048881,64,517.0228307181188,316099.01312923967,54,3,3340.198378050965
54244.102612454844,54,514.4039855655656,231978.8955920173,53,0,1987.6880924860425
45442.82186857404,33,630.6053129136947,283127.748787768,227,1,3032.3921092868964
55278.48945048006,29,707.5239517554159,58808.51348412464,105,2,2625.4840544707135
29245.53408711841,31,653.4746267119739,311616.51105613296,203,3,4470.659426851606
57264.27579801315,43,584.7529724095713,338402.48531500844,265,3,2350.398423162793
42440.253988034274,24,737.1818442272323,215391.96620933752,358,0,2527.7733554599686
31735.31052715729,22,671.6453691146843,258500.87117088327,81,0,843.1975327821287
14854.450858851857,29,573.085768087135,261959.8930270397,324,4,3871.7232289677377
32656.079377238337,67,598.3612855194584,196865.63665419514,58,3,1627.8377724849076
53632.32266633943,62,729.6936673854307,261242.42516408622,299,0,983.6618237780458
34463.39312507091,21,499.8038363613303,176232.50255246475,165,3,3277.2463983724097
36885.34965970134,40,609.648291723599,294082.4553084612,52,1,1322.3340184920294
47830.364525047145,37,652.043253880224,207680.91703889953,105,4,1699.8268802729801
36294.82199567252,44,599.7480373355479,324341.4761204402,315,2,3878.1213372044895
56124.44852962301,28,535.2950298943359,224375.23033461254,62,0,2776.658463876896
26365.034328043224,55,577.9132263910848,290545.61928929837,86,3,3299.797644345391
33225.238507885966,60,612.1556056606992,388213.0651863606,179,0,2397.11796323426
36231.288761701566,65,769.2292271629544,230245.99581526144,248,2,1963.0482195685836
34677.282714478446,19,647.6369171836064,251780.63078549367,342,1,3555.356956254466
44846.86408413389,47,605.4867129391845,259758.63739015162,176,4,1592.0364691231387
28166.45523590949,21,495.63193899321794,180791.96641446825,233,0,3634.7152087528652
34575.24580323117,41,799.9616045254525,367532.20621413976,57,4,2008.881984071569
38109.562610211186,45,719.6400493317911,265018.0940715149,258,0,-51.21806392015669
42772.959193964125,49,478.14606893347457,367826.2608737205,49,4,1384.1805631083753
38364.282720300616,20,738.1405211797423,231796.54004963257,355,2,3157.521082718755
30378.236175027312,27,832.2040234371375,190211.54101931467,353,0,2168.0194930060798
26677.408014920435,21,698.7739760697223,295773.7659608309,301,1,860.8390454538142
39471.648125099724,57,602.6769873196547,243955.70803205317,135,0,2142.644310627409
48495.68679623172,37,686.2222755773682,167499.14651053757,192,0,2796.0571652191315
34917.54638329471,31,705.540448506172,324410.00839807786,230,4,1269.404638765329
37433.892029485185,23,644.835306098951,408451.81309357495,13,3,4133.393172156492
34288.44177839307,48,799.5118404709522,279762.42188714095,172,1,3116.1137713663957
43330.17636090868,22,754.7697692820764,291986.84493298957,124,0,2219.997782249698
62135.88675379628,26,539.3654330986114,292741.7730098874,103,1,2195.1522294106553
36821.04738128584,22,496.45052536242184,130806.93541671507,236,4,3056.9709035767332
41135.13876546372,23,615.5287519727789,319413.4429043202,101,0,2152.808024724839
22707.97262631191,63,699.749141586205,257659.9032840497,149,4,1402.2000959266459
18130.178923991643,46,666.2717084956756,260329.48442949457,114,3,2927.2343199205943
31566.205795778038,24,666.6281094860593,258045.57534412935,217,4,246.89639676321738
23579.85656615307,20,694.8298079603132,121444.53348321699,321,1,2566.514340804303
41286.05128820339,53,692.1718247917306,301572.72912258864,358,3,2830.800416406553
53925.56405643678,51,717.5769257321489,171993.6905058039,252,0,926.2879948993759
50247.10617106802,37,805.3961392870024,231484.9933700371,154,0,1507.7566806751204
11676.918980481802,59,772.8851848873821,229743.24883681312,275,1,3341.5932123097714
33617.4915100029,28,672.477259299125,246644.65652146382,194,1,1899.782971118474
36052.54183461398,43,562.6697877075742,257302.508326386,334,2,918.239035796744
29432.57779410371,22,722.2346825709411,225766.69556798355,228,1,1262.9641834616339
29606.292452731777,41,631.301045862468,212428.6030419289,15,0,2336.151576345868
15701.026565462606,43,635.0958186434932,211694.80894762426,229,2,4507.263667693507
37545.85270707153,24,556.5940108943317,254226.32262828777,185,2,2948.2239528840796
33427.73538458925,67,868.6710321938917,260609.9102994336,51,4,2511.450720784655
24916.31031577385,37,735.0192009442441,389320.7994678558,69,0,4685.9809980565105
32288.17195249463,24,686.4255993160838,338853.8163802678,108,2,1744.6298294383705
28283.034450769766,54,758.9214433934552,198104.30576599055,68,1,1167.3294926936708
20946.46882153969,42,664.4523502922415,270108.87281672313,82,1,3672.9371181836054
29104.608679958546,57,520.5717543593839,198198.85906454545,174,1,2331.222259196675
57639.43557951421,48,578.8810854873464,330742.60740431095,239,2,2329.575145917608
39346.686221835975,36,672.3732837037089,212478.473082375,285,1,1911.7775796772858
24602.061671762134,51,633.705815347999,237587.9413886559,223,4,2290.574511701226
33618.065382330504,30,664.0704403643207,274175.4731950668,255,1,2222.8293422004526
12832.349763668406,41,624.3664188949909,152644.16667121698,84,1,3408.9133231081455
36880.85338325592,54,464.48488763319983,389352.250856387,207,2,3604.73362408029
34248.17893977986,42,570.7152915529756,226744.2166378524,309,3,2632.458766813814
36028.95547721286,30,612.6788648310248,295996.71256206336,168,4,1126.6229577927913
43998.481517766195,30,615.535829090003,239665.91849392108,132,0,2316.0478673661023
37872.0873211722,34,701.8061706010031,212151.5190500678,104,4,1843.9696296000157
20241.903835166784,43,686.8713216059166,351932.04365445935,353,3,1402.082394546315
10463.323713089227,34,448.5532971951475,261080.67335051738,45,2,1577.66759764396
65232.1208729251,59,735.2796505590597,282732.657107452,150,2,814.6828157722516
37898.97368978443,63,657.3117089358306,277211.85336603405,246,3,180.02822906657585
41225.835813814076,51,505.01847557823476,217000.67762138447,248,1,2185.7545270832265
46909.25737898449,63,551.1336990701831,243031.9962174469,160,1,2719.9087706898217
35444.70937761511,40,622.719301855631,327899.2012978451,265,2,2862.1641398262786
52299.54067703275,21,482.3828917990328,293701.0708647281,247,0,2623.865733594886
40726.02378541395,31,537.7062527440079,322477.9116650551,64,0,1872.763589072059
26636.660334898123,27,616.3340627378575,329829.1066802443,97,3,1999.6727812986892
23689.338304109806,60,601.0568252381237,218342.725477893,222,4,2377.590436450953
39135.43418466873,68,635.8179092493821,247087.1536636257,269,3,2020.2025814631434
30333.7331830987,18,594.1803013244877,296431.3125011134,13,3,2396.3501138998145
16743.594908384275,60,719.1292138582814,264558.9592673142,109,3,1551.0694251358689
37218.76273722941,34,664.1797917045386,233589.28331546552,347,1,2360.5497601932548
35274.1485023197,26,594.7700426292722,277227.7068526561,127,4,1630.5218580951444
39314.42040570467,24,559.8520312882001,223593.48017853504,217,0,2543.2351009488307
33306.17911182981,33,462.0561429823506,240243.81560229656,278,2,3553.070348624556
51104.93040220933,42,501.5000416133546,282077.4789619789,249,1,2985.6019719205124
45927.93425163576,41,671.8736436527325,232935.0132357809,256,4,1945.483882220121
46775.1295451744,18,540.1351092505286,243628.04235256542,162,4,1795.295563250176
34327.40297297691,50,491.0336623272144,182568.72556910216,15,4,151.18720711396472
28633.83393025359,25,736.9618547874686,26191.68659055418,85,3,2412.727682745185
32350.329516913116,29,571.5640039448659,172077.19301359679,43,4,2676.0029073699484
41986.89658189675,43,800.402497200597,351128.1888622393,89,2,3379.230215473124
27050.89719353585,51,687.8554377519177,124033.85027745231,166,1,1150.7007454495413
31530.11126347089,53,779.4984954963668,272122.81466315873,324,4,3073.9772093973124
29784.894916915124,39,780.6337507655942,257424.44138597147,67,1,3378.6590157395717
39091.343736877774,62,521.6363990900198,307967.23066918977,91,1,2157.5634722804116
37364.17886981886,61,743.8804979539196,319311.6584433986,141,3,3395.9289756094036
65221.68914805196,64,487.7378127484484,216790.5745780946,137,0,3114.0075268982177
30925.1913604027,51,638.9632431493102,349270.4641728745,229,4,2524.097065146913
17557.155901138336,61,499.01909831744706,291901.18140001816,358,2,1936.6253385673554
31129.86177268729,68,650.6805763446372,206388.97051477438,343,4,2140.522497246489
50244.76202965574,28,813.5071855305353,262731.8611915123,303,2,2957.2599879276754
39484.372722134765,35,582.5699369288412,283010.45336166397,178,1,3222.3538805629123
30222.22512214247,41,703.1750858769985,367821.4309302128,274,0,2401.6364709325658
54589.477051847076,50,714.3611402595601,274489.4110081507,119,1,1653.419033781421
48546.939839804094,57,619.585496164546,300761.568317855,359,1,1897.4986734212634
31002.657544742313,37,553.5663026381447,175717.61398178677,13,3,2846.35721289394
41618.32205981861,18,532.4847950760081,275103.51272713934,39,2,3398.9183463274157
32751.293118652597,44,775.3306536565423,365033.3746912455,310,3,2928.2762944383812
25045.283482220144,51,664.7957969821034,217729.40981378374,220,3,1390.4391445398549
35556.210556743754,36,644.6841058877469,221296.73104016922,190,3,2672.6960897288022
33880.82795335729,20,547.4958354761891,380370.326410509,177,4,2183.6466186438515
37609.62736044247,20,725.659253405969,282389.27449088293,43,4,2719.222252539417
29457.372630233112,26,661.182401556567,356337.39799159946,342,2,2158.5881522187515
26250.945371993508,59,638.701700157631,218190.92196420432,39,1,3053.3595970524625
34913.12019973169,64,726.4396291647693,377158.4824498807,17,0,1070.2202679428437
28972.531334518186,40,794.7019598452421,307843.14593151276,280,2,2399.4422758378264
39293.29514388853,56,679.5742195672867,393574.1852046989,343,1,3501.452033949965
30516.00807251184,39,449.49370541116144,246295.57640954707,49,2,3257.033332738602
34857.75030698738,28,671.9571706334931,209467.87875425525,112,1,3471.3686669151134
27532.12472108772,47,696.3227724770204,285560.9457866251,128,4,2682.3367945997347
46815.82720160325,18,645.7785900119577,341062.59781245183,14,2,2628.9965319649677
32810.83866823725,19,555.9167971272334,217301.40455914114,204,0,1120.6526904629961
58396.89977739511,48,646.630109300709,267279.2259986934,203,1,2515.930245990083
28191.738965169752,28,666.7633227226216,242145.1285654231,29,3,1433.5274777229263
47617.45893869485,53,555.4059637585955,219293.63196819808,106,1,2966.7922469624673
20479.308970491467,63,618.4938164286289,293205.1215876162,159,0,2279.1961887391763
23611.403580500773,40,704.7335470387985,281135.8725742647,53,1,2623.5131283606156
31852.2137451326,53,721.2694073250658,243474.77868549456,64,0,1590.869742216147
35921.93208516966,54,664.629736294075,206155.98453064525,312,2,1875.844623777175
18134.134860285005,43,698.5584443952397,263507.6528218392,320,0,2162.3319060980325
56458.47683993613,39,568.0343407792682,264140.99361249985,288,3,2666.7255934918403
18855.20089371448,49,814.6340870457539,324530.43723167566,316,4,623.897092409399
31016.588358052064,36,828.3900004324435,240925.2427814895,110,4,2887.0482310867387
34338.47928609347,66,800.8781990701353,256915.52024882994,142,3,2490.0040452329445
37227.608091812115,19,855.1333236658664,266834.8781751114,315,0,2291.8264090953935
37982.57155896522,61,736.3430182247934,370366.557269885,95,0,3224.0309353704506
37523.02501139009,48,524.1341568047726,374519.87926670373,100,3,1888.7210400333634
58176.83076688608,25,648.6362222880724,188948.21656884428,331,1,3291.317767195264
23674.99492651214,18,763.6899034630227,264572.72053638013,117,2,1568.4772977885045
43258.12949804336,49,714.5284308410685,196301.21909888482,206,1,1357.8397509696972
53791.91840613128,20,671.9908560328461,294696.20111918764,146,4,1025.1676320953345
42508.685359477124,27,673.8010842545079,310418.86654841044,38,2,1361.9922222554935
38007.991915107414,52,613.635651889517,243661.1016315341,79,1,2614.786827754254
38032.419201249024,42,513.3997454684386,232255.1019399446,61,3,3255.0928064433715
23676.774794642522,58,663.5152468649293,397342.2245695308,312,2,1336.07446456621
27511.10592165976,20,693.400669727434,239818.7848606561,56,0,3319.358305893656
35547.49240971297,65,741.7006513750891,269547.7115473981,255,2,3164.243636897713
46084.62255997955,49,766.646478394535,306647.4101622417,29,2,3612.9929931430524
39065.78614191821,29,473.28262617793644,321418.3051908052,341,2,2647.7540195819006
46729.74466729291,37,598.435380187614,161207.0263682556,70,3,2792.8593333123085
29910.374406848874,54,702.8328694488825,159873.51289687495,20,0,273.6614695198699
21544.31268397722,57,704.9459825692793,279688.67127007124,241,3,3334.318573631921
68842.49881013128,52,686.3554273387739,217463.97840475448,320,0,2510.734891852879
35776.94788571885,46,542.8209663155767,238442.7299621395,32,2,3021.402975237989
47006.91300941732,27,694.1721116345767,216837.97609470287,37,2,3280.209320284091
56815.13118608932,20,712.6098974453387,257535.48315323543,263,4,1374.5764302877872
38824.705364194786,26,698.7172309405315,311952.30458200845,249,3,1241.5707978076784
43906.14902079651,31,632.3002716109684,203022.71458520144,174,3,3663.744623335393
24715.1891202891,24,631.152264704078,358397.1619914563,307,4,1379.3481211259107
38112.82033988599,41,633.2921757560443,285839.7741306497,163,2,3863.050274310099
40002.604784674484,26,702.1972959427559,310301.7559457951,138,3,1802.6650107262478
15139.656466609216,65,751.778794631663,121641.07471338758,40,0,4099.747858546928
41154.23733725179,68,657.2810714450203,297296.2812261069,97,0,1969.7524576991214
57413.15665671621,62,530.5385263673497,238448.49100788505,90,0,3162.208952476343
46367.1184541027,68,654.7691987297443,364523.33336364734,322,0,2529.5025084416807
43111.77518629518,69,870.2176133142609,239860.9634105565,71,0,3215.858826433478
24226.223494802707,25,632.308914850402,256108.22847527338,160,2,3691.453569867941
30955.142521226753,60,659.9457436590952,334605.55129716714,42,1,1476.9073821569318
29428.031311997456,22,566.9407127082054,215249.9340230958,133,4,2079.7123871508093
17328.08145133011,43,665.086227775478,237918.63094756912,73,2,2910.801035085152
35842.94282568002,45,566.8553795199903,147137.3051023551,79,2,1865.7169905038484
34471.88663062095,36,741.3696197249152,266800.726605836,237,3,1203.1731251035978
58483.53499670202,56,756.9816722391831,294759.72114930983,276,3,3105.522323453167
38655.61076369346,26,624.3580607633958,354481.08834411413,141,1,2540.689900089944
28530.33867521958,53,711.5402155758138,230115.48328160023,223,3,3086.570231525405
48281.0525308036,34,684.5792867019461,218164.88119199593,221,4,2246.3987485176785
38286.899385834426,59,523.7959553457312,213710.74014537883,294,0,2219.7248154798867
46156.61626935229,69,507.69291366596406,276819.62210296514,37,2,1462.136941273053
26347.593285891475,32,675.886241520389,163902.13048296902,37,3,3221.294740473447
38559.121703093406,40,615.2437521394509,210525.5962462816,243,4,2022.2034212268568
48140.50673792992,36,760.8119160586086,163681.0073131177,53,4,2796.582907986823
50551.38418274501,46,742.9146712131765,194716.8404308164,266,1,2179.3561064468336
29631.86995490967,55,414.70533021508794,236666.92919865687,226,3,1533.3458361333885
33031.93198140042,69,606.210860085262,303162.56146916375,312,1,1455.5491811114794
32479.53957916863,66,788.7779988239154,185336.86602661814,153,2,2936.7127965096824
57155.79941485277,63,690.2697211947732,108814.84812964589,321,1,2353.2368062471646
52228.052641115864,39,619.7497449581288,237638.3590308045,263,3,1799.7441964957327
28261.88482874042,58,490.26041670498154,303946.35205110116,205,3,3643.978410821021
34179.96606809386,50,621.7639636356014,228980.41038465235,173,4,1317.6872499082028
36382.0744335316,25,728.5579307178921,343670.97272668,35,1,3849.0577632741215
47231.470480810094,29,590.3226763304613,337182.9053273465,350,1,1493.7487598550538
52743.99653352515,32,637.5008458525865,151919.47493259038,169,4,1730.0382001965402
24707.787857311545,40,638.2561545576012,180059.13106422502,48,3,3204.4965202476756
34530.697641688865,35,504.0527276634058,264475.7757206104,168,2,2080.542670478755
32100.710661809644,69,771.2120271363392,292018.88635369437,333,1,2598.0042732359766
29056.360738172276,22,643.8127300078877,307587.0402949436,232,4,2224.2360940752374
45260.332988133174,43,668.4654108381296,274470.67864509614,137,0,2431.782053880756
38185.28620618671,49,701.7321328262004,197613.91696240386,24,4,1186.4563043656194
46543.755525226385,60,703.0153203069324,234186.32171192093,69,3,3580.469350650436
35438.91621528022,55,558.7645430351753,319492.67413350556,349,4,1781.5691807521623
18418.396901152842,43,684.5081408138501,303000.417898946,238,1,2015.903487405581
49075.841042859276,54,741.1266760540994,100762.28405689567,299,2,3182.5703549772115
41567.2213441217,21,669.22899989233,298952.7974266729,111,0,2021.4797689432128
36297.08154805492,23,813.0071946433198,300531.5335958802,212,1,2270.5377400986595
34966.20750119002,51,550.5714900599667,290714.16829593835,121,2,3304.2895660247364
20759.206295941116,30,557.8128383133595,159384.2541757187,283,1,2835.770723048184
53844.35891239518,19,710.3722231803837,343175.61927299737,95,1,219.08241531438824
19521.072950110753,61,722.0160856231331,178383.05320646623,101,4,2237.0209886163752
51083.066359641714,51,624.0611416497355,339963.4825527721,38,4,3490.4134426754954
30349.580806627524,61,800.2491374763396,231300.18544424014,142,3,3665.444695753932
26157.161925851346,41,781.8108076324946,317278.3363595765,330,4,1791.441822896795
50034.93163437817,26,656.3387953932873,276336.2659261596,159,0,3261.0786015125386
50969.44724300712,69,837.9240814475747,184655.9616293759,358,4,1663.5429416658333
41535.97065049854,42,685.942004390573,149521.6174810816,77,0,1400.2391657470596
11726.678473666068,24,630.3087571008416,221450.5893628016,39,2,954.6640639542054
28457.032422280357,42,679.6812951909359,299929.47254317225,255,1,2221.891460016773
36324.64385751412,23,712.0837011938461,293167.66606681235,318,4,4033.2708115003425
46879.3234267652,53,485.8580781942887,207803.3924412302,125,1,2272.6657317815257
33907.05611347689,32,441.00126888421477,346747.15374393767,17,2,1323.2896560855781
37720.07622198755,34,638.4115793870637,273571.0382134063,28,4,1158.2872832190174
58765.47607645164,20,627.2437237373833,316601.31248008076,340,3,2876.871905691624
29729.139346717577,46,639.5572612288822,108069.87774745653,93,4,2650.691418918101
43498.92474117274,56,651.141631072222,330706.0954787116,95,2,1991.6446620852028
30611.842190311007,39,547.0272924092261,399284.74178769655,33,0,757.4194532070893
48532.04678118292,64,755.3289326656494,216879.3839123683,250,3,1100.6831891516294
25902.0113370004,23,769.7725872580539,267930.3776604346,168,3,2612.7363284616854
26751.574563478294,20,877.6420071456188,169382.55223811715,277,4,2653.5490880513303
31606.460601176055,34,729.2983652352518,198494.77713267528,322,1,2454.246745600423
40765.1941470064,22,471.6535646713403,171043.0263359632,89,1,5008.523924932309
68692.8364685855,40,944.6019386883045,174723.15612480597,332,4,2623.5027077264094
31260.92681853495,29,723.0129513509648,237888.92484945926,79,1,1512.1188190616774
36197.87089504496,20,601.6552464491092,233290.0953992006,308,0,4219.029977810182
34710.11896614246,58,525.6220047990029,283555.68864737515,23,3,1572.044708833583
51976.77207653218,49,453.32783032699956,183379.87532524555,102,3,3305.4978430247934
27401.17964774547,41,844.9466568581646,228660.6726191213,287,2,3493.4458362008395
28026.21549559048,22,548.8641559884607,257056.61774054522,250,0,522.2576526933746
43988.20162751224,61,691.8421107625211,238953.3241003804,87,3,2484.074154380093
45780.64959982208,33,760.5797668409214,288895.6115635137,335,4,3476.7985162085547
20307.28063591349,37,686.3575334065167,301488.47588343284,333,2,3860.2159529745695
39783.79970151656,68,580.8589853866204,231381.3187480058,51,2,1482.9642675888356
34577.497578758455,24,786.4043945427977,65039.50759041809,19,2,2154.332480271373
62196.4634805875,32,730.456662813089,304618.88041993236,99,1,3277.0719048032784
41772.44979127371,33,594.8667281231068,383898.7070505104,119,2,2920.4735064265906
42076.5304379211,61,585.9974583255441,265646.4354985297,231,0,1021.7348037955002
54475.36761021456,53,706.9089634569762,279953.33078823995,220,2,1596.7350374648051
39782.33887004043,61,719.6633508750856,400174.86382800434,218,1,737.1289734386988
44226.46327983003,53,663.3170712346571,288700.5255544771,239,4,2761.7835906328223
43127.70982345813,62,603.9051812645533,215231.64678117403,223,4,1078.7652946530543
43532.57667965228,37,629.276682956777,194883.42845535543,182,0,3877.592510711113
46170.26180074778,52,629.8845623437675,211588.83918024693,55,2,2396.1904758880105
31075.868792035413,38,646.3433163157531,350122.60321642197,158,4,2028.95680151946
20637.83756088973,62,821.4432478597338,332871.63995297544,56,1,2273.723768792588
44870.31593666558,63,542.8547192172545,281271.0925802965,261,3,3477.238998597292
57690.89479464608,36,737.9395714109128,259247.41060480062,63,0,3191.0701789032323
34007.36284493879,48,562.2901845357723,189753.38607191705,129,3,1508.2879466082672
41294.010029560464,23,666.8185121670418,292283.4614113213,117,2,1966.8499356960092
44215.199130748384,35,610.1291558677988,54467.58069163445,272,2,2730.4633166369526
38923.87491462785,27,561.65987692595,229614.35849751637,48,0,3782.1693891679615
21638.6541900225,29,679.2786474300112,428478.6617222562,233,1,3052.5536814730026
51785.52399619862,40,564.9586689688404,88724.03503906088,260,1,2518.7900730717743
49456.04545247245,50,549.836533477633,305055.7401471804,153,1,3303.5282737584193
60453.772252921095,41,665.3750265642702,266829.09179153084,267,1,2618.0148840837765
32858.940466208485,43,725.031845434313,237279.2000918501,231,2,3325.984886936653
30734.48742490384,32,721.326026291969,324658.47520893347,265,3,1152.2080391413242
27680.830016905664,33,650.1474171554211,279120.79085024714,190,1,1592.502835994676
31816.27727241675,45,762.928265179794,231247.5734917232,304,2,2765.945061956488
39537.5875726815,50,660.1241611876327,101350.793647104,98,0,1340.573299450559
49437.412388760415,33,898.9486420425458,261493.06786253434,247,4,1888.0649760097565
36912.642346312714,26,846.863330569798,291974.90642442607,289,4,1840.6694159228462
31233.125791808692,46,824.5392709043523,97510.80401288837,88,1,731.5274798992629
42360.377367888315,49,595.7973604131786,176284.06456580563,281,2,2378.555661346293
31575.365484331996,31,659.8824511567029,312535.44962448446,63,2,4567.969968451733
33651.50064948999,19,698.9489557312244,186329.35461159307,114,1,3880.8714198583843
28182.764657475906,50,711.4500605125944,336521.19821469655,172,3,2118.193765158878
34930.526980307215,47,661.5208719176431,232748.1789350325,105,3,1402.0267550091414
44485.66679390425,45,682.6623382326296,235884.44054109027,155,2,1975.6008355981153
46695.303903640815,59,652.2306935003401,391838.36061011977,14,0,3455.534012508207
34910.823751132506,54,736.8176646890279,206702.87339904284,202,3,1559.3518115881934
18782.596683942087,45,678.9834008952879,235785.33652405435,54,4,2229.940879459833
35860.22039755507,47,751.6305108424415,372984.95473440166,133,3,2506.9339336338294
3563.067821376024,66,717.8930376715876,313743.25381583365,179,3,1788.7413520076348
52062.33369439662,43,722.9416618764835,216881.15644902835,264,2,1080.4160324079755
38403.6241309132,46,847.882551530321,148327.48959282678,22,4,1991.9041295094478
36063.88508135279,66,525.7159057488797,305204.8605647701,284,1,2495.6198445097766
33362.568885780376,28,644.9711108646993,286135.1651001794,153,2,3209.5881572617322
24943.98013073455,18,669.8039420564754,253276.14414651215,332,0,953.0759843168245
40074.04882610204,22,602.7435916820573,257100.2495675991,198,2,3600.608282626445
40969.128326517064,61,649.3462595020687,241233.074328654,103,2,1855.1579589936869
25505.208859467126,24,804.352426726324,222626.38229146908,288,2,517.8271310224559
34085.54836548812,26,643.3157974677822,100175.65423289096,328,1,2397.6239762696982
51982.48546358487,31,821.1622312097757,190617.32370661467,223,2,3327.907072095215
49937.37217822985,42,670.0296254510573,289409.16704287834,327,2,1139.182559724727
30468.87613876439,27,903.6750113109033,238892.20378772623,29,1,859.1871048759084
24189.59392034474,61,555.6564362643362,355090.2325431751,59,0,1778.3212921976558
37002.617469682,38,630.3638602437435,290517.95418790064,65,4,3187.400083456138
49529.2838617861,47,740.0323206955877,262825.9619678219,304,2,2492.368290025688
51575.673989959985,21,690.4940080831425,288974.9414322137,263,0,1194.1614873868111
27646.800638319193,25,760.1945249411799,225356.25642016053,212,0,874.2002945311111
43966.66196510203,65,523.9679240477697,121229.38083041116,273,0,82.39216656073658
41866.25357576512,33,628.9342057748067,380775.0424615611,177,0,3031.139445356284
11469.015795657788,58,604.4199984166222,274349.1478679238,74,3,2913.919873092115
38070.159445883706,32,642.8967505291032,333752.7380869793,28,4,3150.3512940512023
40708.7222668327,46,645.3317864254336,305307.5178661663,40,3,3341.328839098621
53668.46303639848,60,677.0874484333661,291203.13196938025,309,0,3443.054378291434
23597.540475254646,27,681.2316418508377,251293.8046197137,193,0,1024.8667922553002
48039.29676424441,40,579.5667676219382,109838.47652817382,280,1,2402.029163381788
44629.128433706916,23,737.1818921569936,324341.5394935039,205,3,3310.5122094568305
27934.605716077953,20,595.94512461256,282279.8963697079,141,2,2633.4716861218635
45544.74975862674,67,583.0295656185062,216863.7277842194,357,2,2703.5804526463717
15719.858614951856,64,636.3271894980122,319595.53922239214,197,3,1859.196009118196
38111.737295564424,18,763.8362913835343,228659.8613535763,141,2,3360.4980911107746
41734.66251177459,34,515.8013836444784,219718.13891677017,88,0,2281.59040233268
46940.696726393726,23,496.27970549383497,206884.66001175827,121,1,1341.3453103733639
61507.92881819984,23,439.77586720849376,324686.180956351,210,0,1729.8233299730828
39497.470522088166,67,648.2680842785053,313490.2407668687,331,2,3601.242032512624
23664.215762858992,38,704.6351655095735,265572.0750213706,92,4,1872.4305143172494
34030.178558632935,63,578.0172869567589,265621.818540789,46,3,3283.2129854002656
17029.580398664788,39,419.0779148304328,338739.22072583856,328,2,2653.865349064426
41198.46000875334,19,505.6221122310219,156408.49174893682,141,1,2370.094005461536
68821.48629636358,48,736.3618380759631,314365.15752849117,314,4,2793.0830852987574
27647.082675130758,47,629.6207451335371,169275.888492813,96,1,3572.9722188076107
40235.7465306268,46,882.9239785472635,244335.37892391483,166,2,487.7556466527082
51804.00440694614,41,655.4115075342824,327367.7141218158,354,4,3392.71075909283
50972.34294676207,42,545.0232919434682,339166.6358255948,168,1,1336.446945520871
51259.34547560486,55,682.6588163283022,218504.98586621118,287,0,2891.865017815741
35153.62999743274,52,588.0049755905986,280302.907907386,25,0,1797.724464855499
21073.668776120227,32,665.6346556232384,262793.0121369143,133,1,48.510824753329054
27784.241278708705,67,578.0270101762148,299617.6546813324,354,4,873.0183315547172
32235.285249237517,60,631.90756160524,321800.1232655577,197,3,3539.4445407688067
21743.459559612915,47,554.9968181396947,273246.6479055449,264,3,281.53697086592643
49813.79442436843,18,614.7043668574719,247477.0150877033,318,0,2937.3896443548797
9072.834242899178,38,605.5469921796675,246870.423358812,153,0,1445.5916715429266
26751.096162795046,50,612.5511468826384,265736.2531541822,141,0,3295.0227932030775
47087.95891185597,32,488.841752698495,250839.1976292182,209,2,1956.0639611056704
41985.08449926713,43,656.00068179204,211341.32563067568,266,3,-82.99908491072783
9236.68580816167,20,746.8376355626231,282674.1033500279,207,0,3755.538994444162
23693.618583663523,47,724.8890694131846,181214.2708305426,189,0,2562.657321255186
58991.96138509284,65,648.8522566785857,320022.03430434095,37,4,885.0035433544991
60125.50093985975,61,654.1808066495882,251727.53096996914,14,0,2459.2906717210444
31580.18900123342,38,602.06271828644,325304.7998711044,171,1,1937.4874112575158
38562.4409046922,30,416.52818945841636,304836.1984364285,171,2,1578.0264287194211
30585.22307350574,20,843.265493932317,180112.45726478408,209,1,3262.4754444748355
47854.73612304761,30,613.8765899215805,282050.58947778173,358,1,3064.836646044551
35076.03305101279,65,690.2796273456166,127363.81739202337,209,0,312.0110677388108
37369.440688463255,28,704.176604795682,78688.1331115791,121,4,1643.186921649618
26771.322599024512,56,595.6564101928738,237663.91250817842,291,3,4793.539781601158
45391.6882758247,21,667.94176424289,256128.33398625106,24,2,3031.9071523721523
45139.359951849256,47,696.9612374135475,265428.4287735989,53,3,1681.0982414141433
49786.75299298027,32,707.4567609724248,290524.7584285714,27,3,1565.3497601836882
17420.59131412556,33,656.2519371403265,287619.4348146461,313,1,3339.9805293359454
41499.76755295709,23,636.4584226472392,194149.43275049978,37,1,3224.4349679095567
18738.573283806953,36,646.3157084887862,281058.58568349376,215,3,1458.4417238163003
17468.38952995629,65,557.472827315206,275161.8944129511,44,2,3073.1485741497145
21747.089200597085,44,521.8271286036963,194293.37021640618,70,2,229.2209493098495
38264.972470988636,62,660.9882712414873,232189.06923963252,70,1,3708.981500762608
29528.59544860231,50,618.4727974883983,161777.912703426,287,2,2597.714449985389
32612.8195756082,66,699.5669813850246,342422.7047203227,181,3,2906.3943973137402
36522.31547268735,42,738.2165676819575,253686.10176221616,227,3,643.9947480623368
25709.8366444982,52,703.9675943804731,211720.47282170702,274,4,1557.9613408635516
31867.105050087514,41,810.054164641749,294148.3155841855,194,3,3164.4434479396978
44733.75594232827,29,640.7620096273185,293292.80442612857,84,3,2650.8092756931746
23736.42330723215,54,720.0382710670517,347576.3159363468,143,1,1792.2102982104172
42163.03609023886,61,682.8736837991854,307413.61483140255,31,2,1381.050009859752
34282.333983464894,65,694.3286916478964,282716.3780008294,247,4,3888.5660966418272
35574.807122258804,18,715.4025530733319,229699.88379593007,350,3,3512.535072234365
34986.32012486359,60,500.45593821169825,375858.0290083911,59,2,1172.2465101455332
51849.40899013492,56,685.4085017263149,271666.77101414313,117,4,1354.5546411028965
50921.58426361236,54,809.8568183858301,245114.01302496676,249,1,1503.323987679188
23360.899343571546,51,719.8774707843722,375238.72521873296,307,4,1192.1582809196411
44954.14058804497,22,684.8560548009635,220486.33898572667,270,2,2670.2109196070564
58385.77091706701,30,780.3291172554748,338188.5934035971,87,0,1625.36729665981
50510.13356879087,31,541.9601987778587,355943.96376679686,226,1,1352.795454091085
50811.58543519655,22,734.805703454734,337246.71500134276,313,4,1959.2402698782528
48286.46374412665,52,492.6190146767033,211602.44851338246,117,4,2209.6113405557385
49349.45935398455,31,871.5434660010945,289075.53751374467,242,0,1883.252750653938
57689.06486512256,31,705.1506290833593,202497.20789876263,160,4,2926.8354182365806
29869.245291415922,38,669.1648387404896,317349.16756915423,186,1,2117.2416681548066
35053.6202173678,42,811.7300161221965,239214.15662243965,87,1,2091.705950413725
26394.4887276074,20,525.7113888203181,291361.8383244018,226,4,3737.939585622786
61810.594802479,54,638.5044875883411,246458.91149244798,48,2,2942.0046415755114
42697.59721772166,65,628.4336645311305,245280.26154715783,320,3,944.6640530192603
52120.967201611966,42,448.44346644564075,222464.0511530619,96,0,2327.4215186151237
21078.08713772854,30,549.8382256802138,321344.6460903567,201,3,1802.7486793172316
43014.39094893742,65,605.3812825495777,214858.3443973454,215,2,2322.1794914466714
39449.956011029804,40,672.6355203615644,221104.3247436954,20,0,3464.907971242152
35870.884037936456,67,615.8115287784004,292399.2059630193,289,2,3908.7118471092094
47476.397965396354,23,728.8390310498647,272077.9142650711,49,4,852.8466349633501
30901.788697962416,61,866.0529517999214,320497.6071305035,15,4,2769.3009864343408
28832.939544860845,45,489.42947595465944,388929.57682971685,122,2,1036.902958235338
22362.09957852339,58,639.2988502639565,271686.5932282266,164,4,3700.742796057717
28468.267339978433,53,512.234087680006,206321.69546481784,120,0,3318.06422989207
62927.64053220924,20,684.3866742577771,262409.87317318143,85,2,2558.0376545998533
28298.091616362915,41,617.0399243874855,171516.4278984807,171,1,1398.9068182976323
26770.130971143455,31,739.2331824791596,298826.9910763399,340,3,1507.768186404952
32343.479139116513,57,575.2375219869785,197119.96150563174,46,3,2674.8884493945243
33769.18581649065,30,665.8841405739973,213400.4948214299,332,1,2068.480960039603
31151.559332706383,30,725.2959266135313,178311.6990539161,137,0,2456.6708764320088
24672.716242704293,32,732.7285159097116,214553.97094207135,122,3,3353.2595362083234
26806.095640592914,64,656.5118083018275,284877.9820335126,62,3,3647.050545077433
51308.795495620114,30,692.5609264068462,334170.050278839,72,3,3939.6522408449246
48624.95655267898,29,770.3477991466414,148843.94425760026,289,4,2033.658877560868
25072.354547789233,49,688.6929236572599,320730.5472396523,263,0,849.0084875260109
19991.000204585325,67,694.2141352018778,355648.2302148945,289,2,1613.675058559182
48958.70399056709,41,561.5291736117609,288281.92501568614,114,1,4058.8493681633695
21076.66831913191,36,648.8516960001679,112012.82085292254,354,2,2467.35318980697
33334.325765887326,66,723.3005674100825,285299.8711996871,171,2,1748.146225579675
41168.86619950774,49,692.9261533112409,287874.65860562195,238,4,2756.652679975469
24803.158688217347,31,618.0917790904242,188568.47425195912,162,2,2062.9984832476216
59135.08763123327,36,433.8285805252675,161859.7425705559,299,0,2775.3266331776035
39599.238034338276,38,534.0432266530977,362757.8255922164,60,3,2061.1286067151605
29985.882989135003,54,599.5390823161432,276649.71812916436,272,2,2847.5869196014146
49037.7092277904,63,800.350538853826,150252.55856582837,340,4,4405.875775050232
39130.898746352526,38,808.5134955439685,138057.93363237721,135,0,350.7590914479292
33067.06227384372,60,530.171794449986,231338.97059614223,94,2,1937.27377834244
36413.003139972614,57,600.2008583570694,385057.96080410026,160,2,3969.1444843923787
45648.765608455105,64,642.243597070575,234988.33839786457,195,4,3643.447823547293
36797.15395909518,59,621.9264490418203,268479.89294612495,66,2,3640.8602401544445
25940.647445625207,59,633.4231488528225,216229.54854241395,298,0,2738.2303648889724
45443.16491383702,41,555.161895731816,268040.8635654518,283,1,2785.54893799297
6695.705367811122,18,643.4828501997574,183360.9768850047,99,3,3841.820648498955
34455.019471164436,22,675.5993778412522,181000.63791536505,177,1,3310.403072053448
23646.617601971928,30,558.7909158127928,338244.26649168035,198,3,2071.950358925226
23750.523702369774,44,691.9473367907092,333882.845305966,112,3,1976.0552430926618
17132.413921988194,21,685.432878808037,282019.3797381293,352,4,2671.025659544074
28808.383203314526,59,612.9782853154314,300451.4326263075,36,2,1135.0768110441145
42200.234177911596,68,666.3228882304664,283253.20466607314,207,4,878.5371434580549
45126.98343727848,67,473.9851794889386,207136.8730279687,264,2,761.4306864244237
40308.5068654644,49,744.157800499195,318497.1404860452,306,2,1748.5717177929769
29887.44559384812,43,604.7298301454791,336463.4398541535,46,4,2181.0693933277166
28080.32467209899,65,870.2308212454799,220662.09700796872,97,1,1408.45845914269
63310.65461362703,51,700.7547313006756,227672.80671477178,271,4,2722.7713732484253
48905.11883912207,45,758.5915870681072,307993.2813696035,259,3,2820.644698181251
37070.1145672977,30,614.0437413686058,324882.15946364304,115,0,3141.437357399957
34201.22757977649,60,632.2588853851835,297522.07423974626,47,3,749.8444486669474
47999.746986136575,24,536.1007676390864,197035.270681865,38,4,2234.79866686369
64133.830188797205,58,615.199971789211,279949.1508031553,344,3,2308.2123274060923
36381.236163878115,45,733.4906900177635,361580.11247054825,181,0,2755.1995770144504
23075.164962895804,53,477.2668766742381,260325.00578974068,20,1,3117.496203236058
41766.94727923014,36,647.6559944844112,194985.56472809418,267,0,3993.5664512992266
38898.785621645184,34,704.0157447516269,211327.04289025097,312,1,1561.429414796745
32146.38890483137,52,604.5266199575888,328297.1820847983,65,2,2062.622732685134
48346.9659111681,55,465.62444980963585,284628.6094195465,338,2,2374.1103640392535
40453.32744842378,65,598.1173541940288,338153.18255199783,277,0,1548.2219873956917
45938.288631185,37,747.4832184787874,272496.69732048316,85,3,1991.2177085768783
19654.876472618547,26,658.0633446715881,260764.45741074416,34,2,3059.1350494278354
20086.86142729145,53,743.7048300250917,294840.32912302413,69,4,958.9635490885147
48567.775466799074,53,741.6025218806096,323680.02919335087,136,0,2142.3611171876278
44314.37402823071,54,513.5740943682712,378680.930699198,311,3,-327.98072708389265
19979.977579456776,39,645.3930524294844,277988.7672584859,281,2,2306.5725485355083
22738.150206906357,36,591.7133832000602,274266.0341515885,257,1,3503.198145718116
35120.393495546865,32,685.3154421000255,293249.937805364,219,3,1831.1525906940233
45828.40668600586,50,484.08185864711044,308893.6536196475,217,1,3488.9826276503363
44184.09518788898,66,720.0192988164922,248575.7067456518,23,0,3331.630021939932
37085.66459641175,55,819.0438587356606,331583.5342370544,109,0,2514.7336973516817
41137.99334313001,20,594.9731032638667,199131.69995436666,33,2,2880.932788519038
45865.60692614307,34,715.5373399869557,239979.9162549369,31,0,2786.999047472352
29213.321068804777,32,797.0630339119656,280454.55852631084,131,3,1812.4340146052102
31689.703353306235,62,496.9699936153924,227547.49581913132,177,1,1309.0455044888538
42660.48449354885,45,626.8517061740532,306350.22635856667,69,1,2798.863230365528
34805.70465016961,58,633.6254520229332,229068.93177268794,185,1,145.7394857498557
37118.50233412745,65,587.31477912879,262398.2066976732,212,3,3496.3771599132738
29239.231334169446,53,542.8160682240124,418310.3735559514,279,3,2844.3248893626583
52334.98186012947,24,647.4449783536152,392479.8009750703,163,0,2657.830217790386
46480.19098353158,34,739.5366976294804,294066.44945621846,141,0,2967.50914038816
60697.785844303595,23,570.3839992115531,355155.4874337262,254,2,1013.1283092546208
50904.311781952514,26,494.1718375527466,198087.35211854483,255,4,1741.161302770121
40516.78203626194,36,818.1331260417804,250168.33780971228,138,1,2730.764761714332
39317.90011776695,49,572.6861890871987,209221.17887924454,32,2,3539.37220934979
49919.01929816784,48,690.1837696808952,216449.49117902952,247,4,2869.985846168477
54889.70815424559,25,773.7605981523996,193688.89055431887,257,1,1461.379865669893
43990.2008230081,31,777.5045874624101,210979.9141821587,193,0,2331.6160319003975
29416.354961190846,33,593.2221124048597,168614.10741858635,278,2,2555.695668428212
51753.29568371139,32,727.3553203218378,262148.5805176512,242,0,3012.6170106356562
9841.00843021708,21,690.4903945363199,164170.97773467266,75,4,4487.1170591970085
26566.58186438104,43,633.9636498008375,343508.41636124643,216,0,3076.7369804987106
34487.26569749744,58,781.2451179291826,262324.30118149036,77,0,1561.6114342069723
28752.85507224336,53,342.6873605217447,315686.7072657716,234,4,2798.2724146223127
26944.714826862997,49,641.1441456316584,338153.11691881093,126,4,3320.668475678957
51745.99778311189,66,710.0314035232703,324779.492677609,215,1,1344.9946929886462
46541.33401181717,41,715.8630829661779,198712.76585157373,236,2,2883.0698736055006
14084.998327504174,49,554.2349342045529,266474.1757634094,27,2,1353.3156705907404
35361.490700014736,22,576.764856462183,310339.1051226933,303,4,2208.0045253832977
45346.39839818276,45,691.4266181503584,265879.1289647201,244,1,3306.5473962843416
9023.51933928935,64,812.5749168938554,361448.2606951547,28,2,3173.9663940189307
37653.38076789151,30,431.76195548392275,339778.98508179426,149,2,1837.654048607524
23996.628645052784,24,636.8000596308007,272606.31657212717,114,4,2258.8824768335976
52764.270482452055,20,559.6001041955728,356057.21050133905,176,3,3330.1002418252797
16247.933578632284,24,658.695066710337,224300.16717362197,348,1,1796.2171073023994
70463.3051226936,49,574.4218743126893,305885.1264779719,219,4,1516.8537153526327
36498.00342407329,62,632.2560370259149,273931.7735103689,153,3,3779.259706726813
39389.00459349777,65,632.3152871654372,216467.90893696624,167,3,3152.6070507349755
49133.43958857295,69,596.6165931383023,281343.33103384305,350,1,1701.7956095089378
41075.14080112863,59,659.5836014508207,426471.7334226843,327,4,1770.9900751959553
39162.011270181014,61,648.8471171238172,239301.38483898097,165,0,86.10755429546607
3582.2409132880875,22,640.5238278083631,299374.51482299244,305,4,1920.0960377519723
47760.52945721522,43,870.08791799063,295939.94127461215,52,2,3840.617068746919
39448.56103933455,45,609.2777787457438,333774.51960247394,356,4,3094.583024405146
56212.14652403745,45,710.3717513288494,221647.42950151127,171,3,692.299301796083
36765.315133719414,69,776.5287424860416,219412.42970726916,50,0,2768.6553946159975
40165.99496144856,19,611.536970548826,281801.57832785806,194,0,1477.4906633343865
38834.16699978194,64,504.17662582238836,240804.88790645555,60,2,1046.943765125555
49179.65057482658,36,479.1618021277178,174133.83756351258,324,3,900.1213190291817
36124.34922534062,26,785.3832040405231,215785.79721643956,355,1,4379.138420134483
38890.03317947227,20,717.89324389967,316084.54662033485,142,0,721.118889216431
36201.904571492865,56,637.4102417887237,275056.8139055915,161,4,1915.512003500775
40701.1261307782,48,773.5155382830033,194791.32382091714,103,3,2119.3768631678277
38332.49965461965,58,526.7241206401446,164148.16522076417,334,1,2232.8666349061837
42265.02409149208,18,688.0065010482732,348483.3051127934,91,2,3052.5051243592447
32176.085935942836,24,550.5590273355629,316116.11719861807,64,2,984.8328466897542
33485.183963210235,25,563.6481182215723,232525.2227192448,357,1,2903.5450495150753
35397.828415915224,18,609.4091864338579,311099.83845779335,227,2,2498.4902317571455
55822.33775201049,42,600.6817259171668,200785.15247535225,58,1,1944.2650104233226
33423.7852424602,33,549.6021932347609,290217.27931678604,258,4,2284.0704791912526
49228.940420238956,66,553.279275040485,292204.0913667316,205,4,2580.0507212974203
53284.00025936654,21,638.5801043974492,328001.3395863328,292,4,2487.5862924430344
33648.68858475477,37,574.8852082421027,227519.55520395297,97,2,3589.466390919497
48643.13027841977,46,559.8848131937863,273743.467986025,213,1,2186.439569167173
38860.63255772345,65,585.1644861922532,181864.7746440111,319,1,3532.2017827801706
18205.69364417604,55,712.4397518262526,248630.08965031835,146,3,3107.9917655100603
39096.33867579834,56,722.4232584660784,342374.5023862445,211,4,2843.610401277791
29304.243499383472,30,598.7359900231983,257620.40221032192,217,2,2408.3464757458373
33920.25670035572,51,705.5819413768621,301112.34045095515,128,2,3554.0967776945295
38205.44012865774,31,534.3517273341363,260941.61832324666,94,0,4013.040745539578
35933.98213789331,63,559.0711357756978,269721.97123137675,284,3,2827.7923586132365
41583.66531234977,41,581.3513001503173,235611.17589379198,300,3,1488.1194754937562
36568.86488238263,45,690.3705139605062,317154.60328602686,106,3,2498.579041427329
52102.99738875155,23,661.1790264619976,252023.42002583118,298,1,1858.8304131177397
42133.98671584261,29,532.9029679942852,220651.66133948058,274,0,2532.863993376395
61898.10341361499,45,672.0255601863404,273074.45781881566,31,4,2860.0115224278497
33215.345283631534,29,709.7740755135108,206911.0890545505,229,2,1704.6020056158493
29971.038435839982,53,652.6803060554174,419599.57241107937,267,3,3596.025388029801
34489.0996903434,60,606.0976223192681,240246.2680009837,312,4,1622.1677527812817
34135.45926614965,48,727.8067737816395,247785.29663563872,101,2,1300.1463332505684
40133.408070836,63,796.6829781880199,275547.7999311273,20,2,3372.564972974337
45789.81002305029,69,730.3453948895285,434361.14978593955,204,0,2751.2782877602804
43826.55568502058,30,754.9460152990409,237649.60108017156,51,3,3231.7066223009183
28483.49056987541,43,607.1034282466702,303773.5858897539,232,4,2690.9524788167055
37193.40231645434,44,648.3863566314972,207826.71268044878,244,4,1091.8808822778008
43118.30975098897,67,552.4474080257893,292034.95095856814,86,0,2536.778922912433
21863.9129500252,33,662.3942949738813,280452.2213637285,351,4,1206.5040417369967
33916.581706166944,39,627.3519196030825,372387.4091874179,176,0,3359.0613274589964
49005.37733417486,25,647.5502939155886,322110.532608505,21,3,3540.1008306836234
23303.451894627564,63,657.7630201033999,229734.66262128585,156,2,1388.6272356744319
58017.84010885384,44,539.9429087918016,286159.461982734,25,3,1259.5004027340522
31701.662746443442,58,634.3613457377083,281741.48772118887,137,0,2666.6841399065775
46289.223417040484,39,604.7410654581082,271059.8577453759,173,0,1938.804331943325
36579.72826011961,23,781.7342946122775,281476.541251829,34,4,2441.190023449255
50748.11573757859,44,512.9120561301975,305911.229411174,283,4,2317.350133048663
43557.97190613683,48,606.4752611431835,216890.5851709169,351,4,1494.9386597213997
30923.982626377707,59,669.883628294804,287980.1370169087,41,3,1729.107488280574
32823.81253543266,25,595.6603983785055,343732.90699893225,168,1,2839.4667331076207
44350.388131965774,31,767.9340722683546,189603.73528273948,101,4,1377.9524727503906
31571.02402718558,43,648.2931845011661,210044.1176931503,326,0,2832.0690087467788
49119.199399362755,22,508.8734031591823,368239.5570777575,167,3,1653.3675590136443
27933.800243798916,43,591.5748105553893,225501.94209356606,355,0,2734.8150389425746
29368.665888251402,52,803.1774941687347,141102.3492575097,30,2,4125.681629278919
46724.943032489056,20,835.7385572723135,304793.67502840754,192,2,2344.4885828677347
36014.42151428631,58,710.0681359297706,286511.88835343346,197,3,2737.441414931939
49269.86358378589,44,776.125373085855,289251.71435999597,227,4,200.34959231011334
44616.09541035248,30,498.6282715649095,185412.18401915266,321,4,1735.7264743950366
34684.02790120016,29,587.037724883324,357547.31106145814,212,1,2054.839410956146
43075.51531168432,40,697.4114689783516,242091.09598345173,257,2,3428.3486602947382
38438.178495964166,48,727.0610540758062,351951.48961154494,327,1,1449.6371328377375
37306.74996267163,69,569.3076757344858,301595.52041693695,128,3,2901.1663520149136
56733.54013631336,22,744.8761631314227,248004.18913648062,331,1,2691.0394936872026
37864.89522974277,25,545.5748165389564,322172.30173248966,85,1,1407.7887712650138
44007.84003677966,42,570.3409012242281,349577.01007262844,136,4,2451.1131612731947
25155.756491242275,64,794.1347848789436,259256.73953924616,30,1,2643.266145065509
47813.89408507761,54,628.8052544346746,293179.5079580062,281,1,1140.2009039194888
35775.55262070682,24,444.07120273469764,222228.4583043478,196,3,1372.634240123413
27577.364461798385,35,541.4344702491026,258246.88786538347,194,3,3134.6040810014106
54892.71111173852,33,642.4713205826326,228481.88842251527,143,2,1732.8736018987108
38248.18388660583,45,553.9271960584836,339234.17485515756,27,1,1832.8582381141302
38037.291974774205,62,700.6829886511989,250215.153081845,235,3,3283.906356143034
40272.15627328548,44,705.9979315612431,232955.48526361777,286,4,-252.50456270329886
44979.63382074189,25,570.3246697251608,290907.7751831899,256,4,2145.362596183606
36416.06391982356,57,682.9429095675832,238929.99558907296,333,1,1078.6332651095652
18237.46413222956,64,681.5912922882468,303196.55073839764,249,4,3841.944133174257
35776.32813031944,23,473.49640183271634,269139.66700973635,192,2,2342.6770119176076
52657.840761406216,24,763.5003593489406,239442.64539493987,300,0,2721.2195141077896
44398.332481691374,62,605.1235937108845,254133.99222891443,267,4,2879.1337111350936
41803.956571069415,24,741.1940458819997,165702.30055923268,348,4,1322.054355463127
38338.46882930354,48,628.8014659641526,219805.5620342948,188,0,1409.3105020440003
41410.86724451015,64,707.4612833764756,182934.146708432,348,3,3918.068584521775
42482.88662519194,54,658.1470019835352,225487.6688171759,56,4,2332.652866657494
33742.99186329539,38,654.9685785175495,225975.72404541698,28,3,1689.275642879746
23057.38182762209,43,658.4354482064887,242464.37611051596,91,3,2350.7651470162336
35699.34240561997,23,540.1417519375439,259581.15228885465,105,2,3329.324688049142
32397.853167430992,39,598.7221788845435,304762.2408277456,191,2,3551.1314969225973
18360.847353399473,28,550.1027244971193,278316.9479954354,80,2,1547.4127237700109
23907.49105280078,62,697.930410214218,329951.92279889487,251,2,2068.2893973449322
45513.15695610302,30,629.7782386904745,281711.01479324664,224,2,3803.072035810246
25384.7542169358,65,552.2722878799451,325828.2837291083,329,3,3136.597769280896
45424.49313131694,21,722.0629207690808,406464.9691971732,187,0,1142.4549800893558
29560.469746770876,65,597.4512599185703,227354.8994812537,140,0,1305.7398541799214
42533.84995148839,20,721.4333495168968,300420.09759170876,150,2,2878.1972107562683
38211.46293259496,32,750.0663894218912,270589.7311988843,325,2,3107.636545132134
10078.896262686105,47,739.9535335036958,262574.15401531226,215,4,1194.6846895297929
31032.94644810412,33,563.6873125812369,282604.2817703145,292,4,3770.296262795954
25051.83061985679,64,633.6707969376175,400739.01169582043,141,3,2432.0237213647015
41047.200094569445,57,582.0121645495277,283953.66871328006,233,4,5220.381196341193
42842.03766117512,66,780.0692824732762,217797.78017173396,158,2,2065.300640865281
54144.33666364282,18,667.0403337713309,328426.88104842236,154,1,1123.1512896383972
36825.69740761695,37,804.6176768304445,189493.45165628628,71,2,2249.319242392435
55457.824130228786,19,720.243838962185,257445.25956218597,233,4,524.1682746247502
30825.130986902186,26,716.3599801309468,378904.2629476181,173,0,2517.118249227593
52249.4031820707,59,674.6605534095556,203494.3059909608,307,3,3855.4756791450154
54018.19002051278,44,629.5484480072384,352789.74052014604,31,4,1981.435938722458
50783.51300841272,28,748.7039857011272,280532.21648696,170,4,3894.8777890309207
23454.039721770878,65,633.1551374291753,244153.45060049163,283,1,4121.364643982462
27147.81388825302,62,610.4529928688976,170244.36840770763,357,0,921.7593677406367
19361.1125306839,44,777.9265336391713,390513.77332329086,313,2,2635.281585314555
28827.998019036673,64,720.7229513928386,301115.36794597283,21,2,3300.713516558238
36549.50677864432,67,872.1537321443195,361205.69473453093,175,4,2805.197006588001
46619.11060286495,27,602.1898238165425,237903.8899306376,89,3,3115.585278185933
30562.607368841163,67,439.4272988333844,272555.73997049907,49,0,3363.4133192405743
1171.901506248736,44,770.156059923861,209618.29380390263,16,2,2048.4549832700604
55172.774944557954,20,617.7628164280005,318955.0750401705,145,4,982.398568994962
45170.384507389776,35,600.789740076871,270145.6087259315,147,1,1399.865748278043
28647.782220039087,49,756.7249083007952,172524.34565362512,316,1,2119.1252577626205
17357.653900206766,57,481.3158046381477,243552.35142812436,185,2,4183.616112561139
37722.34137036574,53,700.2873402769079,229795.86595865403,123,1,2617.166030692702
34162.629401027094,26,719.4037040346218,271684.6002355638,235,3,1055.304138394482
28441.00554841759,29,777.4571171237477,277388.0398093181,136,3,1473.855589118823
21991.473796470607,40,664.7485256504439,207518.40704690223,302,1,806.8196502358644
29606.211608526042,62,444.5601549894817,240287.87013732933,107,3,2171.638641405972
30758.243938552354,43,585.4640297139392,204817.94239061154,318,2,3808.5015903853227
28326.716270074947,61,613.6890448183422,153021.69326927306,79,1,3061.160717446621
37771.8778183847,33,779.630509356352,306262.28171890345,158,1,3613.94940831209
52644.06746849319,49,766.6216192284814,178008.80205708294,351,1,3024.766056875044
37081.95939352251,69,526.2754918335693,257549.03043633205,343,1,1301.8836574924924
26153.530529733347,69,755.3862796579274,235296.06378423638,271,4,3591.368645014914
36214.01452547535,57,363.7172733938682,299710.8923523325,210,1,2623.7468711845063
38834.215797440236,43,536.8714710726452,228965.77565024784,288,1,2647.359742525748
34152.15668227889,45,632.5798528689386,372462.1505262945,264,1,1078.6501101047631
33454.47549354092,66,474.2536946560115,314001.3094313433,270,3,3724.1926893321215
38538.990558361504,69,605.8799101902647,148452.7959322567,62,1,1403.8148121350778
24656.943627063545,20,462.5608730227134,288082.62199190655,68,4,495.2593379149285
38826.84364686391,67,721.0681181611974,360061.62126421806,59,0,4814.917005609302
15516.612680077904,23,827.4522242195621,381147.66752408433,229,4,3036.525812515807
31715.61043762329,34,745.028123296788,277478.6863101797,255,1,3109.857895183825
27610.947897196747,43,758.0988954776491,289138.69171498157,237,1,1243.8620490792216
45048.41227137612,56,610.8194945254677,147425.89993572913,299,0,4540.938170029965
52681.858182169846,51,544.187186020797,148695.3829052449,290,2,3459.653856761782
42315.649182240435,61,658.5073321802412,376844.23690164,227,1,3395.9629567971174
43962.89191213878,61,695.7652997190852,246085.5239390889,98,4,1631.7597441663577
43708.98346227389,56,663.7598509575912,328166.9926570104,298,3,3858.8935273100597
51020.55409828716,20,589.8651329365853,130494.01574750904,357,4,2054.123843312993
54536.50692521242,58,752.9901739294022,284662.8261029761,195,2,2723.087137961547
30236.420810537504,58,721.9607770388034,313567.8703673005,329,1,1583.3657248941206
34604.46692440894,51,652.0706725809773,295308.51363612,28,2,1500.0054747876175
27321.0949098437,19,740.4017887847002,270369.4958102946,25,1,1120.1205610701388
24934.878692113598,20,680.1622459122528,202294.5334863287,273,3,1926.957650783684
41868.72850453546,56,603.1290606559575,209209.4232281083,190,1,2965.09072011324
46606.16102862949,45,667.3920759788855,145926.97491450148,137,2,4703.400454209702
47959.20671638212,42,595.1528838824271,246265.9941864452,174,3,1877.5004066939
23042.489468507032,55,588.8114547261704,183829.17382215027,196,0,2751.8845649756345
53214.83394853963,25,584.03840646261,352277.81510743045,78,3,2841.5372129235575
26156.70026374511,32,726.0767928127677,209375.29824219752,348,2,2362.2722844775435
38067.97748198422,30,456.4831150524852,234017.2354587813,109,0,1703.3511487098576
39875.39062301892,27,434.9716225353758,155044.61861342774,343,3,2805.9549509100284
53521.5479932257,57,629.926328182216,183893.30275209053,201,2,2658.159233470281
30775.172247138908,54,704.6032521459144,151777.08810397,24,0,2764.5391630545328
33485.51419163663,61,705.5139294477574,180727.7049452935,136,2,1169.294449424296
35041.1073157563,21,577.9086326192735,160734.9429507731,85,3,2498.28247195373
28497.017466665035,64,741.8257724744287,255563.5483001231,66,1,2446.3654672802327
36146.37706002094,28,547.8384867598828,317538.271686526,324,0,4229.183294235922
31575.500767549234,19,686.2833040252176,160141.61721036118,258,0,3865.2303822797185
34980.626279120814,25,584.9337140549835,371044.41194586945,211,4,2669.171736918321
62997.008581546026,20,475.8237445295027,317156.4352183176,138,0,4752.463866314537
57771.3486494862,46,661.8317427581919,250389.9877681623,40,2,2763.7173076124277
49803.99874775775,50,749.734820753479,177591.10127947293,33,3,3818.2705265501722
43242.18233561123,60,595.5809311250557,259931.7066938211,46,2,2037.7480202706865
30158.19835298213,50,513.4479938553393,166558.94739789265,67,2,3018.7081222946877
9244.75447870896,48,547.3744312626097,221188.47186894165,239,2,3328.633646317661
47615.51316864023,69,728.3308359278482,421814.81519416324,88,1,2611.0569789828537
34318.5342924668,57,813.4018815496668,81762.1600815905,196,1,3058.758874521522
41072.209309959246,28,781.020712836395,243473.1088718986,37,4,2580.9308589344155
45797.263115465685,36,700.7331706835117,225416.30604992376,135,1,3375.0655845556985
31953.07611651387,65,682.1854651125285,218862.33007618322,249,0,2391.2218794440328
46265.28028948723,37,519.9037815226648,147473.87436176665,219,1,2706.965542337575
28069.616223728888,64,546.5780569919416,277990.53123598016,167,0,2312.422137829636
45522.804432552584,32,702.0884318493304,311711.9353164803,101,4,56.99047283118798
37835.04857453415,53,712.7387284324934,304831.7640017444,120,1,1544.9574144758672
48700.843462500954,59,721.9083180862654,228799.02613375263,174,2,549.8373828115092
30859.30417226168,65,565.7209503608973,268089.3061303928,95,1,1776.7851000459575
23284.7977176281,42,464.3037624735123,277566.2048168908,207,1,3366.159257946478
29870.285622245465,28,623.2387457745485,211880.37412218508,247,2,1603.8549403855432
26080.700951042672,48,585.0198993098725,324416.2533773747,300,2,1134.6780191654857
31669.03854293884,50,768.0203552983876,209361.91427933756,142,0,1374.7116451214401
42236.36277803184,36,537.029638934963,265493.28679773124,320,3,1094.1378123949353
58009.09558935839,55,732.3344714708886,233835.71227397062,331,3,2423.109813407555
46955.693892533294,69,630.6535993529428,239520.40235353893,140,2,3113.560020048796
37981.31520388351,49,854.0161483125485,276585.6779783841,324,2,2013.7906494855333
52211.66155751263,48,759.5013735619284,279526.36992581276,21,0,3845.115710085556
34320.65305166574,49,606.7407306039265,329629.06161212974,23,1,4680.141353727625
36150.61766457052,26,442.0481576938405,386989.8940781151,205,3,3485.5376055835
38755.38801791587,56,663.0795314815368,180035.93370282045,243,3,1603.4312943853768
37949.749137596176,46,585.6675651673507,302190.41131382063,279,1,1084.5260034288015
29852.64806661674,19,852.7680240404202,363337.99894312053,306,2,1744.2534828135015
29865.294815580903,29,545.4559931493495,227823.31351016212,301,0,3659.057277992865
26062.61687977318,33,691.6853457073747,265260.72633258137,307,1,2492.8870333929094
53081.93939001819,26,794.4659482029853,260517.2287506229,312,2,2266.1610156522656
37244.78848214929,54,485.32525893856405,221489.95856067978,256,1,1248.1682871223354
29195.924393952762,65,733.103970272555,302374.04252956645,126,1,1079.1656964724673
31654.62919871131,27,534.0312013808261,340046.31117644766,57,4,2594.0700859301223
21797.940433857555,64,771.3485985875338,214957.32656091687,350,4,2949.0773209002805
28403.343325311176,67,500.79915467169087,335364.7485469499,25,1,4274.748895798851
53495.4629964794,52,689.9863037939726,278977.52529695194,122,0,2331.4106790891747
41177.08325748661,52,680.7086948365942,313022.4253013659,127,1,1668.9909012868695
31958.028706458856,23,566.9015099184926,237597.36091497517,182,4,2979.670805285889
48696.57438093645,66,596.2419263727791,324017.42032786633,171,2,1804.4894075874292
46457.682719460594,46,677.0929663513174,307917.8356689576,137,1,3819.7585671706756
22691.578426779113,38,599.0869575051402,342775.3720633193,314,2,358.1658413408832
38723.72512338814,29,770.6492405094854,304544.9518652832,152,1,3386.681117343447
31716.107665037485,55,667.816866064006,228759.43595022458,338,2,2211.954777261203
26846.869605671287,39,598.3442247285452,296132.8125264679,202,2,2512.105246127565
27108.413496971833,48,663.443462988533,300073.54391490226,57,2,1105.1553724622559
38477.017287344715,39,781.4321228703095,303066.8127468888,22,2,1861.6621482373023
56607.0392748087,31,515.7867170717989,316459.45835559187,76,3,2639.6836440210163
36217.66263861184,53,691.3394524007605,235683.49227043916,17,2,1463.3501304452234
50138.36854732763,66,809.3868315726999,291684.7966584371,64,2,1731.0969400883823
24650.278027652952,33,699.8029959656569,221627.3757678194,264,4,2156.806930586675
31950.901329637483,54,534.7439555199151,257052.79038612064,135,3,2559.6740872931864
39374.55963150507,18,669.3272080673663,212085.9608425552,19,0,2605.1827668928945
50316.09111830582,35,775.6613459453665,294246.6044513991,286,1,4136.905696865005
44718.41303095732,62,591.7775733223929,145775.9531391946,33,3,1700.4107245546613
45282.235857172454,40,731.3468325537154,370546.42727386643,123,3,1771.1270462159182
28293.312647333812,32,591.9828762371073,332198.9918077136,127,1,1851.9233543479727
43021.38744413289,43,471.60669481110324,214164.33242265432,33,2,3031.647343195989
50098.18800539544,54,513.3083515083933,218396.65988708418,101,2,1890.413376293962
30505.686846529927,40,647.1759954675099,139547.2831910308,224,1,2662.341927688237
31203.50799939666,25,520.2881158051819,295950.0243781535,84,4,1943.0799803565776
44798.22699142682,19,747.865279271492,275544.9471382362,240,4,1404.0017769141207
27199.73161357789,44,654.0248688016371,248146.34893906052,171,3,1445.109034595142
39614.80371671896,50,743.4040753508987,340401.3800551526,192,3,2775.3956525895865
26597.826626194503,68,929.2223004542237,205891.63973658372,205,3,2689.2108973389063
42343.3924156639,39,705.981150097252,281701.98855364247,276,1,1458.8503175935107
26819.568268774594,42,561.417083188906,315472.22458513913,217,0,4303.623618560828
45744.00080885128,43,492.1227639236754,238947.4215382122,122,1,2929.2827001168844
26545.09998522818,36,625.632480533512,221776.4306406311,56,0,1245.629093259991
31704.168056269853,21,529.5981947218821,180348.88781863035,149,4,2589.728792702174
9873.11900236312,59,731.6534155122092,252727.6199353562,167,2,2112.1627605634108
24386.985852384187,33,629.4697528404628,251832.71571191426,192,4,1518.9364748825508
42678.865734785686,24,509.26215641705767,163951.51885481583,58,3,2734.291708045083
51826.73749161322,52,655.2924103476447,92911.3772412765,218,4,1513.190983616735
50527.83773356744,52,671.6141443276089,209632.8560642422,147,4,3277.4210816274544
32044.275356381477,61,683.5219705272873,237177.21775047973,302,0,1506.2424639674787
35736.64093784388,19,516.4564291954877,269494.8586098225,104,0,-174.80581767153416
17905.895112706523,69,636.1368081438142,285190.00765339244,277,1,2177.3415893132874
45684.42613329262,25,547.3369490214711,127518.0565775899,205,4,2065.706585113469
49694.8315461193,30,540.1084272665964,386038.63246297505,221,1,3007.979869491625
31692.81747817238,51,766.5027814313119,202527.19551847538,131,1,1542.1992181721644
34930.774664958575,51,819.0310617018617,321011.04258086043,25,1,2416.892752316212
36891.44957506649,45,785.7415199445765,205884.50735025507,14,2,2438.804887913239
42065.66380377239,42,667.8109510880483,199310.90742997214,95,1,2698.636283904515
33200.70459538941,61,747.7184723363439,188754.69002693502,291,4,2950.770325829972
43977.18138525714,28,820.9646676077066,126330.1439016325,358,1,1154.9293628310315
26753.850337678898,37,589.6015898405437,223700.42768941482,45,0,2255.942891472414
51643.49370874303,25,619.1236460597437,196265.54137589392,235,2,2516.8001986254258
44164.049809729564,29,707.3916519860107,149052.73538197827,154,3,1515.2004781835697
22736.33531235571,55,611.2565609965856,185986.83905435572,52,0,2285.0848290112403
50897.17839098772,46,548.5383710522215,278343.3645870503,247,1,2230.2126185375814
39201.50624749008,19,610.0681703158082,208305.4538026624,313,4,4582.9705404909155
33475.567109934396,38,611.8992258497658,372493.7836767113,55,0,2187.0495249367846
35322.54084508186,69,626.8413222086768,358742.16442875814,46,4,2539.0854930468445
34468.89901013892,59,624.4266669870756,247213.5981318703,191,3,1888.4681689532592
35236.62960326325,36,625.6241890249015,244499.16309642853,121,4,1171.0102675161042
32418.652501064335,43,655.604188915144,201654.63504063175,115,0,3206.0343932102674
54147.18310788175,49,404.59075685904986,282163.62889938994,243,1,2987.2339721737817
35867.62444103729,64,606.8801514191016,184674.33447565543,21,3,1149.7296071247783
20404.28087132381,40,771.5079002785635,284567.33692886354,111,0,2720.8271055118184
42809.30932053415,25,640.3249347320109,240654.31058176662,165,3,2892.490128840924
26218.181232287367,68,609.9216406577835,179254.3173428935,145,0,1933.9585511586645
33956.12076725659,49,717.0086429038798,286787.4310512143,218,0,3485.7115387269423
48976.62088384437,61,594.483739299056,188212.31010875263,124,0,2717.156352338645
45239.769284999966,54,666.0653830848607,297804.75981222274,212,2,2211.09713795597
58264.47235162514,28,618.675140404783,285116.92778119183,76,3,1545.6191677907211
41905.503615879716,46,682.5911175045518,120514.26383195668,65,0,5307.972572518983
22478.01347758605,30,533.0644719894083,228818.4283629915,245,0,2766.83625196359
38034.45780485259,52,516.3652067678564,288705.3714845067,307,2,2914.990212376832
34641.15510519054,24,829.2998694447524,339410.85395950347,108,3,2351.3483526982086
41058.84962087112,31,427.14193199078267,205716.02570230322,171,1,4841.94043118266
35097.90992657813,29,690.5586196733332,246883.36279530267,102,3,1218.6262310600441
49715.06253479526,47,721.1356434173697,309577.2668454936,143,2,2421.046350893449
44816.60564287694,31,573.9951361530539,286233.86752797785,242,4,4483.163840675824
36929.28737780392,31,626.6608456380751,312125.0725160563,110,4,4736.458632029974
25476.948470086256,19,616.8627351657894,257559.15907345738,189,3,1726.2013042788938
37489.111880855875,54,700.3902222990196,329489.83040110144,31,2,2876.787794422728
47554.24248193843,32,589.4153575675625,368185.717427617,308,2,1475.4899766989959
29662.35416460361,32,487.82439478252286,303950.2216464558,226,3,3536.6774723527756
45240.93931642834,19,515.9172532724372,289968.66626840824,189,0,2139.5109803611203
39856.84526214007,39,612.8222634487596,321765.5277478342,271,3,2604.6108254515225
44858.89882980479,23,617.2218540843414,208598.15438772863,343,1,2716.259412546969
56471.118234901194,20,936.763790446435,225197.43391639483,203,1,2317.24520437325
33709.082657984545,53,625.9601485274204,268431.69173109747,228,4,3522.3091535379563
37317.37865154252,45,641.6664899389891,345240.49508540257,132,3,2808.1210442600973
51757.28831014516,38,569.2419561872697,397820.0108561326,236,1,2198.6650700198447
26952.26432076406,23,775.4145045244259,297455.0428650064,135,4,3655.0610494639127
21710.93687431997,55,577.8714172840689,262756.3743762297,256,2,1836.33674031895
44563.19381087987,69,696.7022124452064,229321.92155950138,264,0,2998.5180485470305
42192.08360630767,23,643.6075347032487,248632.5683184406,294,2,3189.9694887731816
30027.894079900074,32,599.7315938398517,305921.31649577216,269,0,2073.3762037492875
34461.178150195614,52,856.1186375336993,325338.9421865095,235,4,1721.056292506646
56319.30023310227,60,691.4805308197418,240376.952007823,212,2,1194.2472616476105
21133.552619042683,22,644.6422760994985,200657.78377863433,233,0,729.5377317192197
69258.78719526238,39,692.6229131021867,314709.07668744854,73,3,2781.744921209633
32596.684576196305,41,697.2481849765604,260927.3873948045,92,3,3499.4215441504775
50556.6307552028,39,601.7764277506309,274797.0011647099,336,3,3577.9033461791205
19606.653663802797,18,561.8912959172307,233420.60894561175,295,3,3525.351142374357
37282.551081825426,26,581.5984634068896,233564.00951014023,28,2,1310.1753910780478
27213.908627074554,25,694.1622191574019,159555.9892187958,73,1,3984.28313503454
42621.3418658601,21,665.6265032924255,216700.27205775277,72,3,2844.6821689981116
22674.067014140597,63,573.5619126656314,146732.18805190112,85,0,2022.6376251079942
31547.234735528753,61,685.4238849441308,366416.63655930076,23,4,1662.05563935663
42011.05756107521,39,875.4623766711672,252460.40156180345,41,2,3784.47291373222
47919.0471436159,29,601.918146500195,297942.47210517107,342,3,2155.4141744339677
29574.29338304571,36,650.5167316112597,287568.62610415986,214,0,2309.9687944343823
29486.447460199808,26,744.9629377932192,233178.17205125807,67,3,2685.658718702198
52614.60186639347,42,614.4186794307278,159701.70388957133,357,3,2861.4126464203478
42481.588476343386,24,717.6623769184628,336077.1715633219,307,2,1669.0413580124962
57263.896809767306,64,580.7662148257234,281948.69572248013,286,3,2406.5871977520455
25422.867351883386,54,695.0238289914248,257176.7147975667,15,4,2459.0868425300005
20697.807913735327,45,513.2587017985354,297202.0261597776,119,4,2422.5567679978644
38793.48565966014,50,643.4855231171797,171903.47306011288,322,3,2239.254915264478
43826.00842480289,37,793.1562892889016,320796.5141986124,151,3,807.2379435558883
33516.89223933517,22,649.9374645071194,286588.1337162713,175,1,2231.88671617154
35672.43329664919,25,584.5838402909154,304468.81506245886,242,2,2644.6720376824383
23722.205484855655,66,488.59565213384616,313684.2788832326,64,1,1873.2786451361885
34028.5038929009,52,602.3374261411695,151230.0936160046,266,4,2245.0256115760053
50873.52337917739,57,664.195115953707,330218.2468209494,46,1,3388.0745474678047
25613.149804873363,22,922.4473702038179,192521.41488132605,309,1,3610.8726566410305
33249.24472894733,40,679.7328488357412,209492.59582478405,18,4,4226.315897786135
29628.15255153121,68,764.816382757473,263799.1354122005,225,3,2508.090167833212
43788.959852147156,31,478.9986059580503,193853.55342816305,270,3,2788.6887171805997
40526.06056922984,65,660.8752498327339,277967.4216014081,265,1,1988.6753325708178
37956.08890039711,20,572.6751488030176,396255.618819145,27,4,4848.209856720976
29459.718425845218,29,700.9620374404734,215085.35628938518,129,1,2629.450388500978
26177.7033456029,29,665.732497997729,246569.10756760417,275,3,1409.1575182347508
45458.80725607011,63,664.2829995440185,225595.01184877136,262,3,2834.8186105494547
25696.03559663244,67,583.7622470913341,173050.25937453282,95,2,3095.743220147104
48708.72077087774,36,560.0846191211053,184539.89746865307,277,1,2261.677325103826
35339.60436755263,53,674.7506842443588,291281.67219594587,190,0,1562.4433419955292
51181.87024278539,33,787.5052077774969,280357.0604741352,335,0,921.8146879076908
36716.76030063399,41,634.5213540443804,202622.5816351361,286,3,2500.400284674605
41382.46332135561,38,680.7125537816084,187560.88521167208,332,2,2195.3904616371383
29148.611625125115,45,683.6588930369612,365381.7346735885,75,1,2602.6056940977637
30961.46517039231,51,658.1142174842997,289911.97104439384,17,4,2105.6791767851537
39180.811758611024,22,680.9698677073469,222777.4383297758,177,0,2910.879938254428
59604.226491954396,22,685.7030994017605,318986.42553110584,153,0,1730.1799775161273
50015.63908549899,43,528.2729054011527,127523.05665397046,253,1,1390.2052309951723
43620.5984983033,52,678.4362098849053,166608.71222130922,167,4,2430.771228724162
12709.368730196185,34,838.9204984255583,203495.0646129358,309,1,2031.1275428400334
33171.130800977895,65,720.6292832937952,322103.18785618024,322,1,3883.180586027563
35077.2385888668,53,823.0021770672975,297779.0360957726,174,3,2321.6421873698664
39028.26094176895,43,585.7114741335178,164473.23695136336,97,3,992.0556836628941
45491.350369116895,55,623.5838902270839,150722.3821163521,186,4,1630.7420647524646
56583.029151646886,53,774.2124446376079,312772.7624759942,160,1,1592.6546021782506
26705.950864214796,22,627.3713589487401,270080.95453966403,213,4,3408.6955650388268
41564.999672527476,29,729.889172549574,259104.64528698823,270,1,1875.185911197797
13285.798864735982,62,740.2540326230471,345984.97809687466,71,2,2521.391841455825
40694.06562189503,51,714.9475808791155,389463.7090640984,160,4,1417.5538361857982
34490.16728004169,40,628.5260660691905,254804.92107271528,319,4,744.3747927049573
41301.7606766923,42,555.0790943633504,301676.79525999934,85,3,360.5668624193263
56312.64033147748,33,682.5955009037561,302855.36435646424,64,0,1556.3492907789482
39704.370884386706,19,737.249814036121,132866.52159340944,142,1,2533.5595020847895
37215.12515901652,47,534.2889596024979,223893.21922085327,244,3,3750.9881200636682
30739.774412586765,54,655.7832698919315,192099.66797872158,199,2,1668.7235989500916
28359.001947552555,63,711.83421985444,352199.6146943945,159,2,1448.2727498777538
49721.046934616315,34,644.3001001064824,253515.3225779561,340,3,2741.633558486124
34869.76476854853,50,563.3679440094268,279675.68306611164,211,2,3765.3935431994814
48728.04088025024,36,661.3596941758311,241866.92536403873,79,3,2382.871285792129
40765.437425863594,69,595.0212652191943,256389.65477268165,267,0,3178.309703416325
46120.58338168156,22,736.6508524630008,169669.82939665826,165,3,1727.7162281010565
16136.432833237472,31,625.827269302723,268217.26817827375,153,4,3793.1779079808944
3287.419196502944,48,718.4905277945809,301029.8341912277,250,0,2317.5845570902343
35778.10746095766,35,666.4000206228375,304993.95216841454,241,4,741.2799447451881
15222.62572651088,51,759.636074103263,289218.36001114355,50,3,2579.04473631944
34632.4208718947,31,719.8459508313258,198489.99423055924,311,0,2636.7753552501
70184.61123217481,35,777.1449682265807,219064.92422588513,274,2,4157.8344327824025
41676.880443962764,50,539.0030106769979,126385.15982770523,259,3,1977.0981948147853
62147.62632351309,54,803.795445802036,317722.1150178646,216,1,3430.1065529303255
40607.926755534005,22,628.6117800469225,226794.9291013383,327,2,937.4199780314289
32450.08613657045,24,710.2589565175583,339504.46653940744,160,3,2126.535570228319
42017.136017436045,33,763.6287686165864,159880.67718073574,335,0,3144.9427106170783
34499.54089801462,31,555.9040459276214,274008.48717431154,297,2,3757.3091024170158
43069.89659783712,61,457.5624483558765,386634.4385565948,324,2,2366.7786078482122
39557.62269165508,47,752.2613998861899,203828.83933605443,35,2,2548.585757933839
33496.96109575356,50,752.2771508804219,226642.12755103927,166,3,2243.435690552379
39553.796856594185,47,598.0772625320295,364252.06388621725,57,3,2177.9196645027223
48054.24752303775,44,595.6787638463412,240248.35540150257,159,0,2186.0639694367287
52794.96579237493,61,631.2909824709025,361395.00169759616,193,4,813.7897342203979
24864.64105215607,55,620.723054999941,236204.2435850946,241,3,2041.8684535298707
55093.66445761309,60,578.6274073346389,177270.4246891814,90,4,3032.4645933749784
35929.05188382835,41,805.7852018183853,415435.346414236,177,1,3893.598795199919
30427.83598648796,32,522.9648302653117,179047.90836737645,100,0,-491.8154345097475
31090.513406401184,50,889.9453515998987,250008.0869299234,105,2,852.4240116413856
56567.5870982324,18,793.9400245440445,172319.00999858676,202,4,1288.8837345941913
27821.683403411116,20,683.8360330692187,236692.79335529718,188,3,2590.95341818054
38379.126900828654,36,630.3301056171608,184134.41072679797,272,0,3260.7064477626122
46860.11947756495,28,659.5433931888605,171437.88567545082,125,1,1674.0843397513347
36793.11511182118,66,740.2624738811973,325523.62956588424,35,1,1304.4762975088681
44455.15092756439,40,748.8973717655892,329775.29417496675,355,3,1737.9737417287824
41011.21938123533,49,667.5844529958792,363730.3598304176,187,1,3588.1077641592374
43765.95920466626,19,557.2656437633623,275989.51513920125,100,1,2726.6350655913025
57239.18640120063,68,726.6688307644686,316259.69991097,194,3,2048.898354905601
34791.9995910988,31,732.2455313701377,212483.69217190566,228,4,2419.0082510628035
41336.6554295812,20,717.5476649442918,280689.8244093116,23,3,3350.51208879884
31998.8968071017,56,805.4310892702873,221543.08264319462,59,2,2632.452405149142
29752.271300464265,48,677.409651640277,199818.3207167338,25,4,1572.0803105841721
70261.75403492825,57,707.8523118480226,269563.75257262244,205,2,3262.5847118713823
20308.245882966785,45,775.0535247436226,240989.40730060925,285,2,1921.1840144765758
36780.09845629071,67,811.7495768366854,307239.8122114303,87,0,3990.8928980202986
50468.674795452855,58,770.2809616917907,185116.20655482844,246,4,2818.14943971348
34738.19944117559,50,630.801937131593,285985.45807809854,249,3,2067.9574789405183
58648.91323365111,26,650.1977122104681,337115.7056705634,49,2,3351.2830451944815
34766.72704191113,32,746.9453842207989,217474.9009234195,304,1,3116.1482845600044
51542.033147454305,68,646.3262843115498,243544.10647908857,87,0,2122.064755044266
47125.99090955738,37,787.0362814806549,218351.28640335213,231,1,1850.902422455843
33407.14694827058,58,609.0299405103649,211190.00157320066,89,3,3255.523635750077
55092.544503113415,52,695.8174245201918,277387.1810812058,157,2,1356.3452995787286
46226.3103910215,58,725.1409892158546,229806.81887695022,219,3,1733.5445499887978
39902.044828508355,27,722.2876862383674,280837.85020179977,185,0,2735.452879583169
21376.332959094536,20,697.5418846444769,345165.2163155296,36,0,2521.2848999248517
37154.3570348789,61,658.0421528165573,263162.0036095945,182,4,2196.064355257833
43138.62622475869,43,643.2502233083234,262572.1827696867,89,4,1643.1822938321397
27160.832662117653,44,814.4876699083296,210590.60944656964,309,4,1125.3346048111928
49016.24013973019,26,429.35656874680944,335836.9270032712,57,0,1312.5284026853897
23851.830405182136,55,523.2571292530085,265311.53939216636,330,2,1730.2078715655227
45881.43789880268,24,612.0570708875381,245193.45343511412,272,4,1733.9559080428685
24461.778025965326,67,772.9497715276524,184138.24145679173,222,3,1847.8572313927073
34417.650351488104,29,652.4659569436778,167440.28885494065,34,2,1975.9763984189467
52912.895442487454,45,801.337542595988,360900.80906180525,88,0,1069.5949947070412
49259.60465067903,29,825.85147969271,269712.80821185035,186,2,2738.2203823017576
36651.57728032832,66,615.7758537002251,213321.19636177048,56,1,2402.0809054024744
33301.621159537026,54,517.7598407940778,260441.31969959906,338,3,3366.1977123549295
38144.01404517508,32,626.9663727136664,231391.59552582595,334,3,1987.3836867451569
40196.62061684388,60,628.8623152286507,273393.0664167402,23,0,2441.1629504997463
27525.75771986469,37,587.6709815107722,313926.4462885797,54,1,1347.3913308470887
26215.76806805171,58,543.776424029658,220107.52854395265,332,4,1645.532125592973
48057.24469287583,52,780.455630518072,275045.16506552463,13,3,2007.7097560640977
44441.55472326513,50,569.1555543248486,254289.22135962083,270,3,2890.682883988926
50000.762091056844,59,663.2494810276914,353561.8790582583,32,4,4839.070688531706
43694.32987616061,44,507.3530773303564,331964.82947174914,251,3,3626.3530864587246
40788.16514069536,42,613.1964937742748,258877.266568794,17,2,2777.3427027050684
33117.727531219985,34,587.6545688328007,311027.25051410974,120,4,2043.5025798163872
31127.199308971936,54,676.6133296915293,395985.32819111046,274,0,3469.935383073787
28470.553272474564,24,444.8840808921027,273472.59703071445,314,0,3144.0083372490876
38681.20269232317,21,660.2275887250622,400935.10114824807,208,3,1020.3435649322837
28356.958739565387,39,733.0357005879468,220385.40988134907,174,0,3864.199092792607
31528.061696855475,28,483.3450047744334,234343.95758939383,272,0,2961.1916164886247
42638.3885645063,31,741.1785713045318,276837.21358028834,314,4,1819.143968380712
43739.277826033016,62,743.9875675696418,370347.27431755204,32,1,1642.1634805020983
16413.409243484304,20,793.6673188800129,214945.90958420277,22,2,2636.996812070156
65296.637278458584,53,671.1156291709771,341199.47115676274,37,2,3428.093993605987
28438.245066067655,54,731.4820351245145,268767.74875262013,170,1,2440.3017652687404
15621.532169162198,21,696.9417495194981,334203.77778753085,158,0,2619.80549344803
12572.587101988895,58,683.8498410681627,211908.88785447436,330,0,545.5982592039128
55476.67217158942,69,814.3424378101014,218323.0764975749,141,0,2070.2566050484047
26655.22465749389,57,559.3997189443359,251719.70650418827,321,4,2885.775830378498
43063.62700946282,37,544.326470828319,342820.7798970825,53,0,2677.9574519536786
24335.342748239043,18,555.5384466203774,253616.24221622737,159,3,1882.159546864647
32833.01144541678,21,835.798432681019,324907.413068143,83,4,575.4044888424393
42727.73062519431,39,528.2633305115183,282388.66082096373,228,3,2419.875554526142
22819.12629373975,33,773.4863319515546,311928.69852101285,280,1,2253.0092300484926
17245.87476991217,24,483.9705473373997,335667.90382475604,118,1,1226.6045260718374
48663.32526958169,69,715.7069622691705,316223.3481514593,163,1,658.6708163996515
33318.195339598475,33,575.0410026600989,264662.70098327345,41,3,3548.614618956947
47199.22134643734,25,659.5241467661904,124893.32537349843,234,4,3432.3008542422517
24506.78841745946,43,854.3218255802221,237514.97832200205,291,0,3922.7207232637697
36610.366948930154,25,484.4905873350343,209163.75155636086,61,2,4049.827938497948
43057.3700435743,48,509.3217656195537,207912.8848517658,285,0,2734.6635130225172
36577.03121744625,30,594.8443433738241,280817.63542835927,185,3,2958.650244164886
36762.767980624005,48,651.5613230886509,161886.87057466825,194,1,1884.859938598125
40626.40121618433,67,817.8862616716204,119502.64177636056,80,3,2078.741258595623
16116.341767843813,47,565.5812112749597,209913.5223700456,25,0,1058.2123168010655
27301.9000082915,23,718.998715467381,218960.6860125768,154,1,2641.150519406235
37668.14372065898,66,655.052380233774,196492.86058673542,157,0,2260.348603248568
41294.50194531269,48,524.871532885134,354673.66490377916,288,2,1762.918037439342
37938.523044603084,47,665.6574980680018,288245.0791723286,359,2,2371.963550545345
19207.59916371273,35,573.5288731695937,216121.54223101877,130,2,2777.141134517554
31612.64039077625,61,613.1715390809461,330375.12971052114,145,0,2328.3142653995396
36551.456915877214,28,549.2858400153349,211120.86138514243,67,3,3094.6749258659747
26412.368501322413,26,636.1511456864129,193166.37905707167,241,1,1786.9421548848504
46150.31407546763,21,558.5618041941268,172820.0040219513,199,0,3670.70771331514
46796.39268810493,69,644.8397083264186,162719.30333899774,353,0,2566.284036054876
53603.22118999473,30,500.2491584063189,255902.25882089345,236,0,2712.2842248296965
31529.955637670693,68,786.0539497531902,300607.686245208,159,0,1799.7581725812458
27601.031530809003,27,649.925995540728,193622.49223066232,34,2,1571.927757820414
57343.58648591215,18,561.6440546626147,193604.71208109884,217,1,528.3804296817933
19242.6270917723,53,666.3610823358154,313556.36581665784,132,2,1903.2164207817311
26469.65606139671,60,668.7913585662324,220334.45170534268,215,4,2508.4415414834652
29714.761869745973,67,596.5404947188498,278147.27177092497,347,0,1856.8372583848893
23976.78496729913,67,625.3273667697359,340010.89980153786,39,1,3635.9353832303023
38244.27553896568,67,701.6128475022729,242388.3585739094,357,4,2597.6792968840814
53397.95112974328,38,633.5017380223976,278616.926677222,199,4,351.68135117576645
39369.02176888976,68,595.3200944872635,239885.514337575,182,0,3979.3040693712974
35911.54410676508,35,763.8177342621865,249798.62173838547,122,2,-675.0377397201104
40849.5481561795,59,510.4056345430506,204292.09754655408,262,2,1206.613164120792
41888.44871541299,27,912.7360026093738,336413.2668825367,216,0,2624.8845214842754
25062.28556810368,46,570.0179266704705,299293.61612976744,74,4,1035.1020281408732
69510.60123343318,41,599.5444093305811,226983.80587356834,148,1,2658.364964051693
22170.140925433305,38,636.9507703143554,290668.6091692742,214,0,1150.191958940168
33026.53547897538,48,610.8803530320876,321582.9474267192,302,4,5284.311387222215
51610.7877333177,48,646.0869404411661,252032.1530048814,112,0,3498.490207795961
34431.94792608972,53,775.1213887347592,259650.2411115463,170,2,2997.1081380154083
60467.64794392265,28,747.4904711295513,236782.9092564229,334,3,3308.678865433648
21329.61363505303,37,618.7393801531186,195629.7648133947,245,3,2757.197521332991
19693.546002148723,57,629.2532070314156,300011.56555766077,115,2,3080.009847676942
43615.5942883681,20,583.3428665137542,247088.50401621583,150,3,4318.59528382753
29205.236603413527,65,747.0773987632818,264728.4230823788,239,3,2654.471566763391
29088.252698705408,39,816.1336396501322,208399.68475382388,161,1,2513.8590901238595
29304.791249840902,65,689.2459620460493,303822.8293162956,172,1,1466.8645049277839
39742.93955973561,48,511.66928511833794,203579.83272049372,215,2,-695.6103098336916
31142.954551560106,58,747.6750477126064,362738.8303289328,65,2,2454.7383884467204
37448.25298187975,57,554.6782398642981,313972.79113257944,160,3,3949.2618335655534
32562.21365368791,66,728.7419485342667,212166.4229165339,245,2,2951.808797981588
45711.91293174474,33,673.027064090278,327973.4958322357,63,3,2205.3319552941202
43555.10187906031,22,712.3165550091028,324270.08823313395,319,1,1759.5222882177122
48344.36516141437,33,694.1598151729517,376830.5122706535,314,3,3055.194002941833
35965.86201239769,37,692.6797184267838,252641.8443061951,151,1,2384.2626762048235
56598.29724651883,61,681.8891854388905,228577.20945371283,187,4,-229.33914323275803
57334.92853000168,66,636.2470614214525,367953.53498137,16,1,2382.371957103632
14995.0656435403,66,780.8895570826301,413973.82498718746,220,3,3137.564980864457
46655.122937240194,56,615.4073585880625,203105.68388051458,68,2,2006.0298618936945
54712.22273506454,69,579.3925467856104,271913.6158855481,287,1,2058.727188330102
31948.61372672795,34,568.7179594294981,273850.3977374804,340,4,1886.734712199067
25802.835334706953,53,602.8836522645471,299535.4989001578,78,1,3166.0811763371003
11540.966253067756,61,600.9983305943924,269840.0639399183,223,3,3033.0204371757377
31300.961554225065,34,511.9577345751656,235243.9611592664,23,2,2662.388969886874
30860.16944019164,50,868.6493381540855,281108.76286614506,164,4,3303.4643130535096
26713.112051888143,65,928.1361936319953,239025.60628948215,91,3,2565.029256690273
42967.907724785386,60,642.6174938998452,116382.19302602587,341,3,2148.9917990699655
27194.49075138133,48,660.8239630357962,117988.32153172905,47,4,1464.769274018295
40935.51936278204,48,593.8574105424956,209150.56493365843,113,2,3945.531986833139
34814.77400865539,39,652.290968016365,266091.4610335391,327,2,2096.1998903952544
37012.20194472138,30,632.5692832711063,272398.9098659134,90,4,2317.3308383843287
40842.34922181828,42,583.8319486819794,237421.72898309038,298,3,1423.8395314353954
35135.43195704591,40,646.870738807352,153323.28116383415,230,0,2421.4378507079823
21839.19647806443,24,717.7632747480081,232740.0260166967,307,0,2405.646378892486
30024.723181909016,41,664.7438886378656,278350.6040834719,202,1,3176.5316539438577
41249.95064442654,33,562.6905896026824,166329.40372583168,139,4,2903.4352253573575
42425.45097014728,20,613.0114424246196,312640.94790173246,232,1,2343.5427327334555
32994.24468271647,40,620.4916589361145,311630.60077836993,108,2,1958.0302807439678
38794.85365076371,67,549.4676017596676,253886.38137762374,126,0,1992.8465453974688
24999.09573142032,62,756.2565273427967,291671.2163837971,266,3,2553.6666000508812
39501.25910068852,39,740.9817726668987,311066.1847619602,270,1,3573.194348980338
47349.03993714262,43,568.8379981428321,283705.1295379462,237,2,2786.268576100226
26473.09590953038,25,876.3891452588906,361310.56773968984,59,0,704.0229012449968
39468.31646958094,24,559.5632476461927,278207.4245373698,69,2,289.8879150943775
32757.07082033375,23,555.8174073114957,298491.1887565839,135,3,2191.9915527472012
26850.47954329846,61,462.6516963887138,233843.0867763773,29,0,3063.9698430307726
36353.27981886851,66,703.7924437593256,232156.02861167566,205,4,1556.4535257625696
28343.110610137366,20,701.3989490829127,272551.9600381477,83,0,1162.5708119202109
41092.04679583114,66,654.3745309076347,271085.5225134366,173,4,2918.9143415016074
38129.25375943612,18,696.0489776099187,381189.7945719817,217,2,3475.757084788843
39845.56000874492,19,731.9139569204614,277110.1084532416,264,3,3029.9058770148595
41909.436238792696,63,726.5966911436935,184191.01224812842,236,4,3154.175855163015
26192.80274952617,37,723.2307642453615,210251.17361378268,291,2,1069.3450369078719
23232.4105328067,24,720.3227663666455,268910.55761975655,77,1,3134.186545482066
24333.117467599423,49,727.6069905592844,250974.0674744249,87,4,3228.168812172678
46039.5854155359,61,848.9502245915294,346602.64932633494,199,0,1362.3669502503772
39342.11502520227,52,536.3582125069476,205691.26342239697,306,2,2313.2808308323233
28090.595574441228,57,770.8564112622103,253669.5770271687,203,2,2386.6837938695785
31891.395042877513,29,706.4521107283673,257528.25995391872,231,2,2612.161942661748
44283.53859897446,36,685.6669441832518,258059.84210346805,288,4,1632.7982053394937
18003.402470892077,38,698.9118637902105,343789.0032091447,123,1,4101.790389921377
35219.54421911355,51,702.3367673310875,317922.67279527965,269,0,2111.5405332978294
38681.4960814624,51,631.9118506707654,276428.50130372576,278,1,2698.4406070647337
21637.094566765376,53,672.7356513735008,217930.6250362592,78,2,2480.7219413561816
25421.389873096712,50,599.6729385829184,258360.8945144639,286,2,3704.0135318316825
24478.25013115823,18,617.0299248316609,277029.71098355774,101,0,446.35807739610226
22134.760198282405,18,515.4608396548842,266872.2223657234,80,2,4343.012511899158
55013.40391094414,41,495.5836314339457,220333.45669861935,174,3,2968.5057007706805
33195.013821395834,34,714.6908410486236,319407.5755538307,216,1,2207.3328412260544
34111.866436114404,63,820.6299434971199,157855.3093166379,333,2,2775.4965358654276
65699.81863333343,66,808.140655392058,310485.145938305,336,4,1917.4285500347512
68329.06058632473,62,638.269484178529,229472.73213880378,15,0,3138.93593930701
35861.732388945275,59,709.1659056964123,374787.5038753993,234,3,2599.627973143732
25421.502180551288,43,692.6843835372246,276133.72691906366,32,4,1883.6825876344883
44036.94668741863,65,774.4509296192821,287880.4816181088,36,4,2728.9413201402335
31252.641165204863,68,520.8972253834095,164031.51518417685,45,1,1972.1277173205672
51496.677296004214,41,567.0515415600765,172194.09047917955,228,4,2205.857541458803
44568.16440242487,23,769.6724282735854,213542.96403385207,130,0,4299.566452729349
45873.59700058431,63,633.9748375947838,284788.4747799451,24,3,2504.512923077634
40339.68299538002,29,761.6981375171148,269073.6419293368,332,2,1818.5359602798846
33089.51126867249,24,679.2510712892033,280586.9551267537,214,4,3372.426902797299
36240.075976468666,69,673.6525128251261,279007.94497147977,215,3,4543.003357221657
26188.758801716438,52,531.9648390718768,176478.94240211198,194,2,2044.212658035655
39116.579083628516,32,643.6610793185255,239424.88580341806,145,4,1518.5191009797693
47592.48465346461,59,439.21410420646345,333850.65992909257,204,4,1289.8623740671499
25712.237486557184,38,711.4387083070166,422388.53571131884,170,1,1652.3293606010952
40537.804475728255,38,561.6665046077552,230397.55517399372,32,0,1478.9314922344008
25458.24488206235,21,536.3924980954595,292099.2040879655,196,3,2634.8966783691776
28471.15542513213,60,632.9582599748649,240327.58701584555,276,2,3259.0068521562375
36490.04278191237,30,532.2446892549675,111324.09635199125,203,1,2414.815644012453
39104.3094520907,69,680.8047903302058,261053.82229587296,16,2,3335.2694020976346
44986.4651441271,43,816.9306315608153,257388.24090090144,25,2,3891.6063494045593
26800.514620990434,65,490.6741432457932,220945.86456665923,147,4,2945.8856211632083
30158.71617650183,41,602.9273863542262,306771.42351495853,80,1,2544.4194714917166
23586.392273562233,43,586.9236994656347,270150.94025147846,186,4,3039.4894817557315
29596.644163105808,61,430.4075269542542,257542.73856328696,136,2,1536.4791678756435
31972.34283646047,35,758.5352246196251,136404.92066480228,159,0,747.34043347599
48930.372411769815,18,517.7124546394575,244875.90610574197,282,3,1592.0728252388783
49366.65176493906,60,560.3283291105394,222454.24901385815,133,3,1570.499900836371
46567.59487656315,69,729.1936688469141,376630.4339533639,220,4,2486.0061303513507
46909.46194910114,58,668.479358158192,400975.2708534859,208,1,2702.5984797944825
52157.03504452601,41,623.9867039722246,279149.7457766184,110,4,2426.3274912822567
30898.291312954047,49,565.9732327410925,212901.54139706976,121,4,3872.660955964078
30078.100018780075,38,695.0490855300451,303896.71691889095,187,4,1503.8067692491766
41314.1383803881,55,588.286408255452,188546.93973518198,322,0,4261.233764734433
30792.339711027475,47,595.2077786274876,304658.4638413476,164,1,2647.084095135562
18400.040839503275,46,739.8517505693751,322305.89381662343,80,0,2343.353392239451
33822.79498664084,69,511.1731136927866,281069.28216794634,215,3,760.3830891743621
52461.1808838008,54,525.0550395290096,336982.10711885133,344,3,2757.213631638886
41544.54058947526,25,584.5456254773687,266895.8761888171,249,2,3878.0210726909863
39963.34594798162,49,409.1350384990419,208936.84323576087,154,4,2588.193468636017
41445.31043921113,45,488.6346832334219,375094.6477080736,61,2,2044.1604106786206
34977.56877031128,35,685.1810827515762,292382.0579669109,173,1,2425.013235351946
24868.730408645395,57,580.052548481603,238632.837512413,315,4,2931.552551149716
48691.05296650984,18,703.5567050409222,196294.75693687279,330,4,2908.679230631025
31307.76040604107,33,788.5213404874521,162883.44554124205,312,3,1924.661726941251
25281.052582363365,68,677.8621706892333,204212.3565048879,65,4,2962.6203290486806
29909.01361758118,29,736.1128155384994,237349.00544721616,349,3,2861.2043031025555
42840.06150090845,30,749.9012580856647,208050.4275798325,137,3,2935.315105168954
11224.669098764534,20,818.2034340434221,167283.10372303484,148,0,1722.7598180396856
41784.658846583065,43,865.8649453034529,285725.25043605646,316,3,11.333648807164446
36840.248847023824,67,710.7840478779609,172641.81847002928,306,4,2012.2134110348843
28531.97306985569,43,735.5697676179069,267848.3893618742,327,1,2533.4329691503654
55611.94741292742,68,690.0872412478326,400103.89641417196,85,4,1263.6407729725008
19592.082208059703,37,657.4455973108152,254922.45527796025,25,3,3233.695407407712
48517.72846837147,25,759.6271528119603,280004.663853526,122,3,3641.668443564851
27669.382497315997,38,744.0930968966339,121168.49599348687,44,2,2900.2530024293883
41249.864468651846,25,523.7074921310699,286005.63051798305,20,1,-491.91467598254764
32310.664116240507,23,686.594784333627,186441.34703254435,13,4,2171.3520816732466
29847.222982314575,42,491.83446848855874,207632.09865440175,56,0,2562.045335140121
41819.89511218592,43,622.2904780353649,262712.65656318393,248,0,3048.4307958644813
17972.031854341578,18,555.0653121377696,309769.7590225608,289,4,4470.80980092516
45631.28164683782,44,658.4644437035139,268772.4745024284,98,2,2028.4133834188292
34874.82640126023,22,745.6038908935556,294574.89715566515,319,0,187.35670064475798
43717.52515814051,30,613.0882656174273,282009.7344572805,257,3,2309.643800286221
45797.850814937934,58,587.5192440107451,236823.02834732557,206,0,2856.165915060037
33366.41820997109,58,592.5551766006573,265436.67646553466,168,0,1969.1728011256723
20439.804819913024,67,585.5914762679187,398703.2371113759,256,2,2014.9916784447219
48133.644296797946,65,505.082631744257,387432.5830544192,190,0,2103.693004618076
53019.95013200207,67,724.7906691136334,318134.83917377464,296,3,3225.942910912635
48548.621458379625,36,676.0955510555492,162835.23303642083,279,2,869.8535847380637
39634.93200973092,51,651.9093200339184,261258.13613924332,30,2,2905.522661319874
37543.316134188724,22,608.9940878467555,227736.45839264916,99,1,2577.4728395083844
55298.206822315944,35,693.263578908284,221395.62316142704,242,1,3755.6626788545445
50538.292010853314,43,633.742837435296,373319.2503317017,51,0,2149.396984030178
43498.71038789963,66,585.2513828148531,257526.19986109,183,3,3373.4157101978567
46825.73014481057,18,628.4570704639036,119394.57899856697,141,0,2760.6274571327076
26670.46756480512,57,702.3866052813677,193371.23117251325,280,4,3486.003422735505
35208.00076107064,23,771.3049246598518,246255.82669931048,346,2,2903.2956476198624
25764.38492193638,65,662.3839787395805,342174.01157902565,246,4,3689.6525058352554
44746.28947915518,63,840.0013731588409,204159.59351574004,61,4,5326.95057564738
28041.913992855312,44,730.1604739568697,140209.2835856693,39,3,4758.728071254617
35974.90798494054,41,525.189535678591,374949.45382460783,126,0,3371.3450271410425
23871.286829976332,33,674.3259133516111,338773.4747698558,14,4,2125.3445245336165
65949.99557265158,48,654.8041461411768,295785.1288052945,356,3,2697.3621273086906
59341.87645084079,46,832.8186225717753,253600.40350779778,77,3,3438.8398980215534
30747.244630622998,28,800.8779068267888,185783.43896461744,326,2,938.4990801114768
53967.14954806892,22,503.07489946662236,290538.5081735715,131,3,3220.936217159474
26060.33365589649,68,787.4412231625704,215347.58358928617,143,4,2453.3913174045574
40673.25536813028,60,493.88612439740274,263681.4567696156,138,4,2458.0111116743788
38844.876984802984,68,618.4315536021996,288328.0594893072,64,4,3106.999567584661
35331.42303887627,21,601.5600925612105,221035.72667902577,178,3,2177.6835757571066
47132.61790351211,21,290.64925003704997,210334.5913834896,132,3,3419.41098961593
38610.88804810702,54,564.5625817080379,241720.22327078314,346,3,1266.4581827859583
50120.34275196873,68,689.0100587893621,259740.76534410063,27,3,1005.9143703965451
41346.154967054055,34,807.5735357390903,198369.1302072528,93,1,2343.899126901887
49671.104910392954,69,604.845399453103,258783.78827746655,192,2,930.5349196477994
39975.61830289834,40,468.1658104457923,325198.9365127586,165,2,2692.7484860071477
39719.31885583198,45,585.3734509628047,321794.7261829845,181,0,3172.1003018699917
38625.80115593301,65,634.5541318515534,244099.3945719136,269,0,2094.446221428295
38013.889019561924,63,512.9180506629261,219668.3384347873,287,1,2124.4644844211844
38788.90689041315,54,636.5908086065207,380382.6108936884,74,1,2044.4096711521136
51693.6825800656,63,648.3646171751396,270936.06612291024,40,2,3382.8064876344984
53872.2894102943,26,531.1109167202665,247131.82764748333,102,2,2711.709349566946
41486.81174038753,35,639.234386720245,218715.30514063733,231,2,1793.4087408731818
28763.01415494224,19,707.1824386577218,311727.7797915249,181,3,3279.557239558843
38174.23896063078,62,766.9121769340178,388224.01704602415,265,0,2728.7104798750206
38567.03668025833,47,548.77402407857,136768.00105841737,15,3,2906.1783268598583
31763.36835666535,28,628.13729883757,305222.7631710927,286,2,2238.878053843369
37110.443602155356,56,566.6593901565525,287102.8644943652,256,0,1265.3040728665276
32629.353916442946,54,649.8429132984317,337616.4610798617,241,2,2758.218489804162
26050.11612966987,39,670.4864129483059,234525.8802345813,28,1,2203.2156283824324
37541.299669196895,33,618.7908945873968,332995.581630366,197,2,1291.6504545962055
29212.89212928262,67,794.7084321963598,282036.99330028705,171,4,2723.387845510726
26777.634109188613,39,494.94381080609764,253539.61826274797,74,4,2175.3586551698113
48459.543995782995,47,624.2667400890392,216730.52804436345,304,1,1997.4412899976146
50548.9123272094,24,603.9378075256556,205644.58498764597,301,1,1929.818615831817
47188.67846912971,33,652.6827123158587,119548.73350225622,28,3,1383.6841674697296
27925.56548335118,25,770.4162902373927,206432.15312887612,301,0,2412.8516738458343
40321.00601423638,50,645.6110538035294,156397.2689178714,141,3,2335.557669097918
33718.85996735337,59,739.3522615841051,298075.7846982735,168,1,3028.7773130977725
48580.11353659551,59,531.217831739526,240218.62990129014,320,2,2999.746990832917
36879.465715619364,53,707.2162371388919,320816.84312286874,20,2,4704.99873696723
25326.630767403534,38,710.3959256422137,238865.50170023323,210,2,3184.7256872097933
44217.80788854931,43,584.3087461946911,219082.42228737564,86,3,3354.17573466333
51987.470360984255,19,674.1722327072649,263077.8507910732,238,0,1424.8010484578635
46488.57009983345,51,378.597969199928,245449.00713654704,174,1,3476.4290576986746
24731.690873765125,56,607.5247887541173,183039.59041453322,31,4,3131.4623837698837
45206.33950613579,45,551.6906648428195,313738.51294945105,19,2,2864.4541131834976
60766.63276152007,33,666.8862919032512,211408.8805455032,294,3,1489.8661773873587
28036.183404426676,34,549.3466189669657,321154.73442161153,70,4,2633.5537383238934
37206.736612459805,22,633.9061468814392,319752.55739760643,290,4,3276.0147375439055
48496.94191060833,26,645.340330543148,340566.022685157,294,0,3265.341887283423
43578.65189738323,48,877.4611573828863,222870.22338973894,35,0,2605.8682743066806
16242.629526495673,26,709.6400347746219,289441.5202511051,346,0,2612.301423785268
32543.43122199367,56,505.5467799802184,171377.57250505555,40,2,1777.7738588745947
57744.559781384996,25,825.6992504542059,263784.05918550905,311,0,620.0408045821274
42985.59597088357,23,461.52041322462753,327522.84223707154,209,2,2194.854871803407
22262.711135963662,39,732.5055504023077,328451.7637075495,241,1,1624.2875173029563
34965.5803554016,25,712.0206861336871,230761.64352944886,109,2,3051.716503844586
62457.28152092631,24,619.4377640187782,270285.47937401367,34,2,2887.517462115987
50574.328854169806,68,670.1788387405351,248541.2909177741,66,1,728.3962847329402
28335.609066414047,36,588.600353952793,253509.03972360693,233,1,2937.969553021108
11830.063320916015,37,818.6897642232511,149211.79057341066,184,1,2835.8353088316267
43249.05000065293,51,554.6182868248533,207729.78108724233,294,1,4123.262934399437
72800.07636692797,44,728.9696828084565,235113.7375462498,319,1,1846.1815170100774
25810.59588700735,28,723.4887489670493,327970.5662621943,83,2,2762.924879405374
35521.43466019827,30,569.460398864785,302347.3361646448,282,2,2954.9306356925244
46325.49655931959,53,562.025495408432,122826.82211347819,232,1,2809.670406469565
33604.88299830626,50,654.2379928369086,241278.57379464037,58,3,3053.2101654703483
46208.15263782679,20,530.7127666889804,275254.9028076717,57,0,3491.5082521432782
63176.855294792105,63,785.2052266291436,187970.23778384502,308,0,3081.636592167832
14839.288207602793,37,711.8392216997206,307760.6295665687,84,3,1295.3952226955885
26793.090796948938,28,589.0249936873398,233189.59379949226,197,1,2380.6299737019413
37523.42899547369,30,739.9941400531067,339420.37940025434,348,1,3156.829638242721
27132.981117695395,18,531.5673365158689,223439.17627617618,294,1,2429.002241935006
44488.1356187062,28,556.9473769664012,257640.16843707007,240,0,3102.0501775980943
41948.90460589164,48,779.9068506021993,264227.813924851,42,4,891.97107180039
46416.13830996636,33,718.6206305409506,354224.4547104392,67,4,2923.535204756569
46224.701974016105,62,734.2267247813037,378044.00279422,40,3,2999.2559961996594
30145.073769741037,31,680.7661202049172,260712.80365173155,177,4,2610.8034879987267
55567.11094107416,54,603.9650148108753,307334.0365521552,138,2,689.725749854248
26321.65876186097,68,699.9803757518991,217879.858148448,242,0,4033.916072668595
31808.739527990958,59,809.5512584618818,253590.67549805003,120,1,2428.054642826924
28875.969427898515,49,689.72357217552,143056.18802952752,220,1,3235.357272355187
18136.46869516448,60,630.178928066763,325735.5712983356,25,4,3721.6674139278102
43416.162834046016,33,524.9325671570425,117597.14220410163,68,1,2143.628850295667
19237.47636314589,22,717.1294419814327,181957.99011701986,323,3,1087.6950887175603
22053.955555731714,20,533.7292472571465,253461.06538948833,126,2,4180.957892914939
43898.87813918258,29,609.4400208899262,334619.7491665996,55,4,1091.1534071629435
58546.666442761634,18,616.4037332334678,325385.14098889113,257,3,2350.4724106607655
37762.45824638191,22,536.3149199080308,306247.0025038469,244,2,2110.8408489196263
31565.805512973875,40,761.3410742699303,255766.21925706207,59,1,2105.1890857456906
18108.224668792445,30,637.6435048127455,259179.271531694,194,1,2586.7054283941447
31754.3052180151,20,637.1663025576022,329829.72098631575,120,0,796.66248595652
27152.390265518807,35,810.6140007976372,252413.58926183198,16,4,2093.8442524439815
33580.38713066121,28,534.2836594864538,318031.5137458921,330,2,1288.3013142100258
44753.55893391639,54,518.896240206857,256483.0646047315,193,3,3217.2188946111237
34518.70072027526,39,587.5299796329189,147857.2336112508,234,1,674.3553499313057
41277.23988184302,55,651.8610302353696,214048.28517972797,70,0,2244.385832888686
36253.20430289829,43,618.4127551244196,134405.1487467329,247,3,2627.633444923163
17446.310619455406,36,616.1105711749818,256768.9665856035,161,0,2969.1492789357962
36394.46998081128,34,675.8087692682282,130884.34684542302,345,4,2238.942350702663
30496.133724532003,46,505.9843887493324,244589.27204711057,223,2,3069.8108872368934
55530.35273841193,37,526.4874325463302,260623.556363973,354,4,1861.9871290156045
44837.713492517876,49,646.9939936558275,264293.29900055885,286,2,1654.5879670947265
48970.09065495079,24,556.544935037935,279657.25604122895,124,3,1306.7267363811886
39855.82928967278,59,681.5796563713686,280713.60661935754,150,4,2919.109315744336
29646.000565230264,69,521.1037843462011,314371.84589428105,313,1,4071.9107257863466
25620.438469487686,39,360.93489774054797,203374.68069991656,227,4,1640.50711271549
46292.37795727994,31,638.0413990789472,251156.74207854058,297,2,2000.0678300897948
57801.220888718766,54,467.9154802979072,423404.62850155553,239,1,1245.907128708851
50072.48285825234,56,507.1528527271989,389234.0662771653,272,3,2310.818185170574
50854.16138085906,46,630.7075087833697,207424.34577259223,21,4,2608.045156563245
23198.427482702817,65,775.2085048380292,255078.04434883659,213,1,3078.01633929939
21767.48861473067,59,541.7065661736602,339502.6871412417,48,2,4238.27399672704
22956.833687043705,51,499.6317261854299,224785.91690918562,289,4,578.5007243995894
42905.650182304984,53,438.4616422738512,216818.1578785539,281,1,3005.5013100769115
39651.94155452229,38,712.9404789062673,304633.8997439329,301,4,2165.361832698695
25375.74083999003,18,541.8018822056199,235031.632199802,147,4,2132.2119728723465
46809.80092318854,44,679.5117677013666,222441.44879069243,224,1,3888.576789547193
39197.3445414615,25,669.1260320161308,239855.29630401637,145,0,3883.0124167572194
36588.36077348988,57,745.1484870783546,271975.3469016897,77,2,3592.259239919379
30849.395764887184,43,770.2302237358122,248334.7472689454,320,3,2882.847299909723
45660.3558655128,25,657.5532808560212,256842.646562808,207,0,2332.303205646965
36743.1803800523,29,576.9225773179527,106101.58304151868,204,2,2041.8489476069958
58939.317708353396,36,702.8571672306526,256373.38861908318,144,2,3051.3916157326403
44333.71778832614,29,618.841825568108,168219.2043164793,124,0,1322.1185780692201
37531.854500670815,47,587.6579430213361,269824.3603493361,58,3,1186.7799315707364
29159.052459574985,32,614.4596830350072,287194.5689224058,52,1,2577.848353985792
38337.26788823954,68,669.0841279026,247340.08642241405,144,2,453.7496881301345
40822.799879747494,54,525.3410734787868,114926.04841219468,26,4,3191.0997972416344
33442.84971152707,38,689.6495687427428,278376.5114320765,215,0,1500.3424194713352
55545.35344845669,44,831.8398854467134,243202.09981237593,341,3,1134.8019793687624
36913.02625990336,40,546.2411937969979,315021.69947410346,270,0,820.9778866130771
43446.78434020618,28,566.3342243930748,241233.5704415796,52,0,1221.6364138809042
56558.157670916844,23,565.6813116438568,184614.70079508703,111,0,2906.5300620378243
32105.116302426126,54,497.82911297231936,290524.1891424513,79,3,2105.6566638999593
20344.56532267554,47,740.2640893945543,232846.28733996948,13,1,4013.894846615245
48211.95205382195,51,787.184766835076,290357.66860881296,244,3,3413.2365560305884
31964.798927910822,35,691.4379341410486,405054.7437707018,281,0,2105.5088941958975
37188.73241307742,41,679.7622488640044,322127.0718671931,329,2,3230.7895236315335
40734.46861520606,18,744.7455022636306,101169.17848709978,155,4,2249.4064999793086
31620.181744812504,52,441.0612555633609,400647.368528666,229,4,1515.8289086506509
43860.83070531105,23,575.619113135021,290424.09704831167,83,1,815.4937787766108
19106.231019421197,24,760.9090163257231,329094.4634813205,78,1,2247.3161264860214
27112.939011475144,46,678.6370674455794,179342.1281438438,249,0,1845.762212772948
20225.94678997416,34,797.5443626222057,263598.6028755242,63,2,1874.3673750051457
47407.291170106044,39,546.2798916070348,204938.34671613612,210,1,2484.9330209239183
36322.83752584315,20,708.4626256472726,352127.38569155073,45,1,3007.780492196434
44486.138298260725,43,768.768860614564,308632.964040117,329,0,2116.3325637454027
42115.89423089157,50,585.1047454207272,300391.2269610616,342,3,1962.041463146021
26204.644609984407,55,880.0327423978281,344402.65940078534,125,0,1015.3892427058133
51106.637326394804,22,628.031207963656,199562.82738918357,50,2,3000.471022210112
21468.766050231643,18,755.0966606447636,265641.2523142862,136,0,4950.221004225904
11499.447140742417,19,687.2472882198689,325172.8890135004,205,2,1776.2124762258777
33863.06687927329,30,764.6421083649353,252666.37819375473,27,3,1404.2404370869392
44561.342813997326,53,733.0641872898726,160296.70810376288,162,1,1825.7257665850648
25231.060717504908,43,727.6926005183523,218668.11114004932,120,0,2421.8899325732923
57258.577435683255,46,541.8082829838663,235803.73314541977,197,2,1453.5263557812937
63633.195128718384,54,658.5518476807255,265105.7958806121,236,1,3927.294887367386
35159.944425319045,56,713.575357412815,286331.6910740723,157,1,2996.829136068361
35100.808322302706,65,675.9433477285611,233564.50290030026,197,2,5230.312773472787
44536.98825048856,57,644.3087117101513,307380.53737065033,168,4,2195.206012667517
36794.44273609728,62,573.4828730491454,325360.52317089593,184,1,2758.001132763816
16721.193244124755,20,605.874092794714,322292.4570009402,340,2,3420.161759993433
28344.46424568035,21,666.0080246425398,253611.45982718826,310,0,2671.3554995773966
46618.93154367155,34,618.232954799553,225638.31866607923,304,4,2901.8979200518756
27385.010406779496,31,562.3816444838993,349612.02830241126,28,2,3143.344928420412
5535.290711831216,30,770.4383886225428,157167.81210874356,223,0,2456.573519357277
37009.90392289847,45,483.97982779079723,248846.87722188115,266,1,2007.3184537997338
40357.711111639364,28,596.1517120726227,267519.4961128727,318,0,1745.3965536865437
50550.32030475781,66,811.4558599049151,259128.12187198468,277,1,586.0157852511779
16994.52149285394,62,544.332757333155,295634.95346580585,60,0,1970.0229720751347
52640.05433041748,38,506.0973848587215,236698.91697588543,42,1,3997.239044595572
25446.395152528738,24,723.9111387055069,271032.38185845397,278,3,873.096860018001
23899.36732569652,24,636.6794594659108,293027.46230097464,75,2,2397.972720571631
43485.92490388806,62,746.2989260314438,222662.2457612385,347,0,2758.4650399020497
30396.902294164538,58,709.9987758508234,168230.65052763675,238,1,2223.639125697293
45063.21914469692,47,619.5337656194198,378486.972115614,16,3,1764.0754906427153
53728.22696990074,56,669.331224905175,316742.5610699373,65,0,2247.1624648325387
22563.724950880754,19,859.7152852916881,243865.90187857114,167,0,2382.8063170656765
42369.344774497426,57,908.1912106590036,212768.6830171386,301,0,3964.8189566142305
41209.51577208259,57,766.288965226626,196564.52936021518,129,0,2527.1320141502833
39166.358217001245,66,507.9194996900334,269813.22033404023,264,4,2534.7583781878043
32465.42999512957,44,675.3771447721073,295854.38036112476,84,4,1786.9726297022444
44653.006340353255,51,539.6735460851036,470498.81512594793,133,0,2927.074565850972
40864.98840928428,21,546.6470728834904,391105.1678639171,297,1,1254.2644220472291
35960.37925744818,37,785.0653561634663,229650.90224456225,72,0,2600.3457767131677
55048.045535807316,27,591.4276436383607,266003.21117011266,12,0,2012.783758805741
52075.171059515866,39,631.9723117827297,256294.72385992695,320,3,1686.8577839944712
33787.38244453228,25,623.0600312771714,171561.35773525422,256,3,3304.2128167929063
32861.746576968224,60,628.8723033524702,287179.31408163684,95,1,3578.5586363726475
42862.16035266463,26,675.9874568215694,243782.5355443533,65,4,2608.9664813732743
48419.07678520408,33,600.6617255550331,134222.3068507992,353,4,1256.5314330600181
11291.5851045624,68,638.1036383119713,290706.00114347273,38,1,2039.3912046177345
30452.18819875871,68,612.2241788418185,267411.32930941536,311,3,2423.5752471768083
57245.22461399217,48,715.6090604793654,358375.98605309107,172,2,2092.1839880672705
17627.673021704606,21,503.09059944109,330388.82522582007,250,2,1708.7292701424633
18324.00799815648,32,451.09455147313423,190369.01350315174,187,4,2625.515923235785
41848.91252951606,54,680.8380679940867,320581.4330605013,347,4,3331.6419243962687
51010.496763676754,28,710.2333772805913,332508.16834949946,30,4,1.4726158897693493
32580.324169574076,67,819.8914016879671,272112.5006050496,265,4,3628.993543363515
25252.995706792048,31,515.2625781899599,280448.07659871544,260,4,4123.178605740698
51794.46221737491,68,513.6941454013869,125889.52981193279,101,3,2351.693281291792
37918.67394456838,51,621.6248541593997,290050.95649647305,301,2,1069.8749624973516
57202.15296660308,27,646.2619022806072,237808.98666231678,114,3,3277.1856351878564
34409.284860338325,57,791.568671569276,343998.7739512033,182,1,3950.2713290021275
23491.44846110645,35,773.7825759431624,280627.6180560688,30,2,1284.0403834571246
38392.49145655654,21,359.4809943428625,172188.4616270662,294,4,1888.5164815712126
28277.42633415472,26,490.4868303220753,295007.2215439121,53,4,2358.1593604496134
35503.82844003914,63,627.7315961051537,248694.69422457434,16,4,1351.812817693738
33615.572791579936,35,504.2550810721224,267198.19372369256,138,3,2146.0450786779916
33255.29557048252,51,703.4422596023899,275645.4110581614,178,2,3650.8389534068697
37862.29259339519,57,715.8892736006406,167640.5324721408,232,0,2163.5677830581476
48368.9686171521,21,552.3303246806489,233621.3528010584,60,0,1547.2368123465976
37380.03300803414,32,569.6372309968003,301666.367446598,304,1,2755.6531431397166
17865.86393943322,20,548.1191581816427,302932.2852631476,269,0,2493.75048529161
42571.93259336494,51,623.7337455603113,208872.64602312422,34,4,1887.969097357654
32852.55217521087,33,677.1917145106488,223531.14374417005,231,2,1433.1248043471198
25206.768599413284,59,858.8311904236198,203224.06342071152,307,4,1660.6567485840005
40142.57511751603,32,726.6418091345984,275233.62608282734,214,3,3169.376633046622
23524.012943968497,45,637.6137238302592,214712.4450010428,179,3,1637.0410508019527
51804.28161509949,45,540.6084829659264,297168.2346107171,15,3,1334.348011838347
48145.46978498995,52,636.8100542840489,314879.4997754089,138,2,2684.6472029855277
35159.19675229304,41,678.1155615569394,189454.17557710852,337,2,154.88334207894303
34605.37463845521,19,588.1271908287283,296967.1994474514,228,0,613.9581593118178
41158.58806841683,26,798.8902218330717,220378.8385608401,43,0,2057.1389383545225
50259.358462130804,51,578.5536856630569,284219.0328413706,162,0,1210.2503875864015
47712.98115719926,39,711.7350423141355,262500.8076118158,169,0,2329.7155719207767
26753.284831853336,29,631.0885261745705,188214.6247535445,293,2,3020.311336902743
33139.06439500589,53,639.7337355557011,240516.54678575916,264,2,2884.954614638697
56266.885761588455,29,651.9718403326638,260033.58635197656,91,0,1062.5963632860985
56130.30606766088,48,608.5694303160528,334782.68075828656,187,0,939.6202354940904
35730.699417474316,59,762.107436306551,257478.6002831583,129,3,1959.7714667619282
41999.45302825752,65,527.7494724005567,307861.12821614253,352,3,3085.7981633017594
17956.997324115528,68,666.8667974671489,381241.903103331,297,3,2410.977302253989
33111.6484399146,37,599.3430578447494,207994.23786653293,352,1,2544.668578190324
50074.48990144425,34,585.2244753762867,234276.16648730452,41,0,1816.1701966427922
50625.52314278778,28,770.9171550918135,322507.47037578933,114,3,4151.220087015303
41767.686688995935,62,633.029167066247,273797.15833483764,256,2,1313.948063723162
46230.03490719293,68,783.2466105677117,254131.92474162622,239,3,1828.9951391787515
43601.912974464656,30,741.1286467305523,244896.17317530065,111,1,3292.809833216793
41155.67136246554,18,589.217477776737,413203.5184983275,135,4,1373.206965844052
44845.754529081816,60,726.7760977492482,247986.5639680395,228,3,1945.0228776876158
38738.296892388724,63,748.0072908490231,228898.3481572811,119,4,1603.1925435219666
16845.468324226793,58,535.2213239334872,253860.70432026652,75,3,1655.9475341029217
32280.132112761785,63,525.5602472836538,211659.12996609774,49,4,3441.0780599151894
55526.39203247223,52,786.7781195030647,202961.21534101563,18,4,2387.252257440074
48107.27643252887,51,587.5536756910781,306799.03967767797,247,2,2901.4742449565506
55589.06490525369,42,689.6948638155988,345663.99394456117,264,4,822.6220255378711
23236.175081812704,28,505.52721642393954,231918.04685563833,33,4,2685.8472069937266
30768.054568241707,40,711.823549374929,279539.8626485227,45,3,2405.992436955166
27640.78777814503,39,762.8205086117208,150150.11936862083,158,2,2179.0886047478066
45716.11875498657,64,588.557524811853,287121.5943917599,337,1,1078.2108872793763
46552.38956476365,44,747.4178212370273,99466.10421438132,180,2,1181.5853818499045
33551.25077497608,39,815.7280331800753,157334.7057177653,47,1,4022.788147636996
39059.19597105508,29,592.5542577246988,409222.2938208941,106,0,3184.269842743702
28584.164018776544,31,571.7164871732028,329100.73493491823,343,4,1901.839142446916
27468.40312382786,22,532.2266197693584,282194.7785164804,71,0,1743.5263158083994
14162.492935127317,37,590.7671721782531,240008.09625207502,73,4,2088.7369237619237
46459.33000805117,61,765.358283014999,191422.88263084885,136,1,3279.8419707069993
48141.94231948529,37,515.5471151393833,210873.92475055644,55,2,1475.5818323523629
10936.506946715244,27,801.9268548139742,216650.04488580284,155,3,506.74241449633826
44909.858514891,21,683.887911114599,273974.1451245649,179,2,3531.9807456435183
67953.94675801929,61,604.8921781351148,209387.83137112574,13,3,1346.0890108458825
24275.653264826855,19,674.9717032251042,197552.0665751569,75,0,3573.2186291412368
43892.20900463729,29,486.46002499149176,271898.1805417033,28,2,1887.2403788377546
34872.154093405115,36,586.8256201974029,181379.40738013262,96,4,3360.4342684392664
35304.883523524724,45,590.1438192047531,229871.45235858214,350,3,2743.036446561707
49866.89296937128,19,562.9308691115409,216566.9484150161,78,0,319.91636062515664
39485.99767340024,50,600.573061006943,307735.6266338278,16,2,2711.7166854732495
19162.806736599392,19,550.8818994730816,237814.4135939559,178,1,1182.3388069158846
50218.04287500751,43,696.5372207906906,263807.9474749258,309,2,2982.4740254840153
37284.498592856646,36,488.1961184348667,291267.1398024211,168,3,4014.068333750527
37313.765728309925,39,663.131422529485,361006.119411865,289,2,2728.8826674240076
29299.76762372698,68,713.245618219639,260966.96737493706,27,0,1943.1737692218708
23683.68690329097,61,612.9372365158744,189604.89415112365,354,0,1590.7835996090873
55418.865506790054,49,498.42078527728415,187059.45873442182,240,4,833.5983776363645
17966.029419971648,55,674.5563283535122,353861.99173137534,313,3,4276.259146482499
57970.440514473274,24,624.833007475452,391124.56877423596,235,1,3927.9206087441485
30150.3794915162,32,659.4963266021688,190835.1480955904,230,4,2650.0139413522593
46040.10293063764,62,835.2196090775776,378269.6303672239,196,0,3379.0360133404943
25200.10789574757,67,619.518519875317,220449.86021290315,217,2,3540.5005408978477
31751.81061650661,19,660.7944503328448,299741.9572055551,201,3,2758.5036715467713
56069.91782633594,22,685.2811773326615,249470.55278305453,348,3,1840.5658729892577
28509.805509840116,35,621.993018971168,172042.08525072515,351,3,4238.9687278660485
28317.2658801996,43,701.032146319163,273884.02254563506,130,0,1192.4415206096535
35208.792655140714,33,799.2754292702084,330486.0812948931,353,2,2077.672407992976
42502.75929399633,28,750.8381493558055,266739.7547110833,183,4,3658.668641999426
24860.127435444694,38,471.7662720322592,386635.05952781934,279,1,964.6313983303342
25698.727923600094,32,602.3086131234502,277979.4060361145,285,3,2813.1166363975576
42053.7078973534,49,768.5714116306905,188468.64984447343,40,2,1214.8973381854958
54435.77199198824,39,717.8865462056351,277211.1674899439,122,1,2793.2688270423682
31436.52536240423,56,616.0423173923073,212185.81344670162,64,2,2308.9865113200963
35928.09887298206,37,639.6156346104905,176847.77820846578,40,2,2072.036856890341
36321.34933782558,36,654.1813734073721,300769.75199923903,172,3,1215.3369190760743
38278.636174786894,69,742.6962251370129,245597.3237919202,129,3,2982.426116797976
50721.99030137321,40,785.409067837738,214499.68615707106,97,0,2855.4018714141425
25838.30425304326,36,565.2609138311395,257817.02069708696,56,2,3362.287801183448
50178.086518050965,23,659.5002427824198,351906.5691469946,295,2,1360.9388251934372
29772.92164532454,39,687.0147920042248,285568.64014386025,188,3,2962.2464711492835
37763.442860722454,69,670.686967549628,203645.17537880928,81,3,3565.0256736918577
27677.058495280216,52,628.478450306403,221598.67084433214,54,1,318.024741257438
52780.738507359565,54,583.5942940451207,286895.2129615834,97,3,2594.8872645793112
27470.564001651437,62,662.2104432657851,203789.20271841006,303,1,2472.788857734342
22068.797028797475,64,535.756547321509,274918.55536898156,210,3,2961.632290264194
31172.14751791187,60,626.805351112258,191315.67967373683,319,0,2821.236361717073
39600.5095582488,26,679.0722473003125,245975.46797635738,13,3,1178.787270112279
33746.666787454276,27,637.0882527147908,314752.24201765755,56,0,1863.8462780560458
25273.981133905414,43,693.5993547740129,161926.56550720785,260,1,3627.700998386967
36692.53190717292,55,778.9555935777911,244369.65004550596,148,2,1028.5613826118752
51296.2624674726,39,702.5112603204595,150565.46387738507,13,1,2191.635808356936
25566.04668813454,27,536.8889545546917,330853.1778152681,132,3,1415.027126667101
38222.19656147412,24,541.1841636721263,298018.1138658445,16,0,2352.2558232950273
23107.873256286424,52,733.1071260790067,319630.7234000531,219,4,1411.1941085260248
24635.57647026849,42,550.9182227046047,277513.50268846686,99,0,1502.1530026371086
37196.96856539876,67,681.9115658847139,258802.99654256957,20,1,2127.3663558149037
30048.93736473792,25,724.4431054272587,226916.77304453586,196,1,2738.3846144159857
32381.043598257053,20,575.9751899115975,347795.56783901074,264,3,3074.178171363125
41944.42451410813,33,762.5962612692471,382311.860223943,210,0,86.7150679817897
46025.03667372864,60,697.8492796173649,362252.4485687789,34,3,2343.9236075753256
32532.82558239735,34,524.3386410172956,205641.78267924787,150,1,4717.28628460382
44202.51261414125,40,699.631962160409,333712.3076341425,244,2,305.94091807706036
41677.07476656501,54,622.273949380638,271785.0275397687,284,4,3359.873874498406
47653.933598012176,69,631.3739829017721,223345.1868598009,255,4,2932.1934460566317
40350.39120645477,42,637.2374255054301,246047.85192997742,21,3,2388.1523230194225
39450.17029738297,57,592.7084330128001,287260.3152204589,169,4,1684.7536646898905
37714.82988603416,34,755.5956539583323,133398.37238763095,273,1,2410.104145646509
53175.79582306698,62,667.2162424821967,322054.0917478295,216,2,2339.702825839484
43132.74120417791,57,685.5713661565892,298682.89368238905,135,3,3283.993344013169
31723.720721311707,37,507.51814709165274,294624.41160901403,34,0,2010.4776714830882
45585.41334822035,61,624.2974502994097,299515.46299455035,102,1,2172.5641871105286
48879.31175870351,58,765.6912891268607,309997.2297367663,253,4,2775.5019638753133
23024.505742361336,24,764.385290287461,162885.39010481545,194,0,1768.8915803685354
37746.73084230197,35,819.0557456790451,362691.4570828976,290,2,3584.857492544535
46792.22124245873,20,552.7219079532853,266930.5985352421,67,1,3060.678592592961
57911.13025117923,46,591.0279600053535,158901.84324878434,250,0,3180.3033789491565
33855.260646447845,25,910.9225362008665,360755.6847335174,66,0,3933.012612103656
46726.51953014709,27,506.1800863223037,121761.78298288259,52,4,1308.8532055657522
29866.788735215086,56,789.1275620990533,231159.64586734353,140,0,1278.8607099556186
43219.4974820565,23,696.6388546853715,261262.92104668985,99,4,2254.4666476499756
33919.01533985425,51,644.3978269805717,262541.1578972231,128,0,3569.8325906761233
43600.97409526484,29,596.1039203517774,212373.22933093764,150,1,2845.6692724740938
34121.756123976564,21,476.065087841829,296503.0881175517,166,3,2902.268644030195
18626.363283443607,66,382.7112159310891,160297.1601044046,322,3,2035.8430756434254
34695.349109362614,63,632.8278676965309,371051.15254949685,276,3,2501.355805773219
33064.65320856915,21,669.9124318948656,271020.79681002547,303,0,2157.3244249837335
29710.143067028064,67,751.8878158394447,202993.83954088402,237,4,2937.436032293911
34743.72997107414,39,795.8007498130933,264961.57810936973,215,4,1011.4200095335034
22673.644162250726,26,573.7099291413763,281442.1068000483,87,0,3430.4276545716984
40193.190512856265,55,681.1201300969337,297983.55208661506,64,0,1363.169694472348
47085.731583190485,45,556.0823196555001,291226.87036312243,230,4,1592.5073269238173
58778.10294905212,42,664.7324729027166,194368.6758409902,33,4,2597.253786067004
41155.936616062914,57,706.3189993824157,170890.9379446756,315,1,2559.1477582751795
32536.67069570483,36,682.5773090156972,279606.49618233286,215,1,443.2062953953814
29565.366896535437,34,673.5032934517043,241345.8995515515,76,2,1681.765067975271
35130.44562554591,34,732.6239379084977,299917.75212042703,162,3,1820.3734008809504
37163.24078481737,29,768.7550532788489,264276.4127083004,204,4,621.8894771146295
35260.79974944103,51,509.7708645610301,307964.2324084564,177,0,3815.634316378637
13979.469447008463,27,639.5623690065978,285960.2257577038,186,3,2731.0662217457366
36184.30462610972,46,751.7015646143805,378513.62033504626,253,2,2202.1323717433015
45804.521571107056,67,695.4362517500497,221697.6393567497,320,0,3115.081181105563
21576.686130778944,50,648.0998330337552,360108.8105034411,164,4,3053.057728713439
41898.16881705713,39,622.268536388796,329259.5718983523,24,0,1389.5886390338392
49995.190433271026,43,633.788699787156,269823.8140906341,359,0,3365.5941458229604
34130.632138055036,27,714.0295095994827,240803.21567939906,231,2,3304.38666111797
40122.09200795609,67,591.9117147023376,185279.91318762218,332,0,3031.3815820086497
50361.68216770729,19,456.77881540823614,249109.54681798656,50,1,1763.3116448275525
48183.84333210823,19,717.9544886681433,256535.20944184525,63,1,955.7229393701834
29015.16213801979,69,505.1512911131436,255075.577508851,94,3,1845.2291782218565
39368.959109781616,19,619.7790957849666,322601.169443806,140,0,1810.2677123600863
20838.751524629024,56,564.857732647192,268753.92228792974,190,1,4888.579984428778
20238.135403315246,61,482.7502088049772,351892.8198075706,189,1,1470.7784098588465
52935.93555479189,33,650.7773964222471,280609.2146676592,254,3,472.1772562734477
45624.11108378567,40,760.0513597483324,360274.93512545346,259,3,4181.425046261745
45762.81505437014,41,658.5670612344184,131390.08057584413,257,0,1724.0160720874667
34790.921964813584,49,657.1237668192716,301387.48528281186,29,1,2315.091158963757
50769.16262459138,51,668.7934946192636,425832.9614249425,132,3,2183.8284714115025
56985.12498677992,26,673.5063704358602,221870.75927641423,274,4,3451.6246641106677
33885.32878004885,29,791.1436510048867,291657.29445379385,209,2,3531.4771018687484
41903.052621031435,21,594.0120256062922,345757.824167203,296,3,2998.800114661865
28831.135415851004,60,751.2140300065973,269211.06031330256,138,1,1865.5487933907555
28335.92829534828,33,734.9073171298935,273687.53459883993,99,0,3042.167757147808
31435.00476285151,28,724.0139276180432,113412.73456326795,167,2,3958.835784659409
45411.133822216034,30,675.1167271051132,220394.92223778824,285,3,3086.3330349265357
37909.49901804183,30,746.325586997777,388871.42380296596,21,3,1083.3743164842917
52406.31139187735,21,746.9665775557002,262000.69786555102,162,3,1017.0471337024783
33014.33592757344,40,679.8248734905217,125761.4799961919,43,1,2178.7500501049885
46633.76786603928,37,691.888047111397,287842.64083157707,193,1,1045.2216873172993
22744.259287112265,63,668.5692376009622,268461.6154856739,230,0,2420.752555581474
59647.96672189802,67,638.374767303787,153193.58570669725,145,3,2365.495052588047
49382.33845167233,68,614.6653724623077,104905.81290581293,164,4,2788.4477087375685
32418.394007227922,51,643.1148929034027,181688.5033262231,60,1,2532.7329503216074
40262.029226661216,34,677.8057332961941,306631.75127736956,248,4,1203.0172432566335
70006.73082383389,60,590.5893722903796,364609.40221408335,24,1,1265.2498852117192
71203.10611264242,27,705.7052625194725,264155.831035916,206,3,1542.2185042824487
60790.07598797535,68,695.7938360102884,206803.83351674714,287,1,1462.1546128130474
51528.443165768804,59,586.6495795859917,239611.027666215,191,0,2242.995473732478
40144.87992872649,29,699.3750708277395,159321.5806210866,23,0,3756.230697685152
52598.088715446036,56,497.5943952192648,227459.1677228922,27,0,3093.718883584207
29865.820451549815,53,521.6517119416942,329701.90627058153,244,0,1402.2363552494896
54734.90762661782,45,642.8801855910662,299044.19193333725,79,2,2059.466407096698
52040.828140318554,66,788.2766938340626,337490.63881309686,89,1,3493.101737646511
36204.822106283355,56,609.1272123279724,189596.2987884112,174,2,1844.661437973021
49782.9463634704,60,670.0008904246794,210615.97149649597,53,2,1428.4305419654868
28003.461375145962,60,725.5698853897187,320493.75366688694,146,1,2370.7467161325203
48822.760038207,42,748.1992480302006,296355.1405230204,84,0,2448.4274038285853
41029.91823432681,62,788.8667783588478,227371.2570360082,19,2,2823.6468799140025
50571.99489986406,34,769.340357085732,177735.55842874074,334,3,1903.871122321089
30330.070421011034,30,697.7101265950928,217806.37195359863,299,0,690.1807182077334
62562.799052751965,38,842.6654223788577,157798.62481236187,281,2,3229.369758568649
27653.77833837134,27,802.2305899074863,347566.04521236307,261,1,1145.5738960585725
33443.14742833203,63,579.5180601281086,267748.19553976733,332,4,3342.354985167086
52136.431001947574,34,726.9816032481128,298968.09024624235,331,1,2011.0946123809663
32804.59718991119,31,902.7090824818489,163290.15078117696,18,4,5029.64653677227
35296.38634555542,46,564.9856905183512,293088.53524140577,358,2,2679.272166494936
44412.58659106445,22,578.6342801957504,159220.89247453713,350,0,2796.505690710697
40184.027937760125,33,605.3307112675423,306297.541904101,283,3,2056.6774257888146
52162.83304195491,48,756.2232576525334,315642.6021517526,265,2,2402.126017767964
34239.752578967826,64,697.455719974129,103772.80527579991,50,2,552.8229661703085
35202.76490243967,39,606.3696812007311,158400.02011962503,107,2,1996.7441072547886
29716.244113058594,42,712.7095124703551,307109.6250742066,50,0,2463.538432276418
31796.093865975214,58,692.8611730094804,307214.923349532,312,4,3545.515810923423
41471.13156405218,47,648.1084116314169,268350.45463211805,214,3,2801.7925865377
14972.535956488937,31,660.7718723796283,185429.65600756262,330,2,729.1582455568783
62767.86555798517,57,688.9596002840887,345037.67406444007,338,4,3910.6945886971903
40299.46171735333,55,608.5340783056707,231674.1115344491,267,2,3331.2008594209906
44542.992206531315,22,526.6894069218288,329408.72850176686,167,1,650.626166443452
52791.0573949577,59,650.5092748968208,268205.2843971368,359,4,3208.913679679936
47944.40729480338,58,766.8615391658029,250546.70369492006,219,2,1502.1663138059384
37390.87236315424,34,794.6732964859502,316735.6615358827,149,3,785.2691477343047
34393.4040979204,50,494.26909047898545,276542.1038677885,200,0,2922.1976162777937
32398.008803694363,60,560.6202565828015,159097.90399127585,272,0,1556.1506175680029
35948.08380122535,19,579.5524051705987,255921.57713992978,283,1,2486.6571551249176
41146.461849985884,55,700.8550841474237,347946.0208874945,13,3,1750.1538664882444
28632.652979936567,19,556.5564409878044,266517.07984713116,38,3,1796.0898949073974
28233.470605000468,46,422.1816998391043,172279.6222964822,214,1,2066.634807811577
27174.210823624802,37,350.49019723988226,205957.36239996343,42,0,2600.8596245897297
17310.83079956555,55,623.8268974105325,319119.1569511434,27,0,1608.5002967362582
48741.44111492984,36,792.499444155402,253392.04735974257,199,3,3375.5857713653345
45324.43228242211,40,632.5291199665859,219800.44463519822,322,3,3701.4687652749994
23198.351862383686,33,840.2330098213599,197664.0352910428,106,3,2663.2917367873442
43091.49252776382,50,950.7954398197587,332221.6584403572,121,1,1447.0375092548845
41744.17054390902,42,687.8790080079997,265262.65054176067,311,2,2713.2697419342953
38208.256618453976,32,449.4620623498863,188898.2353782849,126,1,1146.1627028638745
15154.031914123967,69,816.2225003981487,148662.45425350795,39,1,1098.5850586782449
13160.470363779526,69,512.4299749899827,194359.17855029335,31,1,1691.2742601366392
34535.06079120451,58,653.2400290490584,291000.68545758806,97,1,429.25893716812567
27290.896838061504,55,692.7065604903119,234714.92944429602,312,3,2520.2827506306157
31384.218172034394,35,734.362961306013,309755.3050312344,149,1,3031.9535159061475
28151.160811020414,44,667.4426797934066,389910.5711582506,291,3,1260.526508653482
54873.96006795143,33,655.6343057773555,109028.9974343096,223,4,3555.100242903095
30550.99512810052,29,718.1155923237584,318352.6663831859,291,3,1145.42358889195
39051.172003453845,34,743.5457598093323,240737.2994997172,17,3,4001.2783682619274
35320.424371792695,35,777.7154465491935,397142.65846618975,23,4,1337.1178451617802
29228.451157330917,19,808.1136889331592,303039.90269995993,137,3,2062.4984558213205
35316.87162899556,68,723.9525681455234,234304.8699250537,99,1,1116.2313996633627
40336.96536487303,62,782.0232752982499,209207.03236473605,185,1,1155.557024196094
31289.426981335808,38,669.0078084870645,216202.4755860362,320,0,1793.7329757360756
48009.34566860283,28,714.8089808345209,321462.5342024337,279,0,2686.688737701667
25933.046745566207,56,645.344568357486,223510.13111405933,51,2,60.03653986373292
39662.222275586086,52,713.8233308686537,326671.1618921092,338,3,2663.098666129655
29412.206521690438,54,537.9829967867595,216342.52267090406,347,0,2398.490318041576
40049.61778914914,40,585.6989494726356,273240.55636931345,289,1,2234.400320093992
59633.13641518282,43,515.1550610144782,237220.42729519412,343,3,2459.3104509450764
56022.20036947911,67,597.385375453739,208168.63932179598,55,4,1823.6285882579489
42121.95686643251,52,659.767930354947,281172.5796864456,50,2,2307.383503605911
46343.51615489118,43,737.3774576363456,181460.11931127575,305,0,2730.647679862809
22139.234577473955,60,743.3634124107649,170165.03387768785,251,1,1723.2012571943021
48598.22712109896,51,668.7677981712743,266842.60227060854,85,4,2539.4230325443123
29273.608885424765,62,510.7457999941794,212972.91270392065,359,0,2874.8467669891093
45858.64781499108,57,555.8093560123108,321875.1620609841,61,2,3674.9629079584947
44982.344105951066,54,647.2560139841081,390711.0334277832,314,1,1530.5997383072433
24832.398772707835,19,641.5353927040461,236106.05143935682,271,1,1892.619018591193
45899.32468820711,45,637.4463008362854,283515.71354649105,192,3,1076.006518743492
39231.760069103606,42,885.6646220314276,239896.6086900391,214,4,532.9126250119374
47581.90891313931,58,763.0444667909967,184990.08003884897,235,3,2870.407321667927
26404.209323805473,61,702.3386527338614,193979.45032804058,195,3,1059.0069789359013
43464.70709364923,26,495.8291829905534,271750.5505044058,322,3,676.6151928174836
36154.613507751375,42,737.6312071767194,240570.33933391934,133,3,2875.163337410252
36344.60774618988,55,722.7965091477487,221051.4690943624,158,2,3017.4613169716686
1603.9188527926653,46,463.9390434697169,378486.00735372026,249,3,3472.918411008405
39623.66621961399,52,629.3626346644033,236807.12091285948,179,1,2870.3541801677243
47836.03593195789,30,422.32825105158815,354558.02333487483,77,4,1259.4906677200834
40260.59395276506,24,508.53858195133233,191379.79496645284,236,2,3673.46610010469
38181.826797826565,39,979.0368358545722,306872.2467958208,332,0,1789.2533007789687
43467.720050008604,34,675.098849675804,388282.8030254294,83,0,2416.6434076111113
25751.94776928544,32,785.2803397637249,271332.4208313818,38,4,1588.6147744738169
27961.388060180165,51,662.6766499477031,304765.1382848061,335,2,1696.3109796105725
56945.6688166876,53,449.79252643496835,172975.16641263556,227,4,3070.2623789707795
59689.35566678668,35,632.6966022323486,387100.8814648677,105,3,3492.8767820517737
52303.519723270874,39,741.7870038146427,308802.4090703459,207,3,2830.177421518776
29150.368303968324,48,554.62798211628,330963.6047251657,319,3,2543.1605787591793
35514.73483724565,23,581.8633029441247,221387.47980144835,23,0,3876.549715226172
44309.78704850667,67,652.5329203071174,366512.8031199823,121,4,2147.4251629720734
35529.19387110467,64,494.6367704542809,293360.6549807157,237,2,2571.0921005012433
20428.578758830845,44,698.0892913436754,223116.99227829947,16,2,774.9968817589321
18252.005206744045,41,671.1634396223693,279228.33588091715,245,4,2868.7675995853992
43433.137507414045,48,491.8970644679529,357638.01868457644,102,0,2287.777769717432
46908.88616944581,57,863.5777820328747,228622.86269778217,346,2,1580.2575682489598
42049.91942472893,51,753.580406139373,277794.27673672355,100,4,2238.08604447831
29413.73725490723,65,706.8207809445206,266538.48543601367,178,0,1260.5491984661346
21681.78502401763,53,684.5602293153528,346305.28064272646,97,1,1447.0510266423328
48039.269737769675,27,606.549413501623,212014.4099132437,20,1,3117.2244863156757
13793.228990382053,58,846.6440592013342,254631.62214063533,57,1,2399.454414632223
42913.74729513268,63,528.637663917066,195426.58343215677,84,0,1684.477294891681
46557.61528551938,30,479.1640706378048,299751.0484983643,270,4,3023.636954648067
41179.85664613684,25,621.1868644925686,253385.5048925496,175,2,1269.5963907723674
31819.318366957075,61,762.2357927366882,292811.487027199,38,3,1738.7502972493344
49043.738979159105,54,674.2507821259123,338853.93843288155,80,4,2667.1023217641296
35541.38479056519,65,792.6800289062503,263573.5181998537,358,2,1265.8362035566079
48011.28509792631,29,689.5507837058245,291850.12252075906,166,4,2105.70439939354
32702.403328014152,68,593.8886770990125,279111.1863567369,53,4,2472.5031807808905
38789.75510436884,57,458.38154646489966,282911.31971729797,298,0,3125.000236006851
42290.64857104438,41,783.2879004047796,268825.5204686553,315,1,2092.2698270434184
28829.16949564785,49,452.2799828416835,249456.89371792274,146,3,2416.265750868008
20842.72359746213,30,492.53203778304055,261752.61295625885,119,4,2244.5858963089813
41452.46754131903,49,701.4416406687018,311690.89670909446,209,1,3388.579178579445
60043.40307512217,33,621.6074857050795,390542.57161874836,174,1,2728.8367327239653
32208.366625488423,22,812.9898715787713,311369.86431393365,232,2,1804.3149183661176
22813.091828490255,65,662.6757271173909,349319.3641481899,75,1,2493.839703945529
37687.40434071059,45,665.4010703810891,225048.44754583534,347,4,3596.6802151217385
34123.26490145128,54,688.5381109615806,185133.20311174495,215,2,832.5312073277403
31566.771815973443,49,563.0297255425813,230237.9146629952,303,4,1077.2124698907958
30464.701599885742,34,495.91064117416,341233.40856978006,132,4,1824.7672320010654
34221.63349015982,67,501.9005408687714,286814.60509678867,173,3,1907.0216642049759
20208.724276653375,69,651.2680980037691,258619.963658519,52,4,4732.409564825775
50412.30225701473,23,648.1371140754817,257410.65891446042,27,2,2293.3371755607304
25762.34917086408,35,617.0955945380464,251683.2821427674,40,0,2042.42986940522
23231.25446543518,47,464.8404335416942,232744.20247731704,192,0,3450.053162379067
28797.076273174935,64,674.6125229221925,280364.28770525445,322,3,464.87620358287273
49282.477800363675,22,809.7602118488469,230620.6712314844,225,2,2893.0205623635156
33622.6780497884,55,538.1367934474696,359201.1071579635,59,4,2436.1219159523007
40476.79428269416,21,636.7191190649208,363139.36217606365,358,1,1389.4945887760057
26103.054104360104,25,594.4530997229604,241128.5283768621,72,1,2548.0626950571973
39769.181871174515,44,732.4780466831021,195856.7241717998,228,2,1953.4275646555075
43089.90579283307,21,714.2870713810777,236635.66800130176,119,1,2219.872706321641
46760.63723064809,50,739.562726223582,405748.8778663986,148,3,2629.181826547721
23773.82207646146,66,604.0122553893945,238359.23848561954,78,1,1032.9191936673537
52136.22210574038,39,806.9476523300053,272469.42810092104,95,1,1836.7517324467606
25926.870002895615,39,666.508253598395,382548.908513844,344,4,3940.609698924861
46113.2021307537,64,685.9367771554522,310350.00508433004,263,3,1430.3513862304228
32450.439960147243,29,571.5297735249972,349253.02844285127,189,0,3009.3809222744385
54092.35206753279,23,707.8668353432798,164508.37370608194,295,2,2760.7777363049618
32338.127026576418,37,786.3936651832461,195891.42836029702,213,2,3368.367990986786
28327.136271438703,56,793.1320221628216,115922.50889737796,265,3,2556.3215136238164
30703.76200651766,47,832.4217215426264,182740.18766507023,263,3,1345.35785616506
45056.22148133139,24,663.2840460377985,302839.94398614153,214,0,1848.5455758404253
43641.072711732006,65,541.4262892610752,202952.64479981415,322,1,2034.6903410782948
51085.14007712184,48,672.0253683586282,216806.01502665115,305,0,5334.37989455207
38201.578962218075,38,587.6197645656486,353046.1479339765,38,1,3034.4995449909293
26095.082891702492,26,664.2546522563174,292355.1379672665,120,1,2284.25719635517
31130.151260833198,36,563.6146033438795,158351.43098463872,240,4,285.6781697340798
33744.012669805714,25,695.9303363356985,243369.01270016484,75,4,3825.352054065651
23966.085331170245,28,587.4868892382315,269583.7114358679,243,3,2562.1893794128614
31376.574995527415,44,583.4529429377366,244616.08223076625,122,2,1019.8001250303232
43533.28127809163,18,644.9123586405813,346064.756093447,70,3,1457.0741367574417
28739.062093482244,29,682.1888962308833,209766.95567683282,331,1,1706.9178090455734
48617.56687023587,43,697.3391577847018,238654.9290684089,41,0,2301.767781952825
27237.91574416013,67,728.0295802282047,382423.5357213824,346,3,4451.984020518826
37570.72178152723,48,735.7647764936606,198767.91438675698,147,3,2991.8771786266807
45511.74710357477,34,673.3769669842094,297060.0995828986,235,1,-79.1529370449929
51544.91146615519,66,634.3736391439882,320024.7103006465,57,4,3188.017426873467
48768.833489978344,20,556.7395620447888,275932.2873384292,86,3,569.0722120152495
39113.29465979916,51,588.7946945029983,243089.87714150964,348,4,3032.9627419556405
49595.9992019043,45,695.7968305616834,312857.74461909675,155,1,-529.6986011689138
42290.50781501922,25,553.8639367905757,252308.53854616344,202,4,2954.6965850698416
28894.517246178475,47,644.3290489788426,177711.79621174975,173,3,2370.871546406223
19798.742254886936,20,477.99658780844146,293752.29754230654,158,1,3124.027092714492
34791.24947053008,63,544.2537234306767,182391.40694472543,296,4,3968.939791008456
55884.25338309608,37,666.3507959639787,305467.3445164426,354,1,1623.5085138313036
34479.448007056926,42,654.0473996136074,200527.51406799877,29,1,2813.5582567634165
24563.95522365491,40,696.1965280975455,297770.06540918385,171,3,1792.9897252387386
23006.64009425553,63,699.4453819575025,260812.1908198033,64,3,3614.5953092471736
33581.43005569154,20,483.63203087296444,311180.87576650316,113,0,1943.7649557765194
34449.678390086185,58,488.29316597151865,276365.8933116057,126,2,4152.323769507641
44347.778339349265,36,692.11305780743,279565.73830344185,327,0,2938.592732796865
47496.055781904535,44,659.6477338040017,260011.014306713,315,1,2774.865630478141
62656.41001498177,18,724.9610587496888,239645.1688308243,263,1,1541.632829949736
31600.64915429985,63,492.44604248880495,221627.45537442033,259,4,686.5847233090482
38644.91719749781,19,562.6932114611907,282228.8451073652,153,0,3972.887286281358
34291.62386029626,32,650.281210248928,184536.28921187524,159,3,1361.9663099221275
23015.705103957698,21,741.56485479473,205209.00722951113,173,1,1257.5810351759935
28091.245531282097,31,683.7851092633587,341089.6569889801,117,0,1477.8757107062852
32882.04876178045,40,757.4443099720409,205233.2643615521,63,3,1791.2269943255208
26258.400436936146,32,692.2601685142084,261936.53909119108,15,1,2524.4286265305996
31366.7795120827,63,629.2073640576517,111364.68339168953,91,3,1941.6059940185608
20303.689449420053,40,591.3975090733028,230106.65543183466,305,4,1774.8965965356074
44074.22724064969,59,607.8265648425966,286810.28079308016,334,2,2116.3414353038697
34792.62676812862,37,585.2653450358381,422986.441662555,63,3,2793.2997732163476
32991.697974769995,51,704.1011055247468,297178.5737999252,219,2,1247.102847796444
29816.552751101604,45,670.7430595573172,237498.65752942915,45,1,859.4178944606344
32036.33688276868,53,645.1661611320476,349879.07924281614,178,4,771.0897357285075
28642.386989490336,63,535.677590451999,271765.81865019456,312,3,1952.6310215933363
39893.61112023997,49,751.5248329887207,211921.3506244602,173,4,1408.7771498395293
30844.99107494344,67,561.3974103913494,215291.83951090457,183,0,2045.8151588139363
27142.992593616575,18,558.5041850790877,266460.57085056294,349,4,692.996196470304
27773.99908781961,65,780.9028561567391,308480.6090426616,79,1,2407.6453231690607
41183.8966850301,65,716.5225043411729,178677.42747034886,57,3,1964.5668826982098
37618.88884902493,26,741.1205765846473,99484.486166173,287,2,157.51073083309765
32879.72041080911,63,626.5862453787074,198332.34815384736,285,1,2416.910113755801
16247.968361498286,18,703.0741550123153,155262.50142828329,52,0,1850.779591142315
38444.431750452786,48,603.930618946529,246624.8158714363,158,4,-340.36538516195924
34664.00833654245,24,658.6919911426056,193974.17831332408,308,1,3522.30757440931
32447.21940079473,24,633.5912029797466,280598.2551410718,298,2,3243.772522109301
38203.34698454647,67,641.8467725099138,309685.47420227487,73,3,2232.761064202398
32679.97030017,64,548.0202593763947,244556.39363343106,311,3,2479.0806529574043
32302.3916076831,21,593.5641735143741,253024.60033774783,69,0,3479.3423103791406
19495.954861457223,29,613.7485144825082,125987.12335664702,249,1,4170.408951138417
52329.875331107716,31,820.2633418757868,188503.40923933013,262,3,1493.782398632364
41055.002777692054,48,548.3663034276861,238814.18386793087,251,1,1997.4625039424207
33135.295145547956,54,740.3014910951431,336690.75621630525,33,2,1436.449545372389
50691.120792360234,45,402.8005913685296,298263.50209877006,38,0,4159.100065287489
54897.699078872334,36,484.4470085522537,212218.58861305244,135,1,2583.9757659160327
51770.1055178321,62,620.2880557839171,311725.21257153497,91,1,2259.4559271895396
38750.89306575679,66,763.5226322814613,270206.53512323776,171,4,1731.9792154265085
43211.58568352744,57,561.3068375063384,249990.60500679156,20,2,2958.2631068706505
15945.083465478154,42,656.1384852571741,273776.0358491071,120,0,1468.9473810900115
22958.190761608126,24,574.3264261323496,263560.1446140612,229,4,3405.687113650098
29479.36691603751,39,666.658367584843,155560.15265145965,312,2,1723.7248691500276
45957.92018124744,29,634.4671346175429,174010.5833888072,48,3,2808.6246873870837
27214.43141072994,35,926.3098239189956,376835.6786461622,202,2,1656.5103597401692
45421.28233353239,47,584.4950790388227,150105.71391044787,105,1,2307.7467973719104
33928.00799331928,33,605.3982994435338,266719.4869146707,326,1,247.2132276689581
58664.14425173053,41,558.0183337028354,274304.9749687861,350,1,1707.317096256966
42889.58139633728,57,698.4771586285805,259426.56623319574,207,3,3001.069925033382
41312.89090616638,25,731.1518968124141,302914.9839267866,170,0,1958.1907766901259
38621.940095404505,46,570.7821037149573,272128.91542267427,223,0,1171.9106477793425
40237.18897752921,25,672.4409087934399,301435.7820800149,241,0,2331.3246503919204
20221.172022849078,63,454.7641024038451,280256.4966815312,355,4,4310.078199362442
38739.808288891865,60,650.5748956005418,243633.1001206906,59,0,1002.2473440161384
31146.923097724786,61,703.3065582086929,306756.47236594436,96,1,2393.7332109639706
53686.200471112425,36,768.7592470025809,284451.81972410384,12,1,1035.3220610697692
58282.1913325706,38,714.7897263365043,226485.4623714025,289,2,2205.6586759052234
46597.11705096137,62,748.5796109693634,382750.55566121015,240,4,5552.140970323107
29954.93756691897,29,853.6129812296163,315337.29977553274,190,2,2382.355228367327
39277.70481365636,39,661.4097951569314,141370.7882641009,126,2,3166.335413060055
26999.43464406492,47,652.2841088040551,121146.2906060519,263,4,3764.0629265892107
3400.638627277007,53,688.6718253018059,161229.00826561253,30,0,1998.989204546351
27417.085441094452,36,621.1416885775999,411435.89006746985,33,4,1862.723637294251
44317.12000199606,69,670.1301617040477,267990.8696592169,132,3,2935.392993536
40636.28573848015,59,597.0165291004131,219194.56124701092,191,2,1963.1665057930961
36234.30314452824,19,650.2260354961622,229565.79699345003,240,0,2253.672651248281
32563.88766325023,69,487.42521848837305,188689.61020715104,22,1,2237.3056496326262
22063.058797913403,57,674.5521401935584,138744.6949692351,19,0,3911.8343840405505
29126.902433455572,62,676.9097843543939,215972.8149794404,81,3,4148.110728566973
24615.378691030033,26,734.287080644588,367914.15772275114,29,4,2944.2900023482184
52195.77330416654,39,787.9957139189763,240037.16543350957,257,1,802.6109726010084
38674.20417934598,46,710.9184983191219,214377.91875642492,294,2,2591.566602570303
42905.714338021935,20,588.7046231540244,212358.52614297697,324,0,2299.088169890399
27834.459902898845,20,474.88228338402416,114554.37181289413,82,1,1634.8172435477559
43568.563412604686,34,717.412995268085,216636.26925976205,137,0,2263.3872711369254
46613.15115459399,53,687.2190235289813,312895.34954444645,110,4,1324.0711946860004
33680.85153195576,24,767.2107007453354,301507.79658499034,170,0,2552.1240534571984
45012.72350062424,52,576.5225415673214,349361.9287021002,286,1,2742.1529014878242
40763.47910875137,67,839.7889718541985,365721.3314463978,260,1,3047.232791221697
66384.51230197566,66,802.7578956881462,298082.59956759907,63,0,2410.0366412577737
37752.05535354063,38,635.6713116024862,264955.33481814427,246,2,4385.833575993716
61001.69553525822,56,668.441440889851,205596.40487740588,31,4,3275.585099347161
57752.26946323125,65,603.9927755953842,312741.6675423976,280,0,434.3260281673105
23438.56892442199,27,424.28145655084796,172287.55495824746,109,0,2620.859622440635
20667.82326748471,31,662.2539566865289,256563.01971329763,339,4,2845.688862423897
61983.52269818615,20,618.3809439565789,287661.35576347756,344,3,1282.5490613133054
39263.23203541352,64,423.6481465632179,182969.8003163687,325,1,3249.0751029650773
38796.535731858676,26,686.5611384153759,249301.30886832994,326,0,2016.2311712565956
40202.1520834729,28,727.5458425269994,248937.5822856115,219,2,3760.868876980483
28836.77853117846,22,505.5307492595327,182464.97848487413,313,3,3656.4358180696813
29364.694986826606,67,694.6392967904552,326138.5690310633,103,3,1952.2748596857025
30075.152396828762,69,747.683589886791,207513.4190733109,170,3,1096.5448188999883
36147.633742240876,64,533.1952631538667,132487.34421369014,107,4,1291.8343708291961
44777.04633039789,19,633.5557753709176,194634.49933709958,214,1,1115.5866485732547
40927.12692935852,67,564.1070623945482,306797.24738801457,196,3,4362.593004823625
46101.79447897659,61,586.3493083404085,240201.65182502836,223,2,1501.5340596454866
48473.858226106786,50,616.1572526497554,372612.69312377943,213,0,2313.69997990022
20478.740115134613,69,503.5331251182841,302263.6116530289,345,3,1610.187834963665
38473.71976689989,44,730.7029520307331,241505.21497829637,108,2,3026.034893142864
35221.03268453825,40,574.8348376040909,276546.03517317073,194,3,2840.308234014416
45417.020957247805,18,726.7476438554287,223371.27240714614,228,1,1920.291361713359
45369.28274925973,68,675.1609691729583,254184.78560046767,311,3,2107.2476103256313
27805.223622728256,55,586.5353448242062,142797.68957758904,327,2,2922.3789755987405
60802.88890436356,27,518.2143806678005,219412.61976286667,227,0,1584.501822001112
27705.30798848517,20,703.8487655732989,221315.89725555538,296,0,1607.5730545793717
42229.3781289313,32,807.2413204821829,243151.73569826243,31,4,2250.8269035151698
29711.593230853614,53,676.1657810310223,308370.96305849,79,0,2432.2223857820577
31144.68015718494,68,764.6487520021026,294861.58661362197,250,2,2292.2262975543517
24961.618549365594,39,600.3244263465706,135262.58322593773,291,4,3010.8765136382544
55549.5210322949,35,878.191076688597,204512.34698979542,194,3,1514.9259521768029
36357.76027960299,65,512.2145021162205,280655.8982439825,264,1,2105.6612167337694
18273.16890189703,42,557.190528800944,270159.07750885835,189,4,2585.1840754840855
25181.444894510074,37,679.4061193443196,198365.05805959093,214,4,4117.898868817619
36996.34231075847,33,536.7228571792505,173544.8551498989,290,4,3338.217429578596
28625.077870411325,34,546.5475911489962,305804.49588170217,142,1,3155.231297689084
60119.34637803675,45,536.1791184070119,160102.5407304392,130,0,1886.5265392619726
43136.51983202983,29,530.6774655223643,272331.4713043027,299,2,4499.687830373248
21969.589592646465,34,669.2775765007802,288248.8182297142,262,0,3143.5233675481795
52976.23409923965,46,732.5255038297123,285873.7228563094,168,3,2789.2069913700902
25234.27382780636,65,788.8694072968063,268778.121902927,330,1,2507.7977090407007
33177.07098556995,25,802.5113101768586,179638.20986666775,285,4,1736.7934759874063
34618.14636405073,69,609.1925111485283,242589.1730962675,317,0,3366.083146108259
43393.51190188434,35,707.1249794218104,222155.28324999497,37,2,1952.532869862362
40212.766125312395,68,489.40094999081623,272570.6041629815,269,2,2108.4148482413725
25720.11084895146,19,602.3778220567121,237199.82053102393,27,2,3502.2482091902616
34210.12277663412,56,527.9067218217107,235132.4684219659,296,2,2627.6036940698473
23072.924564720925,28,640.5741961929787,188175.34651426223,246,2,2294.241203323295
38755.94021925145,57,765.8778997191134,313267.5618245035,321,3,2918.5108164744447
42118.47612682162,41,823.9159171900003,282285.185250055,53,0,3701.0903042315945
24378.40406688319,26,542.8688144571479,301584.9253017713,158,3,2137.975443817145
31751.513453967258,55,498.75299463183006,206729.02007970054,119,3,1729.77201125662
39807.07158986335,20,597.6324531055867,278865.84791067493,344,1,4360.95042980691
38630.3182849382,39,553.2959534533225,240546.97243150946,94,2,1562.7377072899792
55430.22688929986,24,632.8047005132712,279229.94381390983,317,1,1673.0980860945162
33250.36963108211,53,726.5574421764283,193892.1616102335,35,3,2882.655714067352
33666.68881652216,69,637.6637860143328,211799.4524027857,22,4,3593.2097949387444
40872.61185109298,62,508.6111822185832,275538.4424325885,67,1,2987.336832126781
38953.03444059333,48,788.5747913646105,219196.2484624747,340,2,2955.542071387173
28899.566530235803,55,650.6673221643069,344127.9861700248,213,1,2053.737611435262
31078.493352104822,28,718.676049515134,311394.39706335275,70,2,2366.3885295811206
39357.92102753581,36,696.1549596248857,275456.1008486131,257,3,3179.674635673549
48833.44135962166,61,645.438838596187,334208.2835540997,222,0,3710.554031364173
40572.260602290495,63,629.1100891802971,212186.61012263162,150,0,2365.1372424703472
27761.143284801758,56,874.5163581538374,214723.17039239805,77,4,3959.319616628711
32515.975341921832,56,752.2693542990667,259738.0466516564,328,2,572.4376627910091
43203.823218043544,29,605.419251395484,195958.2616338952,171,4,1570.7234250554918
31118.46373665105,69,724.5789295471172,271218.57576141274,320,3,1746.216627765371
32599.382687165664,35,661.793823708862,242766.2075381746,312,1,2555.7509340151764
41769.62520963939,38,698.4842677586086,202186.3439173928,166,0,1365.2621771110594
33989.26640414767,42,510.65541691359505,345306.66090411437,19,0,2955.0104135644783
46153.929771836425,65,698.4714511948864,237836.63739303208,249,0,2299.3431076012025
36327.20497406171,62,449.62502546820406,378415.20219272876,138,0,3263.5159064262034
36296.34709034022,43,707.4746219935216,228665.26635314303,347,2,3594.9700836245233
59795.73441740974,56,610.2041005614975,363006.8489762568,153,0,3605.0651303013115
30190.22549112112,52,579.6377671560433,282327.2848921506,124,2,245.4463997915519
14384.923443718413,44,647.702929102351,256210.57614506155,293,0,3189.281151111718
37783.52112305029,57,713.6255990427231,311613.28273573774,325,3,2438.5694883787623
27252.9558789527,43,625.0218746931088,327025.71188657987,176,0,999.535616490983
25065.3075998434,55,624.1376904621237,222488.3795201813,63,1,2133.4409089036976
43737.23435502252,46,739.7868343929151,212925.87980221634,347,2,1522.8370094380593
26093.593775417357,36,486.1930214534726,183203.87575269063,292,0,3035.4954033049526
39172.606130764514,60,447.513602965297,148855.5595143122,171,3,2993.627207069095
27909.69037512293,37,491.64721666532364,273130.28425838443,319,1,2580.024449566308
42379.02830237981,52,648.5228067121312,250465.92993303234,64,4,3139.4558506638464
14965.340587513858,42,568.2653871247463,168860.1167518005,89,0,1716.774519586607
56064.189669209416,45,715.8914575991869,250756.918989216,218,1,543.2841356967436
15298.999222334638,69,640.0846433646017,296636.7768330806,253,2,2521.188611892698
41224.45093254558,61,781.1030035060378,142102.9837547483,345,2,1734.6628015782355
43248.3764407403,50,734.9639302445232,157062.1698776455,115,1,2802.4378539207423
32708.22329361789,69,599.8658252840347,283460.5717951264,85,4,2208.3061353359226
42873.2683098614,19,452.2594278996055,332735.40144739335,128,0,1084.0258243353603
45092.13875702274,42,500.79946694015916,364827.79632157093,279,0,2730.5172803475616
39680.57435018082,18,698.8252053884921,270025.2453047046,46,4,2262.936370183633
23366.19803753822,47,605.9174921192539,334229.74056509323,281,1,1505.9416092300687
32777.407862524735,37,736.2353574960156,242352.40781591617,38,3,1839.489372640967
22999.649238406237,20,727.7167970529082,283363.8028583749,276,2,3456.6594166839873
31849.25157017459,59,627.7178626804815,220713.4815580317,178,3,2547.574859432814
25479.341134790666,54,818.3957817163887,324318.777014473,279,0,1568.4712887361231
26511.96643697687,35,740.6858434751638,306201.17491761385,354,1,2397.1087190174862
32176.173437542122,51,649.5213984109381,211282.17172337323,349,0,1777.1155512701837
54309.800432673466,63,685.5590203419907,188807.036425673,139,3,3036.958046274109
18747.029642573194,54,683.0238491838078,361450.1741988014,209,4,1095.830799905565
25164.261219942084,66,862.4764218004308,175997.8844370167,81,4,2753.208309853594
50284.357050600265,23,771.5460444304022,246978.89940665042,318,4,2395.828353957064
32431.854021254338,30,683.0070154152439,298111.05986950174,25,0,2733.792223269895
22805.959018150632,65,639.555362862934,172942.65343328138,93,1,2929.189641419017
14419.46670403504,53,877.6610206635773,250936.80997651265,177,1,1406.3796433704752
43587.95911084374,53,670.8251337600942,240883.0817154832,178,0,2422.1273932262566
28580.36110079997,64,777.6437108350274,270809.8472217755,37,3,213.32718308299098
25781.535966938703,47,500.8173012020535,283313.4483090587,136,4,2520.5238224624836
12471.176704513857,25,796.5310257662628,410715.8593364509,331,0,2226.2134024077377
30497.140482765022,23,571.9711361331387,207409.3511880367,284,3,1925.7012574561375
32333.498969565557,36,664.8753882550743,241531.17040163293,274,2,1244.395078670578
45476.78336694079,38,589.5716102128896,331026.7932628322,89,4,3465.9705330483634
43600.60472291143,37,705.0514981360627,229950.2618457287,351,2,3279.3577844220226
55044.25040629731,68,746.5262712465835,373423.54118359176,216,3,4343.89136194545
33634.311655025245,51,675.2404697102595,301339.19263847196,328,2,3783.9881396793794
31161.08931110528,43,754.9544464597652,268614.7891626736,326,1,1112.605144385577
42945.12585904775,21,671.98438847245,310909.17605263484,112,3,1221.6319076973684
37211.86511796936,50,704.0465540205738,123034.70907611796,76,2,3742.134162261487
40085.89445526057,61,575.5705089229011,403343.2099601587,139,3,2894.523761203207
39018.42561915805,57,727.8757286163099,148978.9276228839,124,0,3372.601682730782
42372.73156628986,51,548.1441583476922,358496.1403401021,14,3,2819.820689537343
30274.62936622729,19,792.1316690921027,191142.21594318945,349,1,3258.7915869232093
39073.60232434327,40,434.3976422193385,280593.59462268953,354,2,2967.6299375556114
37135.20916842393,67,690.4287855730994,176427.19523882333,215,3,712.2188776339934
47849.32514164556,43,720.6124075115599,171619.20814610185,170,0,2598.8049815206564
52377.91797213779,36,604.8296945751754,275822.6615738104,198,4,3277.8860309897873
28500.48918589379,63,526.7219193471807,289604.17464391456,31,0,4051.1291374723573
37346.98952950355,30,793.0987650936527,244864.73815736885,69,1,1782.6768233793907
34608.84982843748,55,629.1650359556864,369576.09465222654,356,1,1825.715986853399
35614.472088149094,56,771.2512624738231,293763.80943561374,162,2,2418.335959391089
33537.350836324236,62,783.4546917857473,181180.4668796988,66,0,2425.032904036129
30612.907439194343,47,622.4576698236913,282770.1830922407,15,3,1191.607288222375
39498.89604975186,42,708.0304336246638,234939.97641807765,191,1,3542.783592575518
36201.67669009472,49,663.3868688984385,268508.24531843374,248,2,3081.7748259812183
44344.055181128155,24,606.0602198185733,193332.75499451067,349,3,1158.1537928921207
30691.825722035013,39,748.5105148712786,284471.23323789594,125,2,3322.0667103856154
33100.25954624961,61,583.1468105636014,301367.7713372753,209,4,2902.8415970077895
27537.013230663666,31,693.775855790806,335843.58673538006,198,0,2047.321459836008
43533.8941047955,41,656.1232958822899,319863.1979859684,277,2,1562.9703033327003
40041.75891380446,58,507.2047936992663,193601.0326755201,181,2,1205.4924368461388
54291.96726715822,67,856.447453668387,211370.646035391,40,2,1502.4731246968515
34379.29493335656,56,666.0860875577897,322254.2576656853,74,4,3923.7625371525364
33823.85552630213,69,870.3406317888224,180395.24193039,79,4,2900.5949426399866
18595.989628544026,56,654.9299033735952,398222.5945192829,98,1,3808.485825087035
44440.84575497448,69,716.0964455445071,196761.8518130138,202,3,2003.0801838099615
46413.61086217629,41,656.6529244041153,300140.67766140326,71,4,1691.791376055439
43587.45762190188,24,636.6994899577726,303675.9905161782,114,4,1659.708907955697
46019.79593239624,27,585.8233615997195,240997.5740734992,148,4,2672.5767178902165
50085.234419004046,61,723.1894779903686,264344.8367560748,67,1,1556.2842870617055
42810.94215458378,32,642.7235232366926,350945.9026012867,247,0,487.6794264041191
47845.32777867053,21,658.6461796890098,325446.4124974722,224,0,2846.30089460891
26314.60896797043,68,590.7632075357837,328202.5928647097,328,1,1090.253872568019
31032.394769760267,32,851.6300197401085,153160.03462613688,202,2,1882.410696071566
35190.47314627671,18,615.1303292098753,334555.7710846199,81,3,2650.80080940623
46806.90369326056,65,707.3483590501104,197119.66413682344,186,3,1586.683948659791
29883.123953316433,42,489.6326815813625,279057.05790200044,167,3,1607.9311958946325
35702.159527441596,55,584.8868671809514,327170.23934619944,102,4,2387.2178744159605
28635.1864527421,24,679.9537667787279,293869.26272211765,253,3,2773.5376061313773
29695.67840457576,68,761.9457168568388,293130.45063698303,233,2,1554.3362861801381
33881.78522494256,32,683.9466354723434,278606.1121049019,106,3,633.2725649799429
35318.1138406375,37,543.616622438316,227302.71561255679,134,4,3921.857310908128
39712.80358585536,27,597.9520250558307,320517.545780463,175,1,1480.016494449026
31994.237778569477,44,636.2227482250051,283487.8817506282,246,4,4293.991619486509
51691.3378052593,38,615.6046935960096,235697.7587178811,327,2,2118.98743371662
39473.42783163089,49,578.7398986659141,202213.94576948168,161,3,3795.0194248316384
21889.620752726798,37,622.9884307733142,155631.3520019777,48,2,4437.343352306793
37526.92776554871,48,650.4746001077145,362849.18198369147,54,3,3389.6894463019125
41585.32481941403,65,758.571660532209,113138.06652237162,127,3,2475.4505732121606
21597.084882917243,32,745.0125594160975,300246.21624146996,52,2,3416.472685747205
47622.68690920007,40,777.3117871938763,251572.5855364247,56,4,2909.3048054419955
29949.94786414766,33,519.1893086828467,175405.00616743992,58,0,3239.560884891915
36041.624567959305,19,583.1854945069804,219331.4655529169,288,1,1931.4164749187607
29515.629983688887,30,623.2258119961373,156641.46458536785,222,2,1215.2451411724996
26819.605653361315,20,667.8390943233766,304254.57696113316,129,4,2318.2432133736825
52663.483897585385,31,816.0210695592622,200410.2307957156,97,4,2353.1039231595637
39509.440786483894,29,751.1134360681083,148611.17415732142,265,2,3387.033692852942
30160.652702779553,57,744.5006775083916,373763.14590841054,42,3,3277.010323350489
32043.669231590506,34,860.4761056629391,351965.36391686305,238,4,2561.1116640393707
53868.080343453956,23,438.0732076874449,347528.98301485775,305,0,3880.4134839864055
40852.863872526024,28,614.3441984906016,400972.7443609073,53,1,2923.5770797612195
54786.03749217066,24,725.3940820246258,232846.6580456045,301,3,491.23012323963474
36217.7821969173,63,608.6189610199925,243159.6981667374,355,3,3957.0787531666733
46622.51251674054,54,584.0634732581128,233480.2211571042,81,4,1462.102508492124
54133.26302071374,68,727.5339443040232,240147.99850290135,25,2,1380.5065062706267
32578.09852214266,41,579.9363085353002,230908.83157465816,164,0,1174.5053538117452
34107.74825197189,60,677.4647799851724,394382.6208489423,216,3,4400.468366398097
39459.946294706475,46,655.5643377832664,161951.35912016907,292,4,1659.546047619189
46626.83600626967,18,720.5775834224614,214402.87161384872,53,1,1189.7931764982795
37606.69083881013,68,579.485213070962,285878.84060459945,255,1,2115.9232559843977
32144.89079986034,25,625.7815743691564,300869.10588627274,90,1,3119.336875671467
33341.28840785718,43,672.3023847168452,261866.9736457985,141,2,2220.2454084013457
32943.79732920045,30,793.0468883225026,240489.8937340752,253,2,3712.0448744649184
29496.31366393836,64,411.1659412546223,133565.46750833755,252,2,3096.9725698159837
29386.014116196115,18,643.7186179438374,193597.06020101823,197,3,4605.821275515303
30833.973852323554,45,804.0371622189937,146100.53296203128,39,2,2250.2135675248014
32656.23172837367,18,562.7544104386886,306221.96290529927,145,2,2840.449161194566
25873.96644023807,54,524.1507915307781,280298.14220087416,61,3,2112.271749059682
39581.62155762556,39,437.5859869397217,347261.9167625376,16,4,2319.2283672008275
37479.91060932919,44,765.0073988173762,273069.0288942332,67,1,1715.4363418316632
39309.40820424475,68,634.9526270701363,258901.00849223614,316,3,2952.3597694086207
40559.29546983144,32,584.1063199945768,208360.29190492534,243,4,1511.8062460213669
54332.15546335583,35,660.2410899237102,275988.233364066,37,0,2020.8020924992252
36683.213398012325,20,553.4722576280158,254440.34910318675,15,0,1784.1198070929352
42594.84574573728,51,612.7275597812006,385673.81899200456,24,0,3191.3686247603637
38325.55527828815,35,677.8271609606119,222510.49733240297,246,3,709.1696866402093
36260.069676007435,61,660.3174463127718,287888.3323146382,228,1,2052.2228496718026
55256.32968582705,28,484.6627495245897,368576.68215413985,291,2,3604.2721407722133
35028.48538820937,31,633.6042709643431,292629.0264557584,139,4,2871.89074636578
29470.444970373203,23,706.8730849749924,247536.99761533935,64,4,3469.5159491338422
49376.67299637993,23,529.9355930113898,312942.05843164586,176,0,775.563698578357
45783.07641960477,50,687.5776606065865,316866.07057537755,330,0,1581.7034722093933
34913.95719458134,34,695.1907856901888,254527.072851613,30,3,3725.0495497117813
34376.45723475195,22,633.6743670197982,210163.92108768685,78,3,2978.734458621907
38226.4821743133,47,866.3226721618068,217233.47301463856,80,0,462.0578042617331
35824.59113598136,34,626.7938887778754,271910.32560458034,279,0,4590.727524049714
62104.3122175996,50,538.8919314769948,300917.7403602151,75,2,3775.3821999101433
39683.36570590393,62,719.2053575876255,212053.09540744306,52,2,1700.1197217770703
29355.67812557079,29,725.444053268591,282726.13307120115,221,4,2041.21149737577
36700.45403799528,47,684.275013795581,99402.49006107317,22,4,1500.8089524170266
40464.22975257176,35,634.6746030944271,372876.4673174551,347,3,2230.5648565009287
42714.84859622245,48,629.2400497217225,291033.32564596075,29,2,3890.960864467471
44479.09148472735,49,559.9958463403816,248257.3604442378,299,4,1860.8349251306402
44182.11921041783,43,656.2724302575314,236416.5206865036,105,4,1999.8925298188851
33094.31542514309,45,595.5995266103694,311653.76392540603,263,2,1045.4532920954716
30897.75288277734,29,544.330741142934,368630.8788547907,324,4,3217.5927338374927
28553.479734560242,49,724.4103865566192,355945.10412905307,135,1,2784.388909279634
24349.71073132555,35,402.7254276494186,370275.68087290286,45,1,1090.3449297792095
41745.65957011531,66,610.5351399038258,150270.19120244554,255,1,3687.0229048701362
38422.75429896209,64,597.3457069967384,268861.4231712453,181,3,1870.821799280462
42058.795801872875,59,671.6381100986287,328421.5438309429,41,2,3127.6920899959136
35730.47091069907,33,470.06293136432896,188118.60147197093,115,1,1663.5376887986197
48062.53889225347,40,622.2657551863633,273743.9549418145,299,3,1542.1434855820016
36119.82416535875,60,722.3588466859617,221034.77592179534,342,0,1523.0155652287233
37199.06127707871,40,640.5928719300309,221363.36208575702,157,0,2095.1527708882704
41779.04838828601,39,670.44503057329,370692.40627756313,323,0,2644.375679500173
26569.692922815455,39,633.8353998001413,161468.37363508318,228,1,1240.797455275019
64894.7956680087,21,780.008452836186,361556.82479816454,159,3,2107.534319789526
13320.464536050622,52,630.1941868991253,175556.97227348998,111,4,3212.524587754259
41904.21942010631,35,625.5999293298339,324182.7512696721,354,1,2861.17466691449
21026.03446202929,69,796.3212298481853,266239.08878456726,310,4,1929.3284768279293
38034.47842776122,46,583.4782235232268,264526.09314033785,52,3,2390.2783635451965
15539.79011115299,24,504.28888457360256,154205.3915441458,15,2,1850.913855302354
48242.44798748643,36,685.0507517309558,202430.37622620247,113,1,1936.7637194849449
33949.46972410528,36,529.3508303065846,174183.7382102424,342,2,2227.80090618686
61808.87674303011,21,413.16220892082526,249024.0416803075,39,4,3321.719987352475
37428.64150666264,59,506.9832126773606,237766.06426601473,20,3,2627.5489153234753
29338.754096503795,30,586.462172235762,259870.14648441836,353,2,3360.7950426083144
46342.26993437999,65,690.4033724239132,204524.2108838841,334,0,2971.4158026105747
31855.99736937117,66,480.25050840292147,208877.61374139666,313,4,3054.9475543458543
20598.925147508624,39,800.976428225543,160423.69009547195,37,4,2626.9805667109836
30497.233968724307,61,463.6281591789608,266189.7444148058,222,4,2239.1803354347644
39106.29084501901,37,628.8221776002681,144682.12412231765,356,1,1396.576106759547
37280.3377399366,26,632.6903570220185,209602.7366795087,140,0,3642.167071907765
23376.649783988418,53,685.0033595848206,207225.65200533145,44,3,4170.677151217886
24470.31948524857,36,579.2792040580002,190687.8138926197,284,1,3297.79598595346
39620.15103450355,26,585.244359828086,249859.57735540083,97,0,3852.645933211681
22980.784705302613,49,685.1991862869475,226978.58936027874,18,2,1079.8015869503524
40612.70709085691,44,576.3365159446661,235252.70563039026,286,1,3180.643692453957
38936.2190355318,46,555.212417209823,262211.024010999,51,0,2607.7950583294587
54603.170892596805,33,576.3731545859405,352005.8793142452,347,3,1369.1122282657402
27461.824485409892,53,544.9466580428152,249148.60286827816,89,3,1784.419407630868
23185.802079299505,31,705.3439527200121,319659.97622844024,261,0,2080.6174763355984
30557.047207886208,19,654.90738834758,271239.06661817746,304,3,3160.9293418152024
20706.14514714102,31,553.6042362631354,311998.3942595314,254,2,3212.370306816864
34956.62375764817,27,638.2066326227583,308272.2961671317,287,4,1682.8493867789832
37736.16252285164,22,922.5151490364833,141975.13694395946,242,1,906.1516561768744
35820.556246221844,20,597.4788894864697,228655.3559057522,198,4,1685.7369212494032
31260.020279835247,28,733.00284215456,284075.91840771044,271,3,878.8109845909668
46733.8039644714,67,601.2245681136288,206707.2616984547,161,3,2154.391755278061
35291.316364817714,56,742.8092793533181,225932.57287652156,281,0,2144.410410811241
36918.96131445544,60,583.7370920254731,209576.31732533092,40,1,2627.405510578325
32600.50879027128,22,560.5221332975399,184552.13525076496,108,1,1882.1879945397814
45109.12723134738,40,567.1619801997106,231919.9153297833,128,0,1307.10329346502
39386.32152170574,48,633.4623876825432,221999.3193278352,215,2,4415.082801274053
18847.188935810584,20,541.5279766409041,218798.39640731175,154,4,2413.947011201214
39798.37658262295,69,759.4257449721515,267313.6497682996,233,2,2575.1470231093244
55199.68704958314,42,681.2211027720919,235312.2796386283,58,1,2597.031446537888
34725.21330635414,69,500.811401860709,272602.68771863333,214,4,1650.8491219683121
54661.57156095783,62,487.7851162160654,208929.90438002814,304,3,2127.652049348253
49797.56872976644,42,627.5377545616183,279528.784797585,228,2,3383.256572305201
24924.321531705704,53,630.3376124918417,226218.7035601854,99,1,1361.55477895306
29925.24889456745,51,568.0688171802434,180444.9873937032,354,1,1906.5705275242804
52975.14624386099,19,731.1295381852256,251550.72032310578,27,0,2570.6845090299385
42227.56583132483,68,595.7464675972125,243009.22264738302,357,3,2742.3102998649933
43000.00127084906,31,629.2379659199863,179577.95633013602,124,0,2209.4743451145314
56777.00774031422,62,457.3877433771647,342145.62395595724,98,2,3328.9692802815293
49811.81493569111,65,768.3159124049162,233543.22533196682,234,0,3084.635297287152
46810.98846790494,60,772.468631557261,174352.78183296727,65,3,227.02504898185907
43486.81774208477,67,548.2935427458431,242361.20282355326,332,0,882.5683685969243
54712.54338916753,18,562.1696540099864,319846.8014692956,177,0,732.0497630716869
57254.715216920464,59,607.0771715128478,261818.03949240307,74,1,1468.2373553235257
44096.36807238214,30,642.6106575930665,217928.550666945,116,2,2143.078433309097
34266.10530844545,35,539.703077367921,127167.18483500576,154,1,2638.132301995733
45899.32466041722,45,601.150590942996,251142.3588977095,266,3,1908.5110419207626
30243.312127957135,60,636.9008256145128,144740.45583014362,328,3,3889.2730184915436
21054.84101289644,19,833.3866813102594,211888.85376050946,200,0,1829.4675819916754
34731.32044272921,38,729.464729570418,142442.83341778192,337,2,2595.818383340452
43519.70163329154,49,826.1407328293486,196569.85310336613,242,2,3378.852773431861
40087.63221818804,65,687.0590828383528,220148.92890438298,125,2,2734.8479883932496
32454.893790747454,31,715.6674712423267,210927.80072838953,323,3,2491.4691755921517
32641.008173022194,65,736.1774396370859,173678.48088537616,266,1,1958.7299283288744
67761.87360319076,34,884.8055416960868,280747.1473870063,18,3,2949.76786031764
40079.137571435895,36,718.2558677027355,311289.189054884,331,4,2002.3799073699447
55066.56044750252,20,710.1780546921032,260459.57645703596,71,3,1503.2941113862782
41146.29181443625,56,737.2676477192568,309938.6441823084,226,0,2142.8975174608127
43614.67643723701,45,621.6276384002322,231525.30272371814,143,0,2572.743162297059
33586.397889664106,47,625.1793323974132,363144.3189175584,310,1,1630.6198653285046
54759.62285381036,69,585.2932202890607,315571.6482238663,98,3,4155.766846865986
29980.42985728268,48,646.5384420397886,249277.7447250512,265,4,1627.246756428174
41561.33411850084,62,722.5867963047106,398117.8984130469,346,3,2321.296907772817
43366.44760667664,68,716.2733628838138,393828.06064150046,316,1,800.731422700754
37925.21725419103,53,611.1272494731097,223201.53127997383,165,1,4287.681415990905
44844.772847260276,56,556.324570440049,297979.1985711947,237,4,3137.5241032503995
50173.906513032314,54,562.2187749344428,278666.57716359757,235,2,1816.01398527458
9751.867483117394,27,637.6439438183704,234050.2638595421,91,0,2792.100834468057
56253.39173258637,32,607.2838395934245,223174.32383951242,32,3,3257.268635182136
23231.4264319641,20,495.8427571359821,189967.74054067567,264,4,1952.3723547823536
44571.390427311155,29,546.019290294633,301190.66679404303,194,2,2422.4748268453245
49954.371810720295,24,517.3618334685527,253231.84810610875,210,0,2400.5926196873993
23017.920434106614,64,748.0924329916434,212011.17120933242,24,3,2578.2747511478246
28306.782936220956,25,656.3101079204469,307472.8403675487,306,0,3628.320040347812
38842.57043599199,69,736.8582093019035,359720.3110179088,298,1,2324.5285173131397
33154.75673529852,66,606.7255442998721,370441.05685036076,135,3,2062.3160346232034
36951.22819679926,52,633.0207216746481,174781.31471141503,107,3,1601.2389761143497
21972.698744799327,55,779.373670840381,377023.1864320702,249,3,1053.9494217179647
26173.999537736374,54,677.5491765187544,260812.3386873416,291,1,2931.9163011910246
20737.55314559629,22,599.2469496605893,254352.83783690145,337,4,2352.5919738933035
35162.123869488394,27,605.3577162073876,252204.6088991644,176,3,2553.2773038159567
6309.483476816136,47,629.7818901790096,323296.5327005982,127,1,322.73429870451815
36452.838369098085,68,532.2156800540299,208920.65017481684,78,2,1620.943335551788
48095.853697091436,39,577.4344795993501,357036.1998116458,265,4,1981.2347678077658
53174.66321879554,24,677.7500338552645,303931.5154886334,137,1,2348.631294580571
16375.110251950386,49,660.8535015498834,259014.84841792966,81,3,2269.7801719642343
48162.95314489491,56,510.2511704867033,217139.6291169701,310,0,2462.7028884335678
31289.00522546959,59,745.0054963273406,216027.19682187052,176,2,2484.6469328815083
28466.304928302365,39,646.1732511462593,144396.07187264602,102,1,3752.922217989456
38677.690507845036,57,608.6473662814536,213482.09453279982,251,4,3297.9986407949405
50190.38209224978,46,679.8733358842112,299215.9800082144,204,0,3688.479412299412
41209.61461546321,68,565.6116006489355,269537.51177956036,315,3,723.045712438872
32854.17232301297,50,713.0789344023949,280564.90708259545,128,0,3986.193217323636
29602.912435099628,56,689.8184150502175,184818.37524944256,106,2,681.1178117316218
39747.867305553584,65,560.546852516664,253288.09863765104,56,1,2288.6544766107386
44407.73440671268,66,679.5202552715739,157127.53465937162,111,0,2821.0402576696383
22905.040655825775,21,744.8884158079342,356709.2471312081,269,4,3245.3675482336257
37661.48551029706,35,726.8980189690338,225439.261370233,256,1,2126.1334260626563
30515.95154926869,57,614.034034539647,251500.37057961273,315,4,3452.136615343986
44197.53072181729,23,874.7484688413729,276447.66574778425,147,1,1376.8344838984442
48135.43088609237,37,782.7730430909664,290958.8760614864,143,4,3997.511910317694
35484.844441577625,19,506.0423686472177,317283.15194522147,196,3,2861.7568561781604
40818.564922935984,36,700.4204811234611,302132.7298894277,300,2,840.3301899171976
30268.400790667525,38,672.3296228601625,155337.88158811815,211,3,2452.3828495640805
32889.06040875611,28,540.9635425622185,280755.1410895058,58,1,1318.837114004168
37977.83607039108,18,905.2932143950744,302245.8935905119,98,2,475.5085883913013
33279.69900182661,66,497.4558598557769,290288.60039107705,116,0,1792.5139516476404
36370.832630534635,33,422.76198565739173,273076.8174402372,36,1,372.66129682378033
26456.341310601547,31,566.4186877533213,196166.17912204363,349,4,1283.1371667031608
39736.08736239892,40,485.6691879702556,293295.17378504446,114,1,2464.487317897802
37270.8247344618,47,771.0502779683877,209687.6297121163,92,1,3944.7250071684507
40969.996935839,30,747.683548461495,253388.14479551653,245,1,4297.367231458433
40157.858649660666,19,695.9894590150049,334392.36424589466,61,2,3864.7777920552676
42080.565312646635,19,694.4755748001811,285228.86803478474,316,1,585.6359758741861
37878.85432382942,26,529.2607458036539,291588.09892379027,156,4,2264.7038961636795
34540.81269644685,34,759.9887312963053,204192.98578642195,186,0,1180.0166547493188
26107.2331039756,56,654.6240983585319,232520.98684854913,111,2,2432.4616217015787
40219.04965667216,55,694.3743411415037,103600.66795101664,354,2,3610.988030491935
50168.78773243942,50,656.0319623495835,193528.88880740164,286,4,2486.4937994541824
55314.10731775927,21,702.8328361153101,335574.95530723635,116,2,3596.1211782423356
53353.34043971286,35,696.9616936315069,269593.994406197,331,2,387.76329192125183
52618.97885457503,64,646.5596795832133,286820.4388291373,33,2,1701.1151720422215
28464.09574705589,66,539.3106166937563,260295.72927714055,299,0,2058.4759568584213
51998.849242458666,37,654.0596028547162,240399.89026723863,158,0,2928.033214641379
50788.935635308575,39,691.8709393207725,273438.87189835927,214,4,659.8023144232085
53541.76233109498,68,637.6525949142651,204606.62852818478,164,1,2908.0502435109515
61624.439672619854,53,652.4408996678699,251099.70206913343,143,4,2186.382520102159
48123.507206771654,54,616.3256797732759,286554.4646043357,95,4,2132.2448365093032
44487.51941713345,52,574.6805744609289,263798.5612621108,223,3,1822.4855191585314
35511.04181550557,20,624.4308693046953,230566.09449863632,33,0,2371.4693431114597
39749.653559282844,65,766.3715462771647,191756.25802453497,102,0,3288.8988484244937
34326.21780123618,35,700.4784845801752,238413.34356350417,243,1,2908.6527626110014
45241.67726898553,45,591.7767761258017,238644.5944340135,161,2,4115.248081777222
45083.13957221802,31,793.2931902638568,196300.61586844738,330,0,1490.8431420821146
37977.19079222694,42,582.9307412562146,382075.70408599597,22,0,2083.7572456967346
47013.69251688935,63,532.7476463558365,226387.58354493152,92,1,1426.5781005744204
31467.114791698696,46,701.1079379152552,232210.84496143542,234,4,1142.690524733523
39823.90527160118,61,681.2647699553187,201025.4078496071,350,3,3209.4130378180703
23291.307570846737,66,594.8288997884193,164403.92472709864,318,1,3834.6070667618164
46021.41110304063,64,708.3687273902897,342074.0978871188,139,0,1852.176589843175
44464.33147145575,66,449.48483383851686,311220.2811283054,30,1,3085.402479593278
23221.7726954404,35,635.8783492108158,287335.10738952266,94,3,4987.964119066673
40633.046527413266,26,426.52880681040944,201455.33323884138,15,2,2373.3515494573585
31521.265057797427,50,770.1367008453976,274218.09943084605,135,3,3203.1638697240587
57325.72360013044,31,489.976673677246,255181.8205292096,163,3,784.2002711750009
14506.575920336127,32,910.7053181226702,271131.65456142003,245,0,807.2187117215205
45305.680420093995,59,689.2041360342561,274210.12115397566,274,3,3191.7821287126285
32287.903948003637,34,795.2970204722928,297360.86058309017,131,0,2308.8475352685796
33253.199515182176,47,662.2742043836685,167844.559397432,90,0,2736.3248993054763
53885.87638577318,62,788.5198916026314,270269.7429786513,142,0,2775.831767892403
36616.630769305615,22,710.7490868253158,247958.82061854473,164,0,1641.7344729021468
29522.610277184373,38,673.3882231082393,386308.291282651,129,0,3375.0285696684937
34742.35995221992,53,768.7398688441862,112153.05194280793,166,3,2525.172328980218
39059.456445571675,39,695.7719028612461,154601.07913301708,84,1,1660.1170617797325
54285.95306361106,53,731.1181138610935,206104.53545065594,80,1,2492.0211648453264
26355.195171378713,52,816.0654069093891,197249.05886056484,178,0,922.6888497227447
64176.09577040025,50,725.7193648714929,250846.5230316561,228,4,1587.9415377126252
24362.270167093815,58,720.514654729615,194473.69572813786,315,1,1533.0998104180483
32798.53490511664,34,620.6772649430925,303940.40334327257,308,3,1560.1590773366277
33377.25615049392,55,746.4107042699145,187756.0754288971,297,2,569.2336075727583
38094.988352288434,32,783.4108675958389,216161.95081345717,311,3,2224.0600199829414
41037.73594555687,48,649.4930552518939,244734.12195310532,115,0,1965.3272842904962
45423.541619505646,66,381.3746208629297,318176.74356547487,302,3,1731.9316175399933
32246.86482698675,46,601.457239467373,300882.1881529868,27,0,4076.6609274994785
28422.672358325046,28,673.3190704331744,275690.85720847256,295,4,2826.364834782883
36327.7818578204,32,744.2117949696467,145120.16394256838,275,4,2062.884895409767
42495.40947823491,50,678.8461456690928,333535.33984033065,336,4,3123.040608260552
52181.34103899939,59,683.2127849099217,307580.5747866268,117,2,2952.545195059686
26274.5645771689,46,644.1678496445712,359482.63522515004,255,4,941.827682424304
34133.68126060683,23,596.7710434859539,252434.71166948654,160,2,2108.562676043881
18529.911053446864,25,646.9114877325103,329429.5884676746,239,4,1333.8489140252152
28078.6476262469,32,750.809946249954,336906.1919737721,316,4,2021.5607422852504
55362.2501616979,59,650.6918584649609,183328.23350848356,89,1,3185.7124144342774
24039.61571303558,54,675.4756144235312,247412.70170114512,181,0,1276.7063483074837
25562.464616859368,56,670.5379421636235,255199.23210831019,97,3,1983.2866680336733
20824.884386965532,58,707.2561132553021,217869.75600140373,354,2,2185.1917810293826
20914.117385676927,49,688.425586272673,192271.98653337092,230,1,1532.3920518777045
43371.36354368736,22,601.7534932862474,259435.25538440482,201,1,2944.2490257295144
37963.14779393291,37,615.3770896592218,154374.30729280872,163,3,3461.6814160211543
17546.841154667607,68,600.2429528013049,228930.8350564236,124,2,1922.3127285313917
48659.4715207802,28,843.6378554603257,242502.96848668318,276,3,2688.616172495436
49114.519124858816,23,656.8391590439317,245148.6802978413,117,1,1254.149907996669
43270.40381432478,42,631.0175111359316,300118.99214909057,265,0,3102.661756419451
28908.810005466097,50,608.2204331231526,328959.93364592164,127,0,3063.574120715921
33962.57194136643,59,666.2931682958434,327986.6363601967,217,4,2913.440494497382
22146.234074192143,61,493.0633978975842,239961.82923260517,84,3,3095.6429570886926
39069.20243236402,42,729.8256191988737,299726.4427452149,244,4,1879.240400504447
38760.8077898892,65,597.2887717356949,382266.068174009,223,1,1078.9647194532095
29412.147401745766,28,736.5332284073577,257038.15659021641,219,3,1445.8446340263708
49589.27117654173,34,846.119708600928,213919.96710678955,198,3,2867.2667699007807
49367.97897306438,38,701.1937736726562,178276.1786260114,97,3,1967.0485227342028
41670.99959177047,30,604.6009101401693,235861.86594443512,341,1,1622.5646194838946
27888.539725714345,20,456.73702125940963,314793.4746601699,74,4,2669.760381752635
27301.917019074514,36,676.4443564689931,265505.4187364221,128,2,1736.8474791084316
28285.281707542486,39,747.3699019702854,286304.68618777744,60,3,2015.3315787506135
39717.03410646669,60,748.3776374810785,172259.32284660471,147,3,2755.4242610168913
31384.843092120493,67,464.92051457186074,199532.97141377896,189,4,2881.0668445900133
44783.95137509854,68,612.6022481721609,223974.47315025367,291,1,3241.6635477974846
54625.81090778331,32,624.7170467144534,255243.03199313366,320,3,1829.2167761702428
51258.05078452028,58,512.4075945035739,297008.77718380635,259,4,3085.4221632452004
59910.45643055851,52,510.4352995502341,435265.10438166227,84,3,2163.557579336607
37904.49082403977,38,805.6948642910459,210189.7102739936,190,3,2172.3741689030317
37041.25445183875,68,665.7194329045996,241501.04853570354,86,0,2020.0430387240708
42113.46402201847,66,559.1650762673944,193891.89987078297,165,0,2179.9564945164475
49517.107696794235,23,818.8260382040751,301853.55890190223,189,2,1762.371082588583
30761.56109459701,23,706.005022659095,211527.07255355592,98,4,3095.6108021556556
48070.81263015015,65,804.3081665699398,242372.3456490099,86,0,2429.070970473524
54807.351045613024,19,423.42259139144824,319040.72356638644,69,3,1988.1288262410396
37404.336993673394,59,586.1798173615126,269784.09253002907,355,1,2394.0831768310204
41843.44229475022,41,765.1621695037123,267441.9399036955,266,1,-17.781086986124954
64424.54769496034,47,571.9527218052592,306077.3730928435,267,0,2092.092654946059
33604.05018211295,65,559.9331024600425,143087.3255095977,128,3,1256.660474270073
46753.940985621346,44,710.5925420190491,175866.3835357776,29,0,2292.8821078217134
29142.643742881814,56,675.847276196017,293111.506333317,186,0,3100.0798637841276
34359.762225182196,51,605.1929229953877,294749.98081842,44,3,1417.0064804501048
36434.15539014609,45,723.9325114463854,273332.4243607895,175,2,176.04976122369916
35090.55122396491,60,623.208834191308,296302.5325263031,244,2,2589.696748446288
42217.50830667326,18,660.053443644473,342812.3801651556,348,0,1773.745810587026
50624.44288039885,61,694.9877549518492,187249.8805366364,300,0,2542.791107685077
9500.30623486168,20,695.6197128171751,203171.2935885421,129,2,2096.1376170049825
44685.80053001747,29,813.8961947420577,242116.02943150618,224,3,3211.841982215616
27766.082611889928,61,497.5177162329601,116448.9227091502,240,2,2577.1744273689783
40474.65509954058,54,840.5873646209347,284812.3335157173,50,4,1829.2852944298543
34732.288625972215,51,573.1512967440342,324393.01687156764,294,3,1602.856066366209
42344.102676505994,49,542.4175225674888,252382.88150479,109,2,2174.377609463608
37827.160624749835,66,736.8557430219911,260849.14141832854,30,3,3587.0295632264115
61640.007855363576,46,574.3323476730079,201475.85611888889,244,1,3496.036942572716
31455.15631372217,67,697.9403714919525,308713.2669149232,148,0,2790.671518072776
49902.81984464411,34,608.3701029711816,370785.8255865684,115,4,2358.862942590473
45160.34711910832,40,627.987508697049,196552.1414595974,101,4,1124.7239886420218
28053.264128856878,38,517.370768881628,230764.00042932108,230,3,3227.654756416701
35846.411744077144,19,548.9203165162777,325233.8894982838,115,0,1806.1763867503407
26185.798611099355,51,434.7541118316806,321612.93732264393,121,0,2129.9577816139476
34215.56961413819,43,699.1553048188987,204477.8311624237,345,4,1616.6917987975644
35334.514199153375,20,834.7577949246777,317221.255417156,329,1,1901.8473613191888
30237.561255649405,45,699.7643812771928,287356.02590430004,96,0,2127.4685233878245
28963.478720911502,29,610.1708883996415,309351.8048219092,282,0,1842.0331787302378
33307.327648133796,68,622.5635602630773,213722.08056485903,210,0,-56.95979085908657
29656.9393928212,24,622.3738401154939,333181.56854364084,317,1,2202.365993586632
30020.77588816366,20,489.00440754849944,230389.98758419475,152,3,2296.2712641133035
45208.34783814601,18,565.4802843352023,170085.31398836084,156,2,2170.5581714819377
19738.65424934994,30,597.5351782261981,316620.9446233037,343,3,2376.2843539524442
25431.92367608814,53,954.7408482106204,174075.05881623545,206,0,3850.759589639873
17291.468823896146,28,786.707158125705,298674.52373615175,271,2,2886.246087166274
40585.224177762255,39,669.1889416962208,303312.8079675742,248,0,2415.8328072929776
41012.56897383031,43,562.4945737808198,254709.32479487162,160,0,1539.780245606869
35184.47985943871,69,592.8476759893359,282763.1940980937,236,1,729.2845245619015
34383.06680618935,54,565.7251245982951,283408.23737596197,151,3,2012.418338276538
27823.779958083327,69,531.6164728936556,166634.52681294995,127,0,3241.580781324525
37512.71213314875,67,596.9070753074313,423075.1692672332,86,4,3124.4813295074046
48475.63063237959,27,659.6696072994249,249246.84797123962,132,1,1346.120895470846
29645.114661827734,20,725.1233651356143,241944.2572761003,177,0,2508.8234522031066
43151.75074476374,40,617.2305578355964,252487.41651274005,118,1,1928.6671142370342
31176.510394709196,64,729.6421269225216,208670.06557672957,218,4,3777.2312195081736
36347.739125007,66,509.60753878929825,188841.975082675,120,2,2177.1970193105662
20419.540114327177,18,741.986438341173,216053.6819678292,357,4,1955.2675338640604
41572.44879032469,19,703.8343286555611,160754.2214856938,308,0,861.4252487001557
51262.90806747682,55,621.4341550596984,184448.60655052806,300,3,2944.3916036666483
49795.252833981576,57,631.3655948372116,217580.41863271667,217,3,3367.3902379413553
41261.95892771924,19,897.108731343965,304913.39249849925,226,3,2259.13925230036
28930.55274919485,48,791.8621798432408,198457.61320342898,66,0,3343.428068824362
32009.059675803608,64,673.7702426890496,102491.45485870058,80,4,3789.441608212494
31667.015001882573,37,952.1760181948782,348807.4228177806,143,4,3987.584479944556
22276.90635852778,51,384.3389725419556,305792.1673950512,331,2,3886.3986568443506
48715.8341886679,47,569.8286971762304,201377.68233124737,299,2,3075.9063172887895
28285.905207283242,61,611.250673801311,212659.76880587183,131,3,2583.846317323624
32016.239265751366,21,551.7925394254963,296729.48670134676,359,1,3078.108379375974
18369.777152914532,23,660.1990189075137,284476.1276768458,227,0,1778.8380584352985
39070.40321065857,53,688.851743564554,380792.6428225559,49,3,1155.3638621443347
42326.04075824275,53,796.4693427195898,300823.2750574747,51,1,3089.1725606685486
22042.71349806787,42,553.7666599913807,193305.62335555765,319,1,1331.9981764250615
21200.763618816178,24,757.4179942766375,295494.03002755484,259,2,3351.758484448152
25053.668374768255,57,501.56062577491457,248829.45513120285,114,1,1462.5674504483964
41363.995764179046,22,669.9826952114984,280772.26038835803,324,2,1192.2777826649362
47177.76796328607,30,503.51398962361486,307913.0331908478,174,0,2285.0564850649885
48306.23258983599,27,563.4904679581458,220206.97271472693,185,2,1228.7231622050824
47030.991207452615,63,580.1067912945147,217201.66527702176,171,2,3111.2285092635475
35369.85937022827,64,688.0471309159911,280811.91453568183,151,1,1573.3074401381275
60860.86933537652,58,758.2123920239919,310794.25926407764,173,2,2771.481255635666
14980.644946059421,31,518.3237046651052,334758.15150917147,264,0,3489.0882594816035
25315.42828171744,64,785.3626225905598,193547.63475506366,335,3,1921.6318282071175
30146.288803947085,57,660.0547809737891,239194.29085666532,264,2,3087.8044084258386
50465.66688929593,64,763.1398480379519,342481.4989848842,158,1,3541.6874588176065
43468.186402287574,64,858.6651521494789,367630.8850148845,150,3,2943.040910385933
38783.927916155226,49,630.6581899295783,292720.642510119,181,4,1679.1115098076941
27053.923634284245,42,711.5230857169169,169887.19489170352,148,1,3168.711263955929
22972.665055913574,35,578.3309990521554,342029.36661834444,247,2,2375.000890241126
38218.01119706523,51,595.9706400891147,177989.20124800323,208,3,131.43938302310517
44419.31624260449,39,533.2093877086123,202673.8023981043,227,2,1858.2286253395052
70375.64643723874,30,562.8211894614748,232206.36757498354,95,2,1634.628250231129
30158.97281038458,54,676.4001170609502,241316.88733146238,116,3,2532.3627757461054
35512.778149618105,60,725.551290392737,327621.7744400553,91,4,2324.830294062413
47787.44256230455,43,575.3867914558558,295385.0808715047,289,2,3355.208063431636
25815.614299233926,33,848.9828770175023,205585.873865997,353,1,2373.244960415721
21166.667296017727,35,740.4477330606067,333543.7903696183,130,2,1217.7733616265068
45440.69704096885,32,670.8054224340386,163685.43466742063,268,3,2518.5378674528774
35227.44262719296,59,617.9958500857562,262111.3614375951,104,1,3406.0598752461005
27629.45267351318,55,625.7505927342997,133560.0889281572,286,0,1256.8526971670028
44404.80627661708,18,698.6622918524131,316663.46478374087,322,2,1893.6273269810986
42840.97148514558,31,749.348503789474,264929.62471107993,120,0,3758.8527381082904
13071.767366775755,44,784.3883740453706,183871.16112544175,47,0,1788.4821586606029
22626.47482088279,50,691.3344682388195,204670.59214303337,267,0,1550.1551441166434
23553.910262924626,33,620.7763396931857,185790.30750166392,332,3,2712.6045750590033
60610.96378326834,61,567.3500755711405,260604.88718379944,314,4,2543.3844265997704
17446.466124606966,27,280.3342641935157,269696.0611177004,277,3,1243.1139157635248
36114.29592845491,33,657.005899237693,250988.47108954442,133,4,2695.3631663999035
31970.957214339345,42,785.5598191395732,178748.99530157633,52,3,3813.04914579835
11369.269096876387,43,747.6834170995576,257533.92993626682,141,3,2289.627098897455
21857.484639857885,54,685.1222547388899,313453.16751326143,114,1,875.7972059133941
32312.102867279857,34,647.411953935762,239387.5247731799,170,4,623.947333246677
25349.215233349663,65,631.8705754168012,273047.2179085592,18,4,2831.7186938321993
31074.632324841587,34,634.7945088602985,282300.7878521028,316,2,3335.503867694951
39492.14626518105,22,691.6896735552488,341493.7166451412,240,2,1797.9163921518896
32517.76744813444,38,625.6099714078703,198248.12957593732,39,1,3568.4635774647677
36847.79499704001,65,698.7737264783036,317626.72715905885,232,2,382.0263949444402
57317.640644365325,18,637.5372565741336,233194.649191753,172,1,3179.7743998445408
47329.025197877556,24,714.3703542991217,230918.10531700583,235,0,755.235201418625
46948.678023950226,47,711.1227350312053,316937.8635215253,35,0,2645.1622283392685
39300.22020450279,27,715.6380465434354,164617.26290124824,273,2,3105.782405082579
37521.23701264747,68,721.408526982061,184670.23798792728,326,0,3111.21012557062
40997.221310266905,69,662.6617081482472,240367.56599201536,220,2,2567.459271960313
33929.82325491156,23,506.08285482874464,208226.17093329068,167,0,2912.88956885362
50823.8412826289,68,689.7582819789152,339755.1053899477,49,0,2642.789927458645
56090.52141440967,31,769.4741417096418,226085.46363660073,337,2,1220.3897529025767
31834.420461519738,22,573.1987433638342,323682.9270390539,40,2,998.6621928041052
43023.45334725961,47,898.6532126501618,214989.66327760663,36,3,1039.037979760025
32861.348181215566,32,472.6883333975782,231803.62928549823,181,0,882.3345255518697
41939.42649826376,55,699.805380045128,213709.11380221785,317,3,1429.0109589923602
37413.424432135595,32,582.2231441870183,253675.678941059,233,2,1870.1674426643224
31266.314455056272,60,705.8685053944026,234951.9515209267,203,3,3210.8704911624804
16914.011170130998,52,560.9552153408254,248410.90171672747,227,3,2807.287911083968
37209.871592448835,49,606.9325790222631,326370.9661773363,213,2,4149.133387714904
25993.242835567085,20,579.2356119688728,261939.2089631909,355,0,2993.397886865486
29746.032784852672,18,547.0163871406534,139064.58513608685,48,2,887.2963251348287
38875.221633505396,59,636.1694341237302,235890.66111989264,142,3,964.1864434585614
38397.1865694162,27,501.91377269453847,265912.81758053397,354,3,1496.826890880023
22188.140860923348,47,501.80682408768087,190070.51181467064,196,1,1032.046613921398
41168.70444662026,41,795.4621475861827,442000.0868128445,210,2,2390.7956991367473
25032.314037333803,45,533.0437947400064,224697.74742792116,357,1,3852.439084720999
32854.43481948418,28,667.244896729969,172581.89006822236,338,3,2172.270441242637
37923.42740328504,38,521.9963655227834,125985.59324054148,241,1,1748.0630890759414
19724.59503077425,30,560.2498113935574,351999.52473692823,143,0,1563.3597587330626
49289.91296034395,48,639.28544778922,262414.0230772276,284,3,3805.5597507990665
47856.23029413902,36,638.9351511616887,380869.9457614824,294,0,2852.9826092402977
32779.784268692296,21,807.4320680502716,298644.8363426002,206,4,2766.1082261026345
32584.535432119323,23,691.6815300678732,202702.14477760554,331,3,2270.6388816581557
37589.36391186358,51,688.885536312952,364912.98587206565,37,1,3272.8834333418604
25687.819328029305,21,721.0716692667258,247758.68889726402,306,2,2626.0685764180107
34361.95806817534,51,685.2630725896934,196740.65425663054,69,3,2430.2348277903325
20727.428462309657,63,668.1796398450681,119756.57666709517,39,1,2272.5695431980034
11367.956727233131,24,721.2850223208055,223980.85218958493,204,1,2514.692000308885
34409.227794409824,47,619.6281286204279,294900.12138214137,126,3,3072.221939751783
23949.454352074536,30,778.7970397528086,230979.9064719717,103,1,2842.415898593558
40760.038480828254,47,804.7840637210654,271362.4474948878,257,4,4133.308179885122
24139.33597514239,68,546.4101226253222,204238.36472126647,197,0,2598.824172270009
41876.056513480435,32,728.3593178439405,318208.31349291437,256,1,1899.902686492358
24583.1003745432,21,644.4498706976398,173092.01689032442,154,2,1557.9259990682833
40824.75020962972,63,714.3809891137666,207712.43286501087,60,1,2279.07999405313
39474.09023178938,43,724.6192142640666,224618.4790459065,146,3,2051.084643276536
43187.24968984026,38,687.5794380951548,294802.23239178065,258,0,2746.002688145906
32789.569694159,22,881.6663142852065,325638.9332596764,342,4,2593.5417170543196
31399.043504199624,50,618.0976474885326,256167.12837186363,359,4,3755.420509120531
21212.25018911242,32,681.8658633436276,267780.77063953236,343,1,954.6620028845387
35760.700176849336,65,886.5584550484859,170930.3598857535,113,4,2297.3410002842666
37561.927157021186,63,661.6183369032387,292455.33068304963,148,3,3272.33572612112
55495.98484056434,68,499.44893170365003,168693.42482904074,266,3,2119.196054626079
41787.95012834586,39,718.7349307638867,303705.9187475759,311,3,3579.6029952136473
22747.87133197303,40,590.3197158651456,281081.82848996314,137,1,1114.3658044693304
14191.621004978242,30,654.6843058979313,358429.85704049893,124,2,3423.164202099209
40406.474112019576,43,636.6109135105497,263584.4205777282,147,4,2767.8285141495603
24976.40115311559,56,528.2117343057345,306186.32280491415,58,1,306.8366574192292
22742.671578555404,56,732.934714323257,200325.2588198262,52,1,2263.4416858242516
37053.33389892631,32,612.2251107072237,194012.123078345,193,0,3324.0317607061615
34507.621822216795,55,453.939955271085,271104.5529857341,327,0,2072.487329276653
31881.98688273718,19,751.1888327872492,205458.6634581302,223,1,2612.7811495890946
33377.04975299498,22,499.50375592681405,157762.01373113343,128,3,2109.670937286005
46776.16893646768,36,689.3047668585729,139515.7955095378,71,0,2005.1004874974515
25146.90902230118,45,719.6404175549744,187546.81555535743,290,0,1130.868485203429
60245.555442054,45,781.8528311485851,391913.72524446674,150,4,3029.328269019646
30285.690429038135,30,579.3142744909646,337370.2452049915,153,3,3534.0145312018144
21188.90481725044,41,600.2004963640984,321854.7085771594,349,1,1882.7954924685469
33103.6644957369,52,549.602522090425,350118.65029985603,136,4,2716.8251187281294
52152.31704102272,47,581.3769272842086,310944.1285580877,118,1,5535.58936130934
34124.65333475213,57,612.9168845019462,304202.4990710878,141,2,1784.5168369220012
36271.02866981356,29,586.105827591121,244008.076687291,49,2,3061.553543158187
35237.779065374234,33,564.4366898787304,300468.07782439224,53,4,1729.1745616899673
46019.77611888625,32,855.6472970326357,252739.0690775314,39,4,702.2212952766743
45742.22055950391,19,627.2613352640627,237733.325706686,154,3,3078.5584186309757
22158.11801940586,67,624.3496611622579,353533.2348345227,283,3,3028.4106735825562
62287.27637275373,35,592.2732182215123,361580.099143537,26,2,3196.4909859457157
43760.50967396065,63,722.146123901617,305662.92579153244,213,3,2593.4275852582364
23544.922414402696,53,570.4700224724588,215942.94465962923,193,0,1417.4294498693064
44331.05060264024,53,543.608582359897,391886.741572355,161,3,3957.5828052016536
40601.78628753021,18,596.9643396377951,154528.59803098143,94,2,2579.7233241562303
20594.358178724047,66,787.2058883458267,290152.0936711299,57,1,3491.3790198634683
41564.78980391691,64,336.6887102314466,298770.8345665543,71,2,769.4550396359392
45486.78109686134,69,449.51885699875925,173812.88475752852,96,0,2316.9127538924236
23913.69759298976,65,774.2082132800476,359585.5456953933,166,3,3570.339133027019
32623.816399632888,21,725.9529206615043,243183.73515201954,121,3,4405.293811935307
40845.37914642239,59,706.5369504231613,331747.87367961823,313,2,1821.5307255076493
34541.33578282603,45,703.8421860931155,302576.18944578484,110,4,3227.9210926421033
32674.434675250155,65,516.159059875984,287013.5805065456,242,1,1477.510798939316
42742.22160676183,42,597.3598347556372,151934.2489209759,252,3,2395.7338457667693
41220.916829215246,47,748.4222530985026,323617.0188365682,199,3,2540.523811078398
48401.907133718196,36,788.2331536708289,349344.1276487629,163,4,401.6232051007795
23499.764865415716,23,774.9871865667374,298622.07840875816,114,1,1375.0958662632327
49895.203437168944,36,669.237434211118,321622.75455172505,344,4,2709.3000362551247
54668.347655148486,28,544.1326655282253,230087.3283552146,281,1,1156.9468372876775
41930.32406130916,40,854.3555178857507,355627.6541894143,83,0,1090.4399234041173
35588.569061689464,66,675.0035518336485,198434.77555867034,343,0,2979.1194017376843
50240.2068158161,45,715.5120598734716,277746.5457421021,227,3,2444.547182334311
23926.28248220848,49,795.1432023075987,254918.04739664387,114,2,4536.174270327563
34210.57638563546,64,709.6871738744921,304619.63122636185,214,1,1605.5717154203517
40158.47034398333,62,609.8422264575563,232868.32160516913,94,0,3444.0975291291984
41985.06644190465,43,632.7955357158,147128.08010427278,72,1,1469.705732377045
22014.638500699755,51,805.3835865891897,304486.6028702978,297,3,2037.6757767991048
5072.9899502524695,49,792.4483858768283,251011.89245400223,310,0,2348.868844995292
38751.84368601385,49,813.721615468552,157432.93721089515,69,1,2913.9568052023424
39919.51141776833,37,508.13100455766363,312036.2107449226,152,3,2604.043317916462
29190.955374399855,52,612.6150487329052,177701.7431413376,90,3,2319.2936007287644
27119.308670187995,18,752.4385142729996,161527.48047895098,42,3,517.0035315598703
40150.51971467805,37,569.3650750298326,205721.02708924309,134,4,3125.9133711726986
55325.90811133964,25,563.8526480171051,305226.46744261286,41,3,4467.99430643079
30837.549845741938,23,580.4127089649685,264913.7569358414,257,3,2403.9500726991355
19338.684092493815,58,738.9913330514556,264420.8279639588,243,1,3498.1979895423915
29614.65333021334,58,663.1894005392394,214743.53498296102,348,4,2410.2465831197173
32427.68768541968,28,693.8632040507663,321190.1883885503,62,4,2101.907298083211
50189.48186594833,32,794.7544114250784,148113.0121037699,38,4,3087.104398306988
12123.453452727392,34,649.5998252010888,345379.31217206776,214,1,2586.00514541358
30601.5357346639,65,789.7140026870594,238950.88682996843,266,3,2759.6112319237886
30230.685059046096,45,605.1236356282965,259753.28172260834,71,4,1612.7699324881714
40558.28941427797,39,647.1018208749839,264048.5397047321,212,2,3266.421099040889
28214.414226467205,57,678.5003165113382,235432.9733898086,183,1,3606.8140819546115
49333.08597951349,57,730.2317115875762,158956.24804583276,60,3,3510.0729110610805
50179.57667204427,30,705.2361985248464,492022.7921629279,30,1,1452.729028018455
20681.435129248246,24,674.7657781403403,219967.93901898936,45,2,3705.4494552117585
41827.18892040012,55,647.3106704073443,152856.54678468354,42,4,1585.3055293300827
38375.11684939935,46,686.9160839749977,303281.84815218754,143,4,961.7564106998918
29627.118850655195,60,374.039332703625,276279.13074514567,284,2,2608.277880809393
58027.523257650464,24,787.3520517339002,324345.7441303086,40,1,3280.967888522039
41344.874139778025,60,700.6041245185968,285994.1471458741,161,3,1909.8740981014432
34840.64507330171,22,765.9039739108895,298353.1625754885,158,1,2048.846426586933
24366.942192005947,25,475.93967459362415,204341.64798834396,208,3,3360.6973063559212
35485.75696631938,43,432.97146873167776,252571.26402275797,160,4,2679.2183667742706
53575.83554061007,58,734.669288711738,324104.9552116697,131,1,2658.5771049894634
24269.792977740883,45,636.6229683477972,301532.4578733922,72,4,3337.0058213951233
42197.13117236768,38,686.2960912319734,322090.4237877133,237,3,2631.458467496476
28149.93832390558,20,730.3119078682286,285999.5218878693,303,4,3052.228156867752
44488.177018989314,21,612.6453112471215,283367.645444205,220,4,2566.8277867286165
51205.95161308197,40,479.74397486537805,290573.4402362293,55,1,2322.8013968126183
26946.55997078341,69,776.8055589939197,272495.988026412,299,0,1607.5445505855848
46414.65417903074,22,750.4770488315004,439508.1639436122,319,4,3674.452510826137
42132.7224465447,47,734.2779340018179,236408.29851326288,260,1,2459.423293529086
39734.36538786533,65,804.5431958426045,345475.3043956172,181,4,3863.8485295578835
27942.52420582814,19,712.9207821038563,185952.44876606794,337,3,3248.2025480231355
40195.332470133595,35,644.7991899983776,274755.83588969655,176,1,2753.4199780009885
34769.91628543953,48,613.9372449730763,309469.1659300074,17,0,4222.0371202059
39360.08648959087,33,644.419127929233,279381.98672306776,59,2,2622.3432218209687
31589.606410516993,46,614.3572865556233,277434.28335438605,113,0,2304.0892718478635
49082.181799123755,30,466.24359081204494,358436.2628914419,212,1,1023.9097072009662
29300.221434685256,29,741.6017395939356,379868.3141832277,253,2,1291.0355733520912
31989.026673437562,48,556.3931608868353,168573.30912863987,330,0,2014.468770722029
34794.716218589754,41,605.5558603013634,314225.28277759964,65,2,2642.721414560969
23267.75932533569,61,729.9163381632044,341511.50097205536,82,1,3035.48419126816
21752.22817618715,42,465.83712988877704,246927.89220486698,112,0,2220.1509314393124
44778.599578965775,62,547.3774509494,343704.2798852871,109,4,3873.4035618024177
44474.74399823396,33,552.4583409769997,176978.91081625814,84,1,720.6487167694492
40701.980250653265,37,826.3513967654771,251735.69587180248,63,2,1240.6354714571078
46411.91616613454,62,864.8854784245457,195042.322062998,44,3,2530.679844018389
43062.30328575263,23,668.7499134325247,239905.83826239154,84,3,2336.611378850006
9058.824810826858,33,613.3427580674522,149514.8738396559,205,4,1550.7843621271402
37006.62596234592,29,582.887513021881,248554.5429575213,277,4,4062.7307617282295
26179.134703041454,51,743.0393919414116,265359.38469207374,116,3,2812.979784137139
52771.774248723865,57,767.1267050785341,154099.28708052926,51,3,1713.9740938474113
43250.221010102396,43,452.53234885798827,269151.2523606055,75,2,2678.616538738405
31821.524112093917,38,687.5234429957854,215380.60781345973,287,2,1377.436590264918
35610.00955179465,55,520.7068052679372,218897.70666836624,231,3,1930.6668788765662
43813.300995706595,64,663.9831094290681,136444.61679613157,247,2,3664.56678914962
56781.1718918429,65,655.8366607089754,294579.5354667728,249,3,1622.8353017751258
42402.55837947363,27,697.5278456097788,192436.09958612348,321,0,3080.4448304269745
32884.60703175114,54,696.6757206977471,220793.95009910484,237,4,4100.885095508109
40898.57153855896,19,718.0468639025988,218831.6742279849,101,4,2235.989148989294
32784.061300193454,30,506.215577325999,276037.1844307036,96,4,3067.5877856777493
30850.966433632104,45,614.7410590027558,274603.344727219,82,4,1738.4241692415292
40435.911183781835,67,772.2862498864213,297210.26134245517,49,1,2390.669181867756
64191.13080722655,35,632.497239996665,121731.91085625588,226,0,2217.6177776624754
48931.45999417795,64,700.6073952634318,127026.33869583409,249,0,3794.758433720752
35813.86504900618,33,520.6834478462343,276581.3697475332,103,0,2488.24341033745
29342.657176926718,31,754.7842640913464,231139.2112546321,55,3,2001.768783098284
19923.046996192446,56,632.2584561701816,308395.49116974877,122,2,2808.3120775224525
47867.31935541307,30,730.2316959543276,229518.11938976063,229,1,2832.0402644081937
47007.2380468597,30,594.6323852006991,282998.1644082249,188,2,3623.275599798136
8745.94609339102,40,645.5412463875444,221449.0595277305,78,2,3140.1410953157606
35260.29450460636,63,738.0452835772406,181060.11649287477,171,1,5251.791044935931
55572.8749228606,31,675.905977605802,116597.19364703614,66,3,2776.875312701153
34488.817024499476,35,811.3554992147705,255278.17557661576,302,0,2869.0014183695826
18958.01226587063,60,766.9226712787497,223644.92003273373,82,2,2284.3130889522326
53656.08672835652,24,564.5863774053485,332409.91099673393,173,1,3206.151639302629
34067.80637223141,50,677.3742454172049,308062.1374880788,123,3,1351.7915002936459
46259.33549839456,49,668.0942329926413,307348.0472875759,335,3,2369.3340441202026
36047.636084694066,27,586.1016187725994,201938.58037790685,95,2,2911.6065334221103
47862.72842489688,40,593.7061526612284,283310.8813356119,142,3,3304.3478430680907
56481.779197880474,39,440.797972441295,225248.37084832424,305,2,3965.6158148239087
38540.094508209026,34,662.9201937928093,134122.5586163099,224,3,1058.52361659032
49485.56965297996,33,639.8351359931548,200838.2662571128,65,1,3036.232007733609
49113.57099719031,21,550.0829674992303,213016.14158583654,207,1,1601.515436199092
39757.481608180125,59,634.2401401119794,207573.29415299572,288,2,2961.1309206488354
40159.12974145543,37,670.7847762585292,374281.6923632435,179,2,1725.137012484188
26659.700687928624,28,648.6737904779851,316834.9471062056,77,0,524.564648650468
46829.83353961159,26,729.6453360131491,129727.96842079083,142,4,1547.4401033139125
31888.908354760315,54,690.0001272230588,102343.77255302301,18,3,3274.2338086281784
30195.68318654284,58,654.805942472678,224765.7923099113,257,0,2852.1278149345285
43968.06036638883,34,688.2865212165967,258154.35932168257,262,3,3591.207037800584
55275.29861960274,64,777.7535168449178,331475.6627269869,316,3,1863.685618660339
29229.180523629482,24,592.7378156454614,272354.0751173142,215,0,4736.919959723838
32722.65645799723,58,732.4199199379918,203355.15282201066,321,1,2234.379127670763
50080.744355282775,60,801.7488341475832,210451.4780954003,105,0,3387.8265617499005
32036.759753838604,49,479.0806171387771,337201.8036632397,227,4,3650.658192872205
27451.208046008935,38,573.7914230591643,272648.54749019037,263,3,2441.85989849078
37857.687257792866,57,821.6446267775427,326454.8393140655,33,3,2802.5427158392968
17674.021523400228,35,629.5537777015415,218814.8673216239,97,4,2190.4729819794316
36040.31873024908,68,681.6897743039449,216809.77956711885,75,2,1172.356955895722
37351.844966183446,65,584.5874275279132,262649.5326703064,296,1,1804.3605282037486
52148.88921512494,19,516.7370677357086,335173.65794536984,168,2,1048.985133766971
43065.62226067757,46,539.1233287824745,191689.83153544756,210,1,4194.084148337738
37252.99100800395,28,773.6222113515246,197198.47046337553,260,4,749.3831565100556
33923.43886546005,48,798.2601694253409,355183.90974324575,34,4,2212.813276111084
45664.92405087784,66,711.0945739971096,216935.69245528034,65,0,2594.4474454170713
37999.460948824904,59,670.6292777798319,237549.16962972743,59,2,1989.6400463785433
41937.02541927215,62,614.2356669100718,227878.99561107665,243,1,2932.531671135362
34168.714769617705,48,748.591650542773,305226.208462242,13,0,2981.074542800489
43384.212028613605,26,632.5536361166028,346431.9890860071,207,3,1206.850936179277
34677.683590457054,42,624.90300202019,215246.11887775987,152,3,4694.277611444538
49724.1910119068,36,647.3428873498437,253782.8023099808,165,1,2208.660259598172
44716.27731354462,36,666.1571367280354,294180.6018177624,14,3,881.3808755680133
37419.771967038105,63,635.4025328993619,263544.2749012089,263,0,2144.876699811893
48173.28069293668,39,573.6280932368296,263809.17750546616,199,4,2103.0081913111026
53394.36985718111,53,729.7348554920588,290144.1984532087,268,3,3080.698074092867
48212.265236647734,47,790.3511000226708,279222.1145717619,28,4,3518.5477282571064
49360.58068633446,20,593.0396725154269,246320.84334416848,135,3,4288.018999908693
52571.62419002452,30,784.8840552405923,349224.36450446286,110,0,2943.690532629245
46257.49271891735,31,786.7277493613944,262128.1812222392,74,3,2848.416603431062
41616.545267650035,45,631.1065455012354,275383.5906072045,296,4,2338.5375419083903
24645.013253918692,66,550.9577658399286,216203.17451410377,228,1,3820.567489053102
28563.86596339609,45,622.616704967298,218797.89883466554,62,3,2526.395667453407
42002.05101694962,22,673.0662544449191,238809.9021649455,172,3,2923.9913642192682
47965.40944092171,55,708.5715829908461,306745.9132951848,86,1,3190.6365685182204
17899.096476523802,31,675.4502363950634,286904.0154261379,91,1,1163.6732455543106
21191.318718878436,47,765.2552664117808,344569.90090265096,164,0,2390.045011843797
31416.46157115455,49,688.2990643519558,406960.91105612647,120,1,1947.835682351751
41509.984028064515,26,655.7287879537819,230561.99389251153,288,0,1908.1785811738032
42591.76940617784,69,701.1798972552238,378566.5422540529,86,3,1733.5578448987617
49251.34565338884,28,691.281233245673,153436.13607908672,244,4,3096.0205338512787
35089.728484504594,20,716.6726139534545,250956.0492239923,63,0,1995.2087426015246
38749.079416364126,60,516.7009458712412,177047.75855590677,313,4,2800.4908056017575
41924.169929664524,21,729.6668536277621,330920.05690465734,77,3,1996.481934656942
18787.96863995188,31,648.3001912526892,344475.8244440823,309,0,1647.912727466742
38430.4413612362,25,772.8091524347358,233430.87582094365,332,0,1676.3950240417632
25527.993258154132,36,797.3959986861212,232239.47472746446,234,4,3515.278089114594
42085.3055086559,26,675.8885923459842,286234.25810580817,121,1,1407.3931039774598
37307.185961705814,35,653.2606737655075,309534.74485389015,72,2,1893.2469658448044
34509.247491996655,26,615.0410542654865,303123.6321433776,263,3,446.52630713503703
51769.2283707007,52,561.7347518778915,186021.21424072102,33,0,2183.9922622385766
50684.91042511928,64,587.9563643947747,318677.4390594569,329,3,3583.5051822516175
23961.954027070875,47,658.3247037105676,315769.50858295243,58,0,3677.523726294252
38725.032546340546,35,600.4365739019512,305962.53541343607,26,1,4313.7099856805535
50890.89804109387,67,703.9600029082987,354822.2109223814,224,3,2836.718645080532
34589.19460515398,66,626.0427816674508,218564.11235126478,303,1,1951.0519785066267
47133.53968722853,41,617.5988792394047,201327.0324087928,19,0,1896.9604513963584
47820.2629955187,25,674.1714421625751,289477.25222669734,50,4,3017.7052405347363
47832.32541858872,50,689.6804507490996,305047.283387467,51,3,2749.5844678332314
48240.90045303408,50,725.5225454913714,263287.03770326776,133,4,2721.3364067227562
21811.18279200524,54,626.4948337560477,159980.56674372478,259,2,2078.31445853784
25459.62774306682,45,584.4046490316601,307280.92700616334,274,4,2670.604223070742
45422.778931119945,47,602.2464663412562,282870.99082458334,221,2,2250.90597268878
28205.25967811819,45,666.1062453735464,146089.3106185857,41,2,538.9779142617847
21876.376756868827,43,674.2266861657862,264267.3715761786,269,4,2054.65868773109
34895.50836092647,29,558.3423646474268,186438.03976287768,125,4,2877.9146789755964
54978.3782324653,55,703.2782115609518,209049.17254206134,303,4,1578.3549992542396
25546.36547978905,48,750.7948823119809,261892.03958628984,275,1,4012.0665379673737
32223.304514235286,18,609.968154212016,388612.4898030071,51,4,1742.831013267246
25234.30375645046,28,642.6289434715601,323462.13696355186,159,3,2758.0806482428065
24076.33160950717,64,493.56733732365433,301579.9835434569,46,1,2817.7107230864654
47996.02958690669,22,573.8934777988931,300085.15254174,57,1,65.92336247670973
53909.59756505694,20,400.5234281003251,260570.09682650742,84,4,1708.3186418185062
37536.81757644304,26,540.9921291826577,330972.6129897999,61,1,1804.3578560480173
43172.27125832987,37,711.5608339004655,289705.44428022765,59,2,3427.747392517809
39227.34702843122,55,514.215503543671,277333.53492004104,217,4,2470.580236894938
44345.53415934195,20,779.6767920882722,227874.76547640987,282,3,1023.615052070777
65312.21048435879,68,685.6781347734136,235223.03528878512,118,4,2080.739723008838
52572.94740596164,69,550.8243827519143,288024.61127349426,51,4,3277.088239423147
25089.420361998233,42,691.0044874561559,302202.4287209713,65,2,2950.368880485537
36771.613631123895,62,702.2481432695438,265678.536764254,255,3,4123.278461696497
45274.589152180386,60,581.1671268772865,205264.59923585298,266,2,2267.259414993213
11200.429999434245,31,414.1971132225357,473959.487217343,307,3,2712.5536623343755
17405.908184170552,49,704.02338023307,214728.94601889627,335,4,2054.78821533209
23488.03288481908,56,460.91290677912696,475205.4693372474,65,1,3199.1649004959754
35726.46404424493,53,731.325220301639,270895.51350144553,246,3,2316.925206556204
37668.47576750815,19,703.3714631240243,275443.9750277227,278,4,1953.9172113043423
43047.444049474834,29,626.3123957767754,376262.5776399707,191,2,1351.7204788654083
28723.710380507047,25,697.0882514534258,329456.5892911741,94,0,424.4055056987161
52578.521359119695,46,515.2726777590678,250091.08170995532,310,0,2069.623862381511
41403.74138375237,32,662.0774549620965,345746.48837534385,87,1,2633.745467555023
32941.592478611594,47,570.0448260646323,318596.6520440425,295,4,2783.4584382372586
46220.74849491308,18,745.3255383650295,341601.2114005729,324,2,4006.051215534164
58137.38161206792,36,746.4917850682539,108000.57223264451,113,3,3182.492833569316
36692.1707141423,57,486.06588773137963,254813.17579749756,314,1,2596.355103442751
48852.07320696186,37,615.3818141392109,279095.5321855085,46,1,1721.5072215243893
58099.83711644604,27,504.57162953162833,178944.05551272092,100,1,3291.282031621458
44506.224561250274,20,662.8525975261049,245790.91438483828,106,4,1286.6421185977226
41665.931768406284,49,772.8069307950796,367058.23374541063,100,2,2966.2054549827794
43073.73326815579,55,699.2038516936976,307531.96849332633,157,1,2956.6167753576037
43874.86059298803,33,597.5470178130672,307566.2966789493,118,4,3420.66737463198
50033.23043455664,46,567.8522986114883,345763.7399688479,60,3,2881.159287661615
42394.198647985104,23,710.7322369716275,162494.89095577225,174,4,1581.1221881542222
27581.24838717077,66,512.698055059975,259120.11851501188,350,1,1017.466565378481
41117.6735015288,43,595.948383417053,221503.8703171171,74,0,3030.9290469150337
39956.35859360041,35,708.8284793502548,201231.05089231668,75,4,4425.873630094106
43010.16782280669,66,753.2972235386949,274941.47438689606,346,4,1228.5242705740218
26791.60502037479,41,836.6342875193791,245819.86674297537,131,3,2571.0757337501605
35182.68807580826,29,594.284327133152,342843.407546142,135,2,1482.7885313656768
54604.07440375468,45,569.9105447735827,306456.5602811408,30,1,2981.10012642993
12247.357326498957,18,623.5534308706069,329212.78396008344,61,1,2977.0167289591445
32147.643119101645,42,498.01779687533747,227895.20609963287,298,4,1639.9513952280824
29200.09140579516,29,667.2577436844342,272313.64256538416,77,3,2596.2438931248457
44482.92059075454,41,704.4896874629919,215920.36860275842,54,3,401.81584366471486
49352.43883355108,50,740.7473972920377,246590.1342101048,130,4,3309.1838731662615
32132.112695201427,33,652.4004062351343,173324.93863829027,220,2,3830.8084658713537
56257.85608535598,41,609.0777052031564,243869.51411704932,36,4,891.4945307349755
33270.62612668844,31,666.3310827078681,234343.75901399643,98,0,1661.0507000814762
22077.39467412547,40,534.0409177615509,320931.4650308772,66,0,2244.0814744646805
40947.14890495708,64,588.8783750872177,353483.74643680645,140,1,2245.9103690510087
49265.293927686,45,667.4793016880953,180244.83134844116,20,4,4041.7744137140007
40853.617823290966,40,642.387486120929,396117.5072624127,272,0,2555.2267702431523
41415.68860079278,57,596.7319392419414,227909.22972453648,195,2,3591.670052508218
29805.268286657814,53,720.0184478804056,265788.13601152605,34,2,2465.1428518629773
33422.97487121436,45,595.520586394186,300824.63813902467,189,2,1198.9414980640754
37844.08133161717,45,533.8669618002989,221399.01676176253,140,1,1519.1026965663084
37117.062835352524,32,764.954713755414,276300.3671534533,45,4,2717.0925044063943
36115.17201589688,30,667.7550313140554,364387.583349781,207,2,1903.0274931153576
53624.273363771514,51,769.6647246075323,224317.35239035994,293,0,2996.4355875018437
32219.673036222874,28,690.2477549509899,266543.3585007015,148,0,2921.6018222691023
45465.687995947315,19,643.1125697210423,347846.84293712355,116,4,4274.7436478215905
39336.48425496789,60,617.8923750105176,159317.44961825485,190,1,961.3959256245716
56349.049679774704,22,805.5405191696211,226385.27670836254,47,4,1618.6112482423255
22798.312386633323,52,724.6001214593505,232277.4392560711,219,4,3317.1258708581595
45626.90984579286,58,750.2995947123989,282283.65584999917,202,3,3296.692636276903
23928.079926979328,23,621.0793070550541,162552.61066390385,231,0,2299.7672633196157
48807.995412164215,27,1033.6519174138623,400476.52007187024,94,1,2731.1631469889003
32981.630623018886,55,419.46441929817115,239399.37845072907,58,0,4232.613593646578
16357.714074666299,25,752.2201892184494,198554.29963070704,127,4,1839.2316344227347
44297.456695828834,66,634.8728466576517,435400.3183001948,38,0,2756.605002986063
35486.25389470975,67,868.4870300084867,276803.6845261138,328,1,2456.519921017511
20990.5777593702,25,736.80543538804,229651.95430602506,39,3,2188.348205088714
43122.56948040883,42,445.5385550988463,117383.13975679633,19,3,996.3924791951283
30244.78259323616,24,794.9169639739872,217068.46613279154,261,2,4599.7154461767095
36270.06364035714,24,605.7096956566488,249095.96481327934,322,1,418.4840916230845
56973.0674736223,53,864.1481192218148,147946.92303721234,207,2,642.9878381115988
51954.17592057133,26,680.8721622653497,200958.44189205006,165,4,2241.618383776448
29531.056368742546,37,670.1335147047876,193878.37496991872,267,1,4580.627042578743
26068.242070881217,51,530.1742447546475,266579.30407385534,293,4,3004.030733830265
29860.940640519886,24,695.9027675148726,279237.2778334144,310,2,2959.4394481876225
16132.39812298704,52,563.6259854416882,360149.8352453737,216,1,1232.3480039662131
46131.7310641612,39,638.0576026738502,306238.43536966504,86,4,2170.8699101529514
36875.08965807467,48,824.4305466441183,240499.931150127,167,1,1893.7967422258334
20091.735225277756,36,818.7307674448829,291217.5686381296,264,3,3573.994950157727
29575.635429519272,46,714.6297344194347,341570.58964190644,318,0,1429.1144700566513
19374.950673364794,25,733.9981511265619,183717.44387684052,77,4,2233.9919766133066
34792.720957565674,49,661.5514372866929,178708.70954376113,329,1,3273.0056862709043
50221.779769762776,36,588.074807544346,411553.0855481873,95,2,1013.5876089533381
38503.029290340884,62,669.7819603667002,273570.0447279674,219,0,2559.056847329039
18185.940711654104,42,743.129833454122,219105.96301635046,185,3,2832.083585963466
23827.18656724307,46,539.0612186821562,214438.5671121117,275,4,2703.3093408740324
50927.28299343502,69,666.8741513053089,246505.35422946428,99,1,3274.768392358715
60503.49083323518,21,545.5901593115634,245561.35017810308,144,1,2223.3353279700345
41970.7108081804,49,561.3532775896952,213488.27603314284,145,2,2268.4158851029
34761.32999526336,25,609.6220832053529,277618.6991193493,147,4,2506.6173029119095
38253.50870613729,59,782.7873647222883,270487.10897970607,202,0,2085.3874014098146
44450.53373943191,18,761.5082681693519,217649.0800225623,222,4,3602.9446287326737
46901.78094657624,51,752.1090115872621,229514.48153363896,325,4,2599.366468699655
51533.999458943894,27,698.2580204040993,230795.81993791094,119,1,3423.465734602282
33756.92343417358,67,691.5204623644439,230914.35119763276,253,2,2469.7280046915525
34464.928835719424,18,742.0006610402371,287855.69365572796,268,2,3275.5585064260827
39196.57637112238,55,377.36509798694277,319941.9849553337,125,3,4465.244626505923
29468.491641832035,47,582.2228804899871,186210.537042846,105,1,2036.4757478397728
45116.05304950236,53,473.25629408260863,353652.88210496446,174,1,3442.243286976526
37548.88363004743,63,554.921593126773,352999.18216587923,153,4,2705.7280138556503
35785.53349595882,65,776.9184625629011,361297.2549424075,150,0,1470.4466551591938
48909.56594002499,67,716.8267495331744,184426.99489545723,333,1,2042.2396863114452
50436.35793097314,23,540.0502856191151,168940.3592595527,220,4,3005.6826096832347
52898.64882645272,47,710.8726034266496,185527.563702558,262,4,1613.0909757815473
25264.575321501445,44,624.6128516370989,245149.67879887216,311,3,3144.7905313837296
39284.00099646884,35,827.8600037665395,313293.6320087297,213,0,2369.157515675171
46659.32782091445,33,735.0767097379251,392730.1423812386,247,0,1718.0369592267198
53925.04388831547,57,713.0107330225295,173756.51702376697,309,3,1836.4851144921026
15317.623816295345,62,534.4166584001998,270619.6326502437,190,3,1302.5662629872106
40577.936141126425,40,771.7047931787617,261283.27534394353,289,0,3698.984695448024
35301.85402430783,50,798.1632967625549,344058.7135656135,166,4,3160.706955698675
31951.44597589899,30,738.2018871906624,317353.52181620424,13,3,1429.599390974886
53919.4463511128,61,400.43008303148406,220990.17332385547,356,0,2486.5628387398206
24316.595508217415,37,755.6724827080793,223089.54388182974,250,0,1338.4591417933966
20733.931429331988,48,780.0487897987391,194845.64557894252,187,0,2209.9206587868966
38345.753177360224,55,526.2692398871426,244827.90471515342,177,3,2853.502761072988
34757.66328695523,19,657.598505098143,336492.79665451706,264,2,2625.287876522577
35103.97939560571,52,769.7882883374979,327581.82920387335,186,1,2059.0619587299107
60939.3364788678,30,449.3450140846779,260943.9364962711,255,3,2695.5635927232024
35747.927459419414,27,690.381361213117,297749.8289701604,17,3,1621.6922162578721
26360.661984566716,39,520.1724444887946,294822.7153359064,41,0,4720.333591684843
32992.22216314099,68,812.0874353523647,315676.1658197534,211,2,1754.532948988356
47664.99655155148,51,580.7869347402809,217240.666769166,143,2,1946.8273660349469
36659.12269959088,26,620.4918097600662,278267.4414079656,327,0,2847.390438515884
23850.79594021722,54,710.3002510243824,316502.8910099507,272,1,1652.7808008337315
29614.620365568982,38,590.7715928074329,211204.9758466629,57,2,2686.1864049519186
11680.220745614934,18,744.8080424263783,202343.48023561493,305,3,2463.118021627353
49388.26457194969,58,714.1165601070772,264659.5128673416,86,3,2151.140903969752
30821.98678877355,47,665.2948907523221,268450.28493748786,32,3,1639.5970724712954
44161.259568518624,52,703.346426342499,289890.7898620146,158,2,2469.9710085605006
48376.30927246807,48,497.62936423744736,313655.54453088646,320,1,-340.2424714137762
35254.905454960244,44,814.707531780032,164351.53347379406,48,2,1604.9777693887556
40673.97775341286,61,738.0873539601521,366426.31773785956,293,0,2114.0337071800686
25042.53858589136,35,743.9316036244172,245321.53788494633,335,2,678.3253988377534
48260.15871573055,23,694.9425905123425,251703.05003522735,291,3,3477.805273795462
38690.339248122116,64,741.638891177354,128474.66921994726,235,0,1938.1622501585696
53541.36562553549,18,615.2282101890052,305421.9659168641,282,4,1514.241836376625
23354.300398936866,50,721.0973566138055,329968.79492467246,328,4,2383.5603770299244
43078.16765111891,41,707.0120469319841,275634.54426407,200,4,420.075331200457
33384.54014780588,39,799.0502906599822,306982.30843264173,123,4,2625.346410427431
8646.816616384796,41,703.4972113200455,241926.86072300197,182,3,2511.7523597602762
60927.40485645807,65,784.3290185938733,304774.28559194115,61,0,2430.943740293516
51640.3877019269,59,789.5457098507217,228667.8224995307,153,1,2663.153060581012
45772.47380981968,55,505.76391730293153,139979.22026551267,268,4,4352.398328722962
51882.33128157354,57,876.0250342027853,370522.4853194773,296,2,2956.5428211000653
45785.06909092517,51,588.6540049262602,261258.7999260787,130,0,2830.7205542473553
36560.33397981548,32,683.2496831271249,232908.8972393054,101,0,2004.8830498253858
26666.083103473196,54,740.665394505473,233670.50194581423,32,1,3160.1976750478507
47781.88355300034,34,488.3665424987494,303534.6900286778,329,0,4416.383700039476
35123.59438448356,60,718.761985585832,287831.77585936536,350,4,3725.954607132846
33106.13017425132,23,762.3365261567984,201213.16886351487,324,0,1948.1671541376745
24918.6071798678,49,662.9080540471772,247240.45039654445,22,3,3105.4471600183015
28898.767524657727,38,581.6016191068574,300006.73646311444,325,2,3466.5984200140633
36459.65861820843,40,670.0924278399964,275319.01382428274,211,1,3156.2406993971927
41498.03265111281,38,590.2238178458972,244434.0238736773,184,3,-260.12284566856994
57518.81897329702,45,817.888159238737,237589.54180306496,51,0,1129.4390515190637
29474.335130892512,19,793.4068075473346,381997.47735376836,308,3,1942.796315287676
24503.444670044264,37,726.3432212892644,207261.65591757692,252,0,1572.0404082988962
44366.374955329215,61,677.2203417067153,260688.51758175637,23,1,3375.278435382863
42630.17557092353,37,741.5799962546724,315168.6276112307,146,4,3616.460842576321
53585.766822323436,32,759.7610527209841,360266.7587465551,16,0,2702.9092891112414
44252.959036327054,45,739.6580182328862,247655.6252838203,359,3,3218.435941393
33369.572609106326,34,764.6422543117002,294082.99217221915,170,4,2627.860989572869
39537.07208903313,54,526.2798177853955,155807.03635321945,69,0,2796.296828094843
36550.559060262516,47,717.5906204636366,234052.25889272144,203,0,1697.0261050356887
26092.671831167714,55,560.3336423409884,270818.9739981393,328,2,3752.1545214753687
33863.48802154413,69,659.4982372008028,266032.0946549749,265,4,2706.47709749683
38420.7966969781,63,650.5155984199773,448346.2200937316,28,1,2370.131561711673
65458.799289780014,36,694.568511884115,204879.36945442352,318,0,2445.318072198298
45761.42151566293,40,637.8400953917529,235468.35510428346,191,2,1143.4998558688349
22861.231964417875,50,602.983835477559,179636.66626440734,154,1,2160.779244627612
43011.641931124665,36,579.1980053679499,308772.7840190101,242,2,2758.611342914771
51481.89941559042,43,567.3182280833413,292892.25436482753,123,4,1208.4396595111382
46640.143900748124,43,734.2185627933404,325045.18938274385,262,3,4064.2000246151238
47668.78206147158,56,688.5354590958979,286133.0835533214,14,1,2148.6165388554487
48748.05575095753,53,725.0577097377536,326469.0628652189,37,3,3227.6995345588825
29720.9869729279,31,648.2022056981217,380737.7667485063,232,3,1672.0611496530923
58979.82897291602,26,600.0723593362408,307547.66704859346,348,3,1908.404584087355
28687.299319447382,33,575.4402910872815,408817.52126756567,155,1,2818.9663940823634
64539.918082466815,22,583.9623622028138,331697.61253004824,207,1,3561.007340493103
27396.370700823383,30,705.2284242253978,229421.81764470416,67,2,1650.3164931311426
34805.424258802035,56,810.5721602990116,305936.85881832655,319,4,1529.3177771109883
34775.30155037042,68,621.8916611935227,221596.07246492236,333,4,1398.3086144043768
34351.811666307236,22,564.202594771275,314054.8795425302,310,4,1283.0591159673556
43728.71281379128,36,477.61632566295356,237280.48353607193,57,2,2562.3308762399097
34532.85941490579,20,610.2932061796091,287287.29503618384,73,1,3568.8303745110215
24650.47259132668,18,634.3286169059045,108078.62235213535,245,4,2298.324250679667
50707.883218498035,25,616.9408563536185,168202.5866694876,22,0,3576.1902625922066
45933.9333364677,41,629.9176016978577,184954.56345340933,184,4,3148.406677711627
35827.46445318376,69,638.795677423246,196778.20135055418,89,2,3826.3516143567126
33814.820510775775,60,751.286822881145,253929.0160655226,50,3,3906.6596188156173
57699.61377973325,33,669.0983194787713,209876.20991281586,292,2,1669.2672855525195
42403.199798531525,46,764.7223813449452,354108.62770042854,75,1,3376.3322031364783
30566.664651369752,67,727.6778984757998,206918.63837756458,247,3,2457.2201749404794
47042.414425111296,67,616.0148588200417,307039.83550728415,100,3,2651.749252889583
35662.6773034669,29,760.9389717076047,290534.506359236,39,3,451.5757538790909
42737.397029658765,39,527.6598749578257,347559.74766279536,190,1,1258.100117847124
32174.351381903147,52,765.0764946651743,190578.09108079787,132,2,4138.544331550224
55978.28203197264,33,686.5594364541942,302136.2214656227,81,1,1500.769532404044
54391.13718791575,26,626.6457829112856,274933.96559697174,128,2,3863.9529425135643
3637.6087557568208,67,748.8572554959803,219332.84844025632,260,0,1359.4654584874643
28725.828386666104,45,753.4539691593498,238402.36491501375,247,2,2485.4306322681073
50675.94145185657,59,615.8088165885512,291187.6780614703,109,4,2754.370913328265
34703.410162359854,66,670.2681405428397,225571.55272543136,236,2,1246.2126120908245
44276.89826391455,18,598.2314288703817,254271.86508829848,215,1,6394.815686605635
48614.5424563776,63,865.3372051180262,356004.4275016342,212,1,1685.31221310963
53312.35041785418,24,534.328383284616,269579.5983549717,138,4,2303.620671238655
30095.83600199806,63,795.5569094991017,375761.10352082085,193,0,2071.5465048727133
42774.67616297155,36,779.2639347612918,199616.315492784,141,4,2836.2692690337626
34136.900024495066,69,491.98810404221706,229277.87623032808,81,4,2361.8629358373237
35127.37158721253,51,660.0003380722497,286967.89941890625,142,4,2591.5562563076614
28669.352422532113,23,746.7606221791066,287428.68563819246,282,2,2889.688275974775
31089.829304727355,47,608.2324940234508,304751.42486849375,253,0,1279.0236381489287
24001.93044013616,35,781.9044712394177,240264.4339227238,327,0,2183.56960289281
32771.45903329984,23,739.1386631165109,344568.1301054263,313,4,3670.377886120544
49700.05715514038,36,635.6596466791542,207830.87069169476,314,3,3490.1704597491207
38567.01404898155,38,705.6688753399197,278235.051217336,199,4,3064.9682234655384
40901.29167236146,52,655.6617906770635,230169.10025177393,134,1,2221.3602140511334
54726.116498591495,46,646.4153514786462,283394.50742191187,96,3,2085.807922994476
39812.35707795085,43,685.240851437896,340131.10785081825,314,0,3705.5032427383603
29220.444831122782,30,706.6890155513519,209989.8389134177,197,2,2925.587623437162
14564.633274633223,65,804.9645202407946,234054.00303308418,274,2,1643.3981097217832
33887.97759638484,55,749.3518395160313,237680.23967065595,335,0,1239.9835397638758
50415.67704469641,30,625.5481341510804,219759.09706780803,62,3,1328.4523895510163
41490.17387424185,20,625.5053490185902,190070.0492587481,188,2,1653.0291769676269
41237.31012624201,47,523.3858532446803,376258.01027386443,90,1,3558.209636661269
57138.47007635691,38,531.9746403203345,170361.81964744965,142,3,1404.2864712379853
34348.73925888786,38,814.8445709110662,249070.82435478634,352,0,1750.3287724068157
42438.76317983091,52,762.8339862837518,279678.6817082631,162,4,3424.2296895544355
21751.550292699674,42,666.8500228865837,238062.16317247995,265,2,2842.683056730609
54685.66365941806,24,602.7555562197983,241365.68155635858,236,3,2915.533590284149
30049.383992363255,41,767.3650683714363,231985.6296837282,123,2,2033.045180594936
30864.727191716953,46,591.826131458072,190552.43352212154,173,1,1328.330058732248
57493.59674410184,54,822.7374945258296,235584.44671989116,70,3,2267.1796356678033
46694.62982592503,62,620.8044112644064,322209.27683097974,29,0,2482.7052011476753
48989.06290822899,32,624.2340750350078,321654.9845821589,225,1,3312.6263160328704
45676.94993487982,37,611.0364753832928,275497.0306306389,171,1,2963.615140333871
36694.612992991635,63,562.2786433717399,225579.43653909685,71,3,4731.673158609141
38027.547963626785,57,763.3297701382571,251596.25015120828,198,1,2516.3690627493006
38959.69672349343,66,411.0596952522402,296954.95269185485,230,2,2197.866371676391
43821.023317211904,41,643.3812445307894,191983.06238168708,214,3,4734.8087223419925
28754.750692852205,56,505.14831259862297,209666.73043188185,294,0,1393.5740577919917
35050.03985072562,41,647.6613806415419,186491.3515968597,157,0,2005.198985806422
55133.500118260934,25,450.310113458529,290706.01683444733,35,3,4471.488198379976
34012.3043637424,35,611.0191432473157,242041.78235741012,302,2,3715.755073428122
44619.47150979171,36,681.1685600939048,340358.05994372896,221,1,3458.428676399306
35212.559937431535,22,595.487664408127,176447.90409746527,232,3,2213.3771358384556
41997.02246601099,57,628.1165109792842,344503.76303610415,117,4,1919.2019913151253
39531.55985145536,21,637.6952235252013,350208.83505986974,272,1,2378.554421764738
43656.63029480439,29,644.5783376090726,336329.3093405417,214,0,2773.7377929059176
33552.90847840682,60,629.4357673658814,232297.61085167807,263,2,2001.5055089963673
45911.92678622792,61,704.8974960172288,316844.3971477728,222,0,2330.004247860304
36366.086096339684,18,596.39165259539,277175.8360145582,125,4,2579.2796905713285
42506.03451039505,50,752.8537767876061,248077.06376533487,325,4,1319.206796296367
58044.56506202776,31,663.2073185595629,145660.92270804982,75,4,3771.1637128580087
28274.310350061947,47,617.6102282251563,397550.2144648397,147,4,2369.8131710675216
52245.60951888107,38,585.817449783027,160418.21404781702,119,2,3428.043015754544
31439.913937903133,58,791.2278183929811,350908.90783328854,14,1,3315.559962189956
49521.19000196349,50,725.3856452510094,279921.63084385864,276,4,2507.830638796787
28646.06111489328,68,606.4464926154967,228880.58748641852,245,1,1682.7998637007843
31706.59124792648,52,672.1117914998767,176116.07619737802,219,1,766.9903413967993
41239.15924355584,31,670.3034669677827,208629.9537854324,108,0,2561.9937720031194
19179.861873621332,35,838.2002374631086,272558.3611158789,125,2,2841.9962516034443
47635.71630883885,19,653.7799868884346,399006.8938360111,34,3,3254.3810160429002
54481.88183360812,67,658.4206197245262,268854.5263339576,199,3,1366.8534106440522
30285.414706210875,50,606.1165118197356,238711.47712612376,70,0,1457.0828895965426
23123.78885826576,25,678.0576025543995,353537.6110091892,253,1,3416.6241560473904
20931.69868972694,28,526.1447919869377,357289.7078319252,128,3,4222.311181587171
40254.29213754022,36,630.2617653438954,235074.71223504067,143,0,2052.5598596732193
29205.40922337405,30,614.9408253501264,208301.8142826801,35,3,3781.8174394348625
29931.160408997694,27,703.1378979266237,364660.3311334392,31,2,3599.8105554941394
36337.377763019984,18,676.508142140279,272704.5432193309,172,4,1993.9140882408165
33677.59311936167,40,756.1852295488542,228690.07715626695,261,2,2401.773664832003
30788.02240415143,25,652.5504023752645,358428.2678394134,100,2,2442.841168437009
37235.4717635881,41,589.9042359262138,289834.57603188546,282,0,2638.8983464938547
43778.38808840704,51,596.0541419386386,338007.6122589237,92,0,3627.098155042923
38953.79494883974,27,717.9593343262412,338131.9365778185,314,3,2787.659852642219
32911.67798712399,46,638.3812323615269,239187.52407140718,355,3,-88.78288226614859
28669.060519969746,50,407.93026366929115,163282.5123302863,44,2,3387.16742912324
51795.06471183179,52,597.6016285147648,314311.23003987584,173,1,2180.376101682133
48575.01767396668,25,545.7686580812724,255276.37251838975,76,4,924.1265852348788
30654.927237991098,51,757.2171674922412,258558.55139547045,76,0,4122.459860167812
23977.806253562885,54,487.6059064784419,288663.97323195887,262,3,2818.417673303042
36119.26460502532,64,646.6849514958006,200762.73740375365,244,3,982.812347214538
10043.17776429091,25,664.6798594539113,99821.10622935255,235,1,4461.502244497745
30597.757297681732,18,764.68914794312,300975.2204509601,125,1,1343.4871557013528
33675.02197306764,55,610.2876500054515,345236.6889397289,286,4,2155.475108409981
27863.399501857974,25,648.2281986645285,223589.42075954238,321,3,3025.4354987865136
43713.9764191076,35,654.4485233719779,345274.37128853175,88,3,2429.393922925318
37291.03008120273,41,706.4470463324278,252028.72669371412,211,0,1089.6878626605555
55000.334269239145,57,798.239224253415,226923.06998940097,179,3,3696.106816924769
17316.615950114552,56,579.7527977614585,248411.428326218,254,2,2104.9613762686463
27819.166218348775,35,577.0901892681183,248848.56201733224,114,3,2684.126947656103
46360.184262486495,19,600.030165898081,347989.08432367543,227,3,2497.7025208609007
24300.784455554247,40,505.96580353814056,257405.3796644989,327,4,744.4734939350599
30338.290888066458,62,590.6976623837884,221004.28749248714,14,4,2798.4084327072983
38222.18474538303,41,676.4557315018657,326918.5925186548,122,2,714.0682529940024
27666.578303808343,40,662.9068957318702,319003.52604231844,329,1,1789.678421542823
38586.111699072906,36,651.609664148171,207170.15244021796,94,3,1364.6215367679554
44402.180910723764,49,664.7585386522574,215694.71132986448,339,0,1279.230681085287
45923.06390880032,28,667.2540420132002,285053.87723547907,45,4,2128.4973036820506
32165.4200709166,22,669.3700699862563,206807.28321658305,53,0,2210.582435204809
29085.974532613578,43,628.2528119941412,269445.24965733796,288,1,2063.487256763035
30066.678019755527,69,440.0530972461687,291062.7241967053,229,4,2178.3854865227845
55822.21006147991,25,768.9128364401331,174741.66157438437,216,3,330.70377458913134
32418.289921042422,62,736.6153525259882,281503.7589088198,84,2,1185.980562377484
45478.411290016054,35,699.7443632358497,198526.6698900817,274,1,2575.0801216257955
46841.90710987747,21,588.7239316837861,293687.0220784178,342,4,1405.998063332201
9969.044689003746,43,601.3955387555383,235304.87063003666,92,0,3184.1692749921044
48060.586909684105,30,689.4684881844039,463884.1734338033,329,2,3621.2050356906166
54701.21699192567,25,864.839102483985,308364.4040379858,23,3,1168.140165467544
64816.77646461473,45,720.9117865932311,247762.19169681362,306,4,3066.0536521574304
33536.08027568068,66,706.4676722712711,261404.33202489765,122,4,3850.97198891129
35966.80947114266,40,734.8818846158789,186920.04874157434,234,2,2792.897082475956
65115.66584132641,20,726.4590634423951,291536.73549549555,48,1,1193.1562447035192
38834.63745641775,40,828.8307936304965,140688.4369232489,263,2,3998.386350214818
60080.19836251826,60,658.0554299676227,262441.7685680973,248,1,2125.3315196897815
29045.806069716637,63,722.6202580799628,415082.04341411893,129,0,3221.096681872561
26178.38295747125,63,636.2423369657945,150480.8560382241,125,3,2994.5652973090746
30248.81365609644,62,702.1822605462482,159861.1646299445,331,0,2377.970241703814
47250.547461339826,36,749.9078790225777,228879.1673077378,329,1,1979.412440535327
43517.88720965157,31,619.7497395911466,373992.09580522386,348,0,2154.7671421843143
37290.94324747189,40,537.9939767909605,274048.00240430026,160,0,3293.7020402783455
28711.552787239816,25,701.6483639665905,222834.12108781535,153,4,3616.106673726004
44337.31573929341,58,655.2870982064803,351226.4138225033,129,1,1501.8174518443898
23302.543348837135,61,626.6844141616731,159010.01222396575,97,3,3077.557270654295
45218.79864341909,50,404.95599697312286,200418.12420233915,110,3,1127.137435686615
40177.699719772354,66,632.1254144240626,299955.3348543651,276,1,1995.190935921609
24839.90758332816,26,759.9768325462826,290340.221810027,244,3,3640.6994878524533
21203.078677983558,68,541.8461057367028,223700.98672503096,127,3,-231.98812776049488
41813.81765914312,49,527.6459652086294,288592.07332714304,283,0,985.442653873361
33184.64946175576,64,460.11995849548816,223098.54997855835,285,3,1859.5793574900122
47536.870340023466,57,695.6444141493962,147859.2347793071,37,2,3965.344461014851
26674.175265841724,30,600.1624628505884,243528.97984988257,232,3,3908.7720860893
50896.517676327225,29,599.1702479256742,269874.07508511207,262,2,3097.1126259629405
41269.15522037467,60,687.2022387166253,315742.21534872433,163,4,2701.7617153076703
29171.9668173389,20,766.6667995821712,188542.14510380206,272,4,3522.910928468041
21704.414802499698,29,664.4548410674951,236632.1954949619,80,4,1924.6334215697982
50760.30265908764,65,811.551555443398,313060.308422751,206,2,2755.173627094217
39255.232915517576,47,617.2032551483885,292518.26688236586,206,1,976.5431287649427
24805.185882294605,48,550.6336702085578,247618.5209842417,68,2,2200.2884493875395
50724.96274577489,37,579.1243278956085,196322.23744727852,119,0,1696.5455970112369
54278.41218983043,37,746.232436458498,221551.13992292964,348,0,2706.5117442957753
53062.97585020019,18,563.9600093107831,273540.81184413744,60,3,2891.3921044138174
23110.6854239632,45,738.764418701684,388512.0253824084,248,4,1372.9389253013132
38940.99723210765,30,705.343862905837,300562.1665268518,301,3,1726.5215170024878
37462.80938178597,32,631.363156781548,317573.54034505464,29,2,2975.2383941061353
40907.39164650244,45,625.275509546244,267308.08833396935,253,4,3159.6558562056466
37502.14475407493,34,655.9743211292925,231782.4857543757,131,4,3642.3195131967036
4740.930581246921,60,598.8528384422641,249986.2599693321,261,3,2441.9827056274794
35694.477427845966,22,548.4684326807032,163545.5966971957,66,0,2310.008672214011
39469.09812119177,24,659.1775827613756,197986.06879433477,282,4,4362.588717038121
49471.546633411825,36,771.9228986165681,256944.73903356594,76,4,2897.497701391549
45908.66332526679,41,671.4448736802616,300735.2318053512,223,3,3153.431321858308
29047.630724299852,35,547.3875246468698,280326.23170887417,321,0,2128.5316200692346
43844.530334645155,54,650.7761782673094,272599.5081911062,308,3,1950.5556949730635
50089.241269529724,34,619.940170366923,229720.7186982368,249,0,786.6852287592491
24831.427939570636,25,725.678846298729,251151.0324117712,74,4,4704.309613757864
40974.98757287037,69,636.1578557359078,278420.2119266242,328,0,2549.2202059932533
48386.78500688163,48,655.8243327884429,305299.95029197575,92,2,3860.0108657496403
40571.06919344886,42,789.4504683198213,157861.20696849737,114,3,1793.773757845739
43353.05977031307,66,635.7076022373055,223721.51091446631,78,2,1083.846086077568
48285.95237551651,63,689.3971299253528,330102.1285188223,295,0,2981.3870342068662
47953.48732828343,68,489.76876585675546,232645.25910920204,337,2,1140.153822335541
33086.54993413936,18,586.8034467634436,153250.2605097345,121,3,3267.3165950437847
32235.448606613932,43,669.3534749474799,246091.58546533636,37,1,4512.5597354227975
52024.3867271644,25,537.6663267694773,200180.4863976908,355,1,1160.4997043255387
33502.28527719261,52,484.46838496713093,300632.8412689541,67,1,2210.5109204750343
23638.790387567104,50,638.4357023844541,246201.81747651138,152,4,259.3451061444186
41676.3734399775,52,741.152848068004,249410.42468959902,234,4,2186.7137416180167
22690.705345911716,61,534.6214729279536,366216.27816178196,233,4,2102.007864440957
27187.029709467828,42,738.3481165809817,327034.7987513586,233,4,2628.419763933368
22525.326174682425,24,602.5405619821722,351120.79891486256,256,3,2800.682195592632
28815.64690557367,62,814.0974177117333,280961.4390948357,160,0,2656.956130550112
37298.57180411263,30,641.0622757576543,266931.0696876763,227,2,1566.5478021385754
19167.687339644195,60,844.1007574292216,365100.5364033934,74,1,-65.08368825878333
26734.21211325471,42,747.3048260981067,234856.99063122887,287,1,3487.1179842377674
40298.86006744462,59,730.2610677910494,392890.015598156,312,3,3564.3039314189296
53978.42878675365,28,643.0106681523091,270595.2142879235,176,1,2809.9556231496094
31209.632570978414,61,726.5291914673641,430284.5752864072,224,2,3020.304045420022
53056.36086556132,58,696.93899444139,392527.4666837441,23,3,2092.7163358968746
39245.78359359414,22,583.2154370826564,308497.8428484447,71,0,2977.8631526227928
20142.778553756303,40,537.0750923439834,219198.87464487294,298,4,4075.1418493498304
33812.299029977476,66,518.7592920894194,242989.97597838187,331,3,1974.5199003526131
47990.98940638628,42,849.8309126866643,249053.11738716048,221,3,850.9207746784845
32329.588278454554,27,604.4445722390976,146685.56327189584,28,2,1224.1631129356726
22903.15418425491,48,659.1188901671895,224987.474694371,232,2,2563.1713337229344
28422.118657939332,48,728.0889343830668,262891.31792185473,157,1,3259.689525711628
34782.37105808965,19,591.2902695523239,261601.91204135347,193,0,3788.544349549142
38167.77554445346,41,531.9688466851949,255563.798089167,354,0,1428.20099760392
34271.45692461638,66,560.8425035256416,284844.94954009017,336,1,1561.2026014956757
27001.638590531504,41,668.9894365828618,326721.76253372413,355,1,2273.663447364148
28590.399193732013,29,753.2671979825758,210805.285144099,341,4,3858.3273137430906
42036.133073388206,52,725.4025308215499,253733.7905940974,73,1,3748.935615129331
42464.23460286739,23,521.1898074846414,299386.3405054279,279,0,4802.425360669969
38389.14804752529,48,595.4930259270259,362886.37097802333,101,1,1455.088079022543
52257.14833935035,68,523.4059040261179,247249.56637215146,74,3,3701.5984085528316
36182.273787602215,52,654.2884953087439,234930.07889661018,267,4,3520.9529202940384
38115.19922966943,25,525.9784616489112,209010.01332122245,307,4,2824.7661676040852
24747.34153997979,43,659.6429968339669,272238.3580710732,167,0,995.0508044670731
56952.90800331313,18,640.2191409089271,281040.8798587076,286,2,1925.114757154492
16085.61644764954,52,533.5535568369322,293698.22214831086,339,0,2104.3730245620345
41142.32565648378,62,651.2418746833,308052.8354115668,71,2,3152.702449984829
60015.5553257944,27,440.82611580559404,405546.54205434065,208,2,2333.025099834659
39932.90869154868,49,678.6854393025852,194484.19135913966,68,0,267.6097051209936
44044.53308046203,27,536.6919958508367,316773.3566160285,253,2,2158.0400412556687
35873.39040658348,30,654.548100950295,196890.8154101035,254,4,1529.3097758690121
46181.76694038784,55,691.8894741697491,164733.60840904093,102,0,2512.4231848495288
30632.323403919145,63,635.564854835045,352354.5335415212,101,2,854.0199883219677
43372.40517330003,30,571.9344772247435,262842.81409415393,96,1,1857.3302655382058
39575.55460068974,65,521.3816202836034,234922.95095498292,146,1,1379.6933926388026
35988.51629019079,69,599.6549544408721,183207.043847779,29,2,2988.9273880077963
43976.08537658635,58,905.6301863113817,229559.5007196819,327,4,1968.8178141230785
59633.7830448913,42,506.0475987800844,236468.50227029773,273,1,2690.7711776248098
38267.90940099276,53,711.2014190577888,340967.08406120265,343,2,1576.0038152096583
55918.52138305748,46,581.6619851079331,232981.9495196122,170,4,1126.4987102179416
51975.20474934177,32,613.9725799141834,145357.0533820743,69,3,3473.6423701396416
36403.30536385535,32,867.364742963385,298123.1110471835,179,0,2880.6649958573876
21762.76185567398,43,664.3144750366599,329895.576829472,189,4,2109.330436314051
48653.60794259927,61,623.9148902310603,274771.80622794904,245,3,214.99258838201203
37449.4580072297,25,760.2733769605403,301918.70742621506,126,4,2999.6782339087963
32319.220431551104,45,665.0763693614725,197070.41107793892,256,4,906.3830850548131
39342.08276711259,39,520.4573989371233,315051.8012312144,95,2,2338.5250824266295
45243.922453741485,33,375.556099436258,348472.619558651,275,0,1202.0037561117567
32662.65974126749,63,595.9421091858027,172697.34369241408,276,0,1601.5578914147375
65955.59100672421,39,611.5873839806484,406268.12415619835,184,3,3348.5477269417934
51034.1155661073,39,718.0422463619932,304696.81788730813,81,2,1711.3919489770817
49795.98118214218,29,768.2803205660815,222948.27183356165,29,0,4958.215309146226
28829.606774761265,32,566.4230144403168,297327.5655372833,78,4,2118.1955968842285
56215.07667710719,35,627.7749645869588,227949.5966553534,110,4,2684.671478168083
36445.03150393677,28,598.6123876368334,233334.84209933743,318,1,2151.440396420938
42803.63012637305,42,556.7078432910444,111538.17752580497,48,4,246.05448550592973
52761.91761702963,21,587.2150227122389,251241.01528931677,341,4,3364.2832322135855
41903.57257757036,45,560.4514622682909,342287.97367895587,216,3,971.7972258296181
27605.44108999217,35,586.8390869226864,250127.60836925413,78,0,2760.441977175833
38425.49666422169,55,672.5834036893751,262550.9995803293,271,2,624.2041333895496
50646.005829655915,31,702.9453948821301,275383.4198429898,84,4,419.3737608045696
56438.921514832924,34,594.7694491435278,276060.14055426046,215,4,2630.89492705743
37164.91924047905,56,516.4697324037741,246433.320044044,184,2,2393.079789989481
48153.77225551239,67,608.0277885903483,253005.29721915958,84,3,1459.2726293390174
35574.36151569981,21,788.5775107530571,197587.81320042512,222,0,2982.2297884649806
41120.22484659665,42,702.4957506125202,178625.63720715314,153,3,3625.3381658510616
15401.6735478224,41,695.5224745175336,307379.99562545476,251,3,2870.0519913972926
47574.11657397724,18,700.4895005310839,294399.7716825837,268,4,2189.274128513947
36230.723931349974,39,587.6915309133152,291473.9558943706,173,0,1932.6354256444765
25378.812183899096,29,624.8426727345052,187822.74194448758,162,0,2008.5483815243597
24887.981768642996,61,530.0943094394801,98739.02057291857,318,3,2773.8052490742116
37763.49014742811,20,740.5953347302042,242241.69698928067,135,1,2212.971679314852
35277.63396115734,65,731.945326633917,213994.0969039502,91,3,755.3579502087242
18929.237607762225,68,597.758107757454,241685.9323636134,173,0,3183.0582475239503
22861.438784281567,67,442.8465941144402,210883.25950054216,80,3,3913.204077968987
42299.40956245281,57,777.7363078271372,262941.30982138845,288,1,1735.5803063894555
41177.17761482876,36,615.3848233460898,306598.3663062523,240,4,1062.6368173658839
43547.198779673374,46,422.7810497618598,232060.25339666143,155,0,3621.1991355602386
49523.8628829362,56,639.4264752738983,215505.99546460717,233,3,2042.272247010506
52605.35594272258,37,490.29497496003466,251774.70244496575,22,3,2443.7331426300193
39735.245445167886,22,421.6228368794341,206741.6162686533,272,3,3243.572465723483
38164.13595981914,36,582.0365728934067,320912.6427130608,305,0,3276.942873235823
38796.01541939087,59,654.3062902668695,171756.8730156259,18,0,3031.4290649575364
31125.55347668268,37,675.9928420567231,324347.925046674,62,2,3261.6717242031486
41318.808818306585,45,875.7101539914083,277928.30206220766,156,2,2915.0145682722955
31663.86762158802,64,722.9409123107315,295241.0643216064,114,4,1910.2530726237828
48042.50602279212,50,555.6670390049569,301617.0871622815,88,2,3177.593847373146
46842.359836362775,28,687.2530457918704,213209.99046695116,123,3,4393.029262264128
35265.883806086094,68,677.6355138114995,299513.9394105473,139,1,3640.12174904327
31668.56801296189,31,576.1517738813116,234819.50291940893,223,0,1465.0851216703443
49061.877447562634,52,683.6456242318002,291718.2783273323,237,3,1794.4505531371537
49042.8184567059,52,527.3605428100145,198328.51162872007,344,1,4096.607265442347
22329.645144278897,36,644.6136025466844,247812.54584311356,267,2,407.63993287501904
4647.01771283318,46,536.0996228256502,318537.64582366945,70,3,1463.8016805737604
40167.48695154099,67,625.3499420834778,217374.41041429405,153,4,1564.4957300274464
48061.12199371417,64,750.2266044560795,262869.6233357356,121,3,3114.2707099602508
30448.095191032964,38,744.3356124899498,283088.5330974888,297,4,2662.2095023302077
39663.75074735413,53,673.0016069573824,244603.34785628258,81,0,3047.408469187048
55392.61187160319,34,587.6825427224464,254963.00430539268,88,1,2510.6141826753396
37632.7309684558,48,669.8016507302696,377246.4528175683,307,1,856.5376622483687
6668.978885732506,39,624.9412373575299,191946.8457558568,40,2,2313.3856994264056
38624.703329291355,55,599.0785798933218,279244.5421879243,194,4,2076.9576034416787
37516.30090438477,46,730.3152039161905,394639.5990958968,237,2,2237.471030564046
42923.68046662735,54,717.5026486336099,292406.97584540327,329,3,1814.716819065332
31576.259803040324,41,543.9852526714453,262545.37373298465,40,0,2899.4246296836423
41214.6117599655,47,854.1131143733016,225544.2881995749,22,2,1836.9114091391223
45521.30433966801,58,478.1641720650824,238982.39011955092,40,0,2052.930391487888
18383.00217627734,21,483.57367177235835,212790.90060055788,66,0,2782.310553271813
48309.6480031885,57,729.3779403282339,278244.7717850837,116,2,1944.479472473605
48886.32040037954,37,573.63988535631,224862.80281699018,206,2,1786.4917184564124
31804.122274828864,41,525.7235855461843,278575.6563044331,65,4,1640.0294994055387
18464.79325195714,48,586.5997099820864,385100.2619018334,293,3,3085.0231242109207
38033.583668526524,35,801.3760348488245,346450.3771134878,128,2,2257.1733882741655
34130.08323597466,30,585.398779205449,268394.1826177915,28,0,1735.0498350004184
45987.57018008949,20,675.0422994360562,178508.7623082304,138,4,2641.4928690876914
38108.23552522613,52,707.877200692122,266511.3524448761,337,0,2059.620715545295
34473.65042596057,52,620.2638772552269,239496.24336197122,124,4,3551.8847436914893
25478.681487911108,27,713.9946747074304,249354.06924686144,66,1,515.334551193472
47781.21286492853,31,513.321039569126,199271.63461711796,43,2,298.25101837300355
60344.12617518776,50,787.8256351246707,159145.12399687822,235,3,900.6054187089154
35027.03604453855,36,669.7745829438312,202459.49947049443,345,4,2548.447036740628
20374.835913931514,24,685.490287603561,222430.53840118318,18,3,3628.6594482556357
31553.002294799255,66,667.8935908497682,417808.51024554,269,4,3825.5505842053126
31140.54253972815,23,628.5726700224128,328195.14366869465,282,4,850.843845292576
44351.352674630776,54,636.4618637162506,306114.88011947175,174,3,2937.337986945285
57184.54188995149,46,752.0037577504661,145393.08140497218,252,0,1206.2241991529916
47860.69893735967,29,754.5893094908397,245243.60696779733,217,4,2897.238224972793
28964.74153446612,66,541.885000609183,274237.66814978607,338,2,1991.1499973316677
29770.45251953308,38,714.3553765052798,202958.35618854396,244,0,2501.7836086072607
30034.28993310461,43,678.5244229884617,372929.7474676449,207,2,3989.8283390662596
24257.283964263115,22,547.4172113414335,237396.17873287867,263,3,1758.0820164152303
27310.907494200866,23,660.7548855111156,318496.4697094128,156,2,1255.3492051892065
20016.901119702954,49,515.6988285257363,309587.080845507,303,2,2033.1475190757478
46582.688579998765,61,676.4085517417658,177531.01504505228,353,3,2386.0325960572463
17317.291692992363,55,660.64189479441,76287.13303128383,174,4,2497.7021932368707
48206.34052954007,37,714.6746054451203,174785.42889147156,313,1,3972.7810744819035
30686.011009678823,54,609.6242969442783,259577.1174876529,305,3,3504.864405741867
32727.696319287963,41,819.0163889282165,299431.7215684734,328,2,2087.7878936355946
43899.35561369273,38,590.5281162093569,243779.6173731303,24,0,2591.0736868427507
41527.39737579117,36,633.2702374094462,244957.99198168603,305,4,1265.7162093807844
17973.207859818038,23,672.5960875950452,264829.92779035185,147,0,2415.172421420443
50945.988093689826,36,781.6747134579442,313453.7444336059,327,1,2923.722323500147
39736.05487974827,66,695.7643441396345,298660.5666479389,321,1,2442.240610418046
11064.861981290409,44,804.1887531169021,304994.1538742081,272,4,3264.8398883727164
46773.36666325282,35,395.3293175136441,329219.31628263154,224,4,2379.0552589966987
38833.58777723594,20,682.1120409245394,226180.76480292398,261,2,3096.7936283817817
30894.94747683621,40,756.4623440428464,280245.1188522925,256,0,3062.1550947025125
45870.90021277512,58,566.1650149454779,242231.06458526076,76,1,-207.83954235011495
31616.53785076463,45,833.3899604236369,218232.23210251695,61,0,1555.995204934837
62614.86597286183,48,657.8470203616585,345341.7210879688,140,4,2212.231565717971
38579.61613288125,51,553.5624390364941,198143.16723509197,53,2,1832.9950246657697
17891.55227289723,54,552.9417501163229,172864.96608903163,126,1,40.16861252983572
47190.288065336834,46,736.8262967229413,233444.671583311,317,1,768.2702068043714
26935.40590755692,18,608.2976472069288,272897.4875554786,108,1,747.5795831719413
43906.11831672471,46,654.6938982369958,215221.50485350637,321,2,2153.4865359738437
45321.022040439144,64,688.7283349071935,222744.87533304328,184,3,3722.700866743148
50530.17249622263,26,637.4455362101916,361874.35919377126,37,2,2450.433812248938
36052.26776911062,49,633.2537508494248,201074.71696573822,359,4,2696.0378498757746
23156.181677000066,23,762.549484621323,194473.03900115806,40,0,3752.7775662365093
38436.068240304056,42,642.3508415841842,289062.9877094411,160,2,1764.314756623685
52461.27010971864,54,465.2685217638616,119056.09760108881,223,4,2573.798340893427
40109.79996928542,26,785.7343645828582,189309.33183512764,218,3,3151.004294375946
50936.35469509331,19,741.2552505409992,282535.8182821463,304,0,2194.6846901576673
30291.596651027394,40,590.0098482914626,221787.66515030785,233,4,3511.255264955044
51296.76322698481,69,664.2956511507202,304126.12951841304,190,2,3041.9254059352193
28885.365827146434,48,643.0803818371536,248336.90594151188,249,1,1648.0038425118732
48935.94462246936,26,552.1488148336159,307034.6250128382,125,4,1549.5579738933716
23181.3832659731,66,655.3345823477048,258742.16362467947,154,2,2068.657305787378
22580.19204233409,34,674.8411909547385,290445.37068467535,25,2,2756.941416567824
44905.87688728531,54,510.6871492402913,215973.03997514854,296,2,3058.3498766917005
21581.26383579154,62,781.849741906972,226317.38099509684,221,2,2871.6380171102383
33273.25190104051,22,585.8639648575465,230376.0733473641,185,2,2172.5985466944667
52748.0569198831,55,660.568935706859,194785.01702063487,302,2,2332.4671469850045
29859.66858044598,48,856.3606164173536,178897.94659718967,237,4,1566.3765970834554
49513.17321106308,48,749.7523729221704,269063.5115471833,195,2,1961.4013357850856
33024.061800807045,34,837.0643191210435,301340.4608849288,178,0,1949.6671719733858
12500.043612531112,22,668.2442231398468,225440.06452512185,335,4,583.9064752314473
29188.530375796665,66,745.9217472579402,253478.8782080742,326,0,1550.399419738264
29214.69278945039,54,552.3011412036875,342509.68169434037,196,2,2884.2719250354676
25061.052549299005,18,483.32512871416793,301694.93763553555,209,1,2662.7225202421446
46503.50181122022,56,680.8331533894473,234482.33250743567,153,1,2574.9207613608996
38189.84418944917,59,544.5072727887656,274039.72757802217,215,1,2587.742266538753
20101.658447932146,39,691.1627832916761,229281.51498383598,213,2,2585.915364769627
44187.56626545023,23,598.1722544904025,255078.79868981653,94,1,3298.0016082266256
25149.247140806314,50,808.6111362364295,317597.01761070837,177,0,2366.22748235468
35031.345360014064,46,630.2793201609687,152067.46506314838,84,2,2355.79144615835
38168.55336910838,44,602.5466221625018,166013.89015649824,190,3,2462.2515812162223
48374.33367977406,57,746.4108838452421,296603.6837514699,159,2,1658.8251648940543
35309.422691566266,43,700.0966481823183,280025.29548226146,263,0,3080.2334859527195
27184.456546563542,24,554.2407534181834,320145.1928289786,262,1,4514.4693789508065
42901.33074092324,29,810.5982099599829,157660.9499064843,36,3,2132.161673443237
62937.86625475278,60,554.3177921959519,306608.29503036157,305,0,1919.4226428892716
34811.55893178432,21,703.3571289002065,262894.5744251727,167,2,3322.544925357294
40919.58629244221,19,845.5496412351279,260739.01569286402,222,1,1189.6000759225808
30035.597243426146,64,597.2624979509113,216184.8246559543,299,1,1379.4913738399864
35875.89047003207,19,576.1295926040094,295343.49214908393,271,1,158.6643698100479
46918.06981119926,34,696.7930705966706,228726.03918462424,162,1,1162.167811942835
32782.28737179013,49,506.11567947701224,175310.06998248948,246,1,2438.944696506133
58074.42872107345,69,496.4358043533008,302436.23237076844,105,1,3152.90495993665
33571.741641692905,26,737.013520288111,273697.72904783796,273,4,3264.6950949083302
35979.6363795154,21,863.256929513845,296166.5099259537,287,1,3381.683300584788
25511.24890526862,37,644.7729095559305,270269.27919446916,180,4,3594.1268496330167
26221.649250592178,54,633.6899674599749,267775.9862812161,264,1,2275.53005851026
28368.503319249532,61,773.6491177748821,180399.7668050415,320,0,2799.6724875993386
36576.29547498167,35,608.1023834488328,161319.03365872495,282,3,2708.5114987913616
43798.75236345455,65,757.569834591337,293268.5990105771,105,4,2932.2859619843343
56917.701455163,47,687.379634209993,199947.10518935556,296,1,2718.247176497254
37471.76588096461,55,603.8664250568065,268577.29204782547,102,0,3072.9854145175937
43719.159807666554,36,572.6480955278757,232740.79290795716,94,3,1959.5903497273973
29252.283183682342,51,529.9243224233672,285448.02613441314,71,2,3852.079058643924
16692.18620222996,20,701.1060883221835,136664.55222656025,128,3,1971.3888393804812
39483.412486998706,24,683.3273028392912,221215.89389150485,243,0,2119.95950180554
35937.34070239734,18,670.6262395272217,270744.5577936371,107,1,347.7506728566185
20839.84658582835,67,538.0503000436419,177573.8678802208,23,4,3481.002370666659
21244.013261597756,29,783.1915106771847,230175.8720766368,190,0,2487.8706797592927
46594.635615926934,25,503.1218035722201,208764.18002197344,339,0,525.6513526857799
25407.401460599773,28,780.5392368181706,186096.15975527142,291,2,2587.6952569971036
22236.281522648824,23,868.5660894133608,254787.39750916255,213,2,2346.4906860403185
31720.782520690635,39,676.657287042819,277908.0372379259,308,3,1598.1874085897864
58862.34617046142,69,668.9614950940902,318575.10199924675,213,2,2897.8758140818654
49538.599338161504,64,640.4954154673921,180739.43675040762,129,0,2394.681444682414
18688.625176558657,59,553.0956898939049,367850.8120382556,144,4,2192.811938758597
44737.611361035946,24,554.5116466569993,190314.46268842625,211,1,3402.850314981688
52940.082168023204,37,501.32521399367454,151697.78637673915,183,2,2685.7450675112586
34994.50324723643,37,751.2947590319761,331974.5354275187,241,1,2465.2382160230704
49346.2624741054,23,423.1154398801963,282553.7974798192,147,2,1881.2491288042884
47128.71007399875,60,704.6130312304842,198387.85124267617,30,3,3309.831553220389
66033.01431468254,27,585.0191738443854,268264.1202790037,343,3,1178.2565116537182
46037.01104662303,51,576.2253343855239,163896.7521428018,59,3,2960.889712227493
33651.17441118203,25,559.1383206452732,237962.28783057275,285,1,3055.883755069787
50802.226902706985,66,606.3972365257017,240377.46316488698,150,3,3178.528186679739
23876.904932111283,50,821.2455133060859,382645.6301133907,313,4,1406.6499672175678
45898.808964796044,56,666.1035891927094,221098.8500509479,147,0,2680.364067623174
30229.395678218025,52,800.1657160181109,193807.5623199369,281,4,3635.1096727375584
29486.305364219566,68,925.2185231460804,261395.1372895389,356,0,2075.0218168318697
46332.320744493976,35,708.4906288312518,307987.2381973781,89,3,1424.767420771296
19594.24513591115,61,577.5011093166593,251726.2951142595,140,0,2640.3720606585225
30288.88070804258,36,752.404020818092,384036.83858991915,144,0,3339.5874197170133
38736.54986645764,38,681.8918623489078,210235.34598391643,48,2,3161.9342362800317
27649.320342386723,18,699.7445740666111,196525.8755057901,99,4,3169.766419057497
60684.678278470274,35,598.4183488361278,235672.94904333304,195,0,2598.4434874221456
29694.951591490048,39,718.6300692374367,272227.56548285595,123,4,2052.8162032532737
52455.66474845277,50,714.2856762895391,164689.46511598784,269,4,2728.3310722461433
45957.60555081128,61,855.3503053980925,166556.44750938073,185,2,1624.4400333008675
26310.78763539051,57,805.1626480385817,300343.5456588236,157,0,2499.706300604835
45858.967288124244,33,674.0538292429956,309222.9524273298,266,0,2919.5370729635647
26968.258395987046,40,746.8061140142879,274466.76359916705,247,1,1706.4856754214277
30300.661238294422,52,614.9423137872684,231295.65345384955,299,3,1620.1191976944676
41015.009384080826,43,687.8627044185928,155038.92552262137,302,2,2414.981018534543
50655.88072960436,38,678.9654855656727,315425.1792055486,359,3,1202.818681068473
27809.219573017093,47,529.1293676765152,272506.52428367874,159,3,2990.794690274508
52318.728759981685,45,622.4497556267141,285464.67624442896,160,2,3876.6234876499143
56498.258550321276,56,780.7175997391513,336279.7216467206,30,3,3523.4859777390225
39061.394684098996,33,578.4466268219873,375476.40207901376,36,2,977.5400941740178
30746.703586894895,58,503.07198373333256,194011.3529802448,326,4,2685.7607385931196
12623.717272493584,51,667.0606250836199,320507.9703029205,282,0,1541.6557683572178
40983.60998596641,38,525.0606659546547,373017.54831725324,29,3,1457.7530823267766
48143.97041315487,35,651.8333180918255,389498.59964852856,280,1,1818.2475055225389
41447.13677298095,41,642.5783524064891,209462.67818094828,134,4,1998.9659053131763
35190.965133140184,36,706.9506815402656,241727.33972323957,127,2,1687.1043051699253
52149.53610256588,54,651.7704887815627,294987.04431146255,332,1,2899.701539677504
41640.074761339914,36,777.5345675676284,329346.75239817455,73,4,3125.108292593666
26452.94533707562,66,540.685685006683,239338.78239666508,25,2,1965.1069220047418
34656.156005978846,25,676.4909795711532,162459.59523716368,155,1,1008.6404172915686
29538.52340878902,46,567.4953293252954,167673.69054528867,149,0,2538.2078001360983
43644.51516321725,52,717.143340690849,82053.19882487362,257,3,1477.7163162004708
22733.215832764105,45,644.7773665401702,172993.4517024068,34,1,1928.8988936816545
47574.72264373428,33,778.6733022539947,297475.28072373057,278,4,2113.9249378375325
38759.752565651936,60,706.0638747982968,274178.54466077866,25,4,894.7896024579717
46542.636771934536,29,554.7758291735138,293576.59845037025,321,2,2665.1462414272323
43537.81857451153,23,615.958796510053,186652.2729693099,261,4,3542.7084659196707
26868.05146468708,45,658.4169373386907,245112.4036200988,57,0,2828.730931232017
47393.44795967218,51,613.7427790073452,301344.5186560681,19,3,3456.2337087028563
46451.84198347733,64,545.9729970900718,239726.56577355263,269,2,4401.608036583164
25954.679070921324,68,671.7667913699828,270526.01028302155,176,3,1506.3427659231365
31013.7561738111,28,670.6755599778642,287778.8380228856,238,3,2783.9111465414035
35488.33674212845,20,521.5076912377837,103690.52593945405,328,3,3355.762504462662
35266.97371766926,36,685.1738536268946,143235.0221732516,227,1,1364.9305808026172
29023.837397963653,66,768.3903673444034,178128.82669356177,45,2,3302.5380625840417
67284.51490353243,25,638.2998615910615,176673.02343385154,220,0,2291.4881679902774
35187.61392238179,36,615.6057136009975,272044.8597995849,66,1,1714.8635404219929
33016.145505528155,45,711.9449382341303,224947.3746792109,73,4,1015.7221892740727
57800.30963592898,44,581.0252663779206,272618.81026428327,197,3,1779.432514811067
32582.401299946236,43,460.3384222537091,311333.64430066635,220,0,2884.839667926248
20551.00502611597,19,692.0064897000099,199854.05239335963,237,2,3624.5703044698275
49011.95239145114,50,753.4039005726909,203131.54310823636,207,4,1756.1666550945658
35653.9459758861,51,603.9053719857608,143993.68715384256,176,2,1259.8858323938925
29490.803878484687,19,679.8557954074308,242713.59201958496,35,4,3966.2845376116557
43275.25865356052,39,728.1164006921576,313516.8128504536,294,1,2370.0017438301966
39275.58812171212,61,716.2663035715466,302486.37245523237,197,0,4215.462020036679
42891.769997245756,55,555.8561227012839,235123.74634700225,195,4,3015.538353683518
34155.35091187936,31,704.850246764716,356503.3828977117,223,2,1498.0998780441462
38346.766210817164,20,716.1456095695246,250176.7654880837,60,3,1107.8779498056556
40125.893121504785,68,523.4867709490367,318065.87402870465,276,1,1636.97867837467
21199.776766313873,35,638.9609049120785,227044.78523339453,117,3,787.5961820067624
35444.69405700481,32,557.4331281378245,223437.28984260652,245,0,2496.793376439447
52521.1913621987,50,609.8904442964715,179197.21133299015,60,1,2890.1297196517467
31030.247123262845,67,642.9793879062139,151784.24327035932,349,4,2883.0804856315026
36669.66078138941,36,768.3091419209902,265950.13786457194,137,2,3739.629355720715
43669.76191643991,63,673.7282813616783,293908.8334548671,174,2,2001.3486234611494
43715.96269574903,31,552.8425544062445,202800.15047785972,337,4,3071.371669900224
25524.140378553657,46,514.9308936115834,179027.03637584441,156,4,3370.872952624174
20044.218472253186,55,760.4014077837072,195150.6313954335,351,2,4531.270728093257
47591.301209714955,49,735.5917905681612,281174.16822687746,121,4,3741.48758972017
37123.087270086384,59,564.2445719534519,281729.98614202876,137,1,3832.542205659978
48958.80214767299,57,561.9551244567276,274351.6941109692,63,4,2624.7257784716085
49772.16596633765,35,623.7316795750036,172263.1735270705,211,4,2231.2784486266155
19681.988831433977,53,554.794094397433,264291.89538276615,25,2,1815.62498750263
28406.89258253222,67,568.8393684732852,299435.96194279473,251,3,3073.201674382998
55144.02787033949,41,567.8977259638579,290304.9122422334,242,3,2955.1426402002066
58891.384320262085,19,586.954541274188,163121.69324784292,251,0,2523.6229597593533
31328.474652911995,33,551.7814294622844,352247.7008911814,22,1,3378.7923495029686
34738.73265895866,25,606.8969611193631,247856.14650460499,98,2,3264.7913007565908
42728.138359440294,27,749.6885083931413,250629.22234558806,53,2,1133.7673492964936
32024.53950681336,62,752.1779804220188,249486.26859724242,236,3,2965.0507344739563
42231.20133162485,53,595.5051206325955,344519.9363754967,179,4,3616.315084593429
52143.23945768347,53,774.1772540042458,306115.1928196186,281,0,694.1293184469681
26914.01219783675,45,641.6642132868658,263213.2639563872,331,2,3362.0332576641326
60727.75070099175,62,615.2540785888075,317834.68288047536,212,0,925.9981976614814
40048.77000072166,61,704.6351188535062,257000.4116226106,261,0,4132.302885267767
24325.909035180262,27,635.4150744449158,211576.08280686408,97,0,1927.278482696679
37151.65241126777,61,705.6084428825573,322099.44424190227,113,0,2113.1448667747704
21949.356444858957,45,769.6660862252461,141839.03343050307,341,1,1876.5682148758378
43222.859500885694,46,567.2696888878626,138987.5258009942,339,0,2508.0200416257803
58212.88272368807,57,825.4193618425411,313238.5903691841,89,1,3093.769962962229
39568.81109146727,39,755.5550491439758,237960.3302123651,279,4,2437.5786536127985
31040.423403730427,18,794.9551858019641,282461.9150335436,305,2,3637.5561563804326
43295.46630940623,55,636.2667440116788,370391.3183934828,143,4,4474.827872796967
32387.41689255141,43,670.4716322020079,309676.13713486324,110,3,2815.435480568681
26339.003037355233,55,843.4524853428657,350761.77690263954,324,0,1220.1940502248979
31499.791686170232,42,480.73904575163704,246462.77730040654,308,4,1599.5217353662686
50515.95390903657,31,749.6761919911442,287089.91120476514,94,3,2167.112623387994
36788.436896600775,39,588.2045489304645,295865.4821829247,294,0,3090.973992400004
16479.574496495246,23,701.9503891899085,374287.90775732114,62,1,2519.701571411741
29965.29390060675,55,422.16421423760073,298810.1922403675,275,3,2686.927600708254
38180.75358132538,56,777.0665331062311,183369.76076726677,22,0,1565.4374581055906
38991.51231533183,52,865.1065347048,347428.60109779454,190,3,2502.442735223093
17918.944893523443,28,610.379668129254,285791.0033433251,98,3,1889.2873033982635
36310.75805641301,27,741.808356141084,185491.36759042536,204,0,2036.9349464152915
42218.9698874382,59,477.22400841706514,273551.4406718569,245,0,3109.7885667111
38276.39919833106,18,587.8839108011836,324061.030017229,19,2,2622.6399740479333
52087.88301821196,61,675.7175074019528,335950.96633262344,121,4,1363.9700549488473
16330.265229712688,49,514.8678067268307,318867.9745833563,172,4,2892.9720972579507
33859.215895236615,35,730.5800375085802,282433.87645373004,279,1,1077.093395039537
39942.02281650688,50,613.0457714423649,255873.8327645747,159,3,2695.935913124522
50006.76270769889,51,742.9621072571725,267943.39710189257,267,1,2462.0957902232017
46873.84829406161,63,768.0328464554522,167483.3922226031,245,0,1540.700730269384
31879.024976316403,27,540.0288240108315,233602.38244998807,296,2,3826.6633651563448
51672.8533278494,55,468.0179514279133,181415.68160702658,315,1,1642.3219523672976
51823.31777519631,44,617.811977099994,240494.1505466637,78,4,1785.028239116529
43616.46258985932,53,673.5660434411692,258259.7617641023,165,1,2969.2994189515416
2775.323654894728,34,645.6842653794068,249315.0001059882,326,3,3548.663850854519
43049.71633374406,27,585.5717074547441,367153.02176177566,59,0,2506.722104875427
25686.969578612338,66,665.3436710976794,296226.70110757736,258,0,3290.002753955095
30234.85771140881,65,714.5313585576591,302793.22096210223,102,2,3361.635120366875
11916.715042048394,20,657.105469133658,192959.0852737423,357,3,2658.128107444656
39175.663708590306,66,576.3190786717228,237294.4312871098,75,3,1278.4833492290027
35696.69416318899,48,669.1915309829826,294062.5134608652,135,4,2491.0959479641047
29518.286196297006,57,645.9483175647341,303062.9787462399,96,2,1577.0690211185124
31528.841089143432,60,531.2350143290819,223413.6720546646,344,3,2020.985881892816
53686.589542535825,53,424.20559742815135,197770.0519401517,200,2,1779.261656493022
21021.196927963123,26,672.5640885782659,183897.75654815973,27,0,2337.806907314825
50253.61787371346,28,661.6890362795021,325497.4495847767,258,2,740.5740056764141
23408.555927155812,33,793.3557456204893,339719.7487442275,318,0,4235.284034203646
52481.070219503345,26,521.7358562975013,336913.9336088412,103,4,1486.7216502497663
42250.50372781661,33,586.4148084347236,187928.94492927325,314,4,2569.2985333486927
32873.79922195868,18,709.1574391748519,265979.91926624184,18,1,1800.8810135751999
64221.587263691574,55,689.0167702233314,237212.22277426108,126,2,1663.6313370620232
42509.7123367537,67,825.7587731486738,305793.2626906859,351,0,2151.998317377552
40545.13488317821,34,751.2772849107646,296281.396873196,121,2,1363.3988749852374
18349.942091679823,63,666.6336187861511,167895.13277666434,241,0,2523.439072271452
52920.927996720726,38,558.0546450954266,410243.39357228024,228,2,3108.1335053160037
13054.450724970902,37,732.3611523504251,287346.52580681554,318,0,1501.9283750810666
30911.913476492733,35,661.0687935731011,225948.23883392388,185,1,2039.4962645834173
50252.557159363394,57,712.1445267654906,254851.38883500162,85,1,1882.4811827544434
29122.7303583649,52,513.2043991205647,247461.37601795944,143,4,2510.159139409478
47128.32873813361,33,484.05087847031837,271773.0753846967,348,3,4888.99436710427
40050.69725768833,29,772.0144838759691,361858.89549971203,182,1,3208.9841426363832
27814.929157042923,33,615.5006647211715,303483.4160392677,207,1,2030.9433217406713
35777.9762356619,51,543.1061927475403,171801.2210790236,103,3,3800.5670940696714
36023.80928548562,20,758.8438393930728,171888.52489235057,333,0,4147.202687260408
25447.129406020307,28,473.73613884245196,191447.01694323693,358,2,1194.848374129266
20460.82476048776,49,447.81826349499545,271614.25025307364,102,3,1200.6025739657184
54559.7215759648,54,812.4247353454596,264999.6882871764,115,2,2794.299055918593
37627.06120438131,40,616.5922291173371,181566.27582675815,330,2,2929.09446783996
43063.365167751894,36,483.45552647712316,246839.13483579262,289,3,3230.818158915525
32466.493344580795,39,522.7759315384379,284148.04664465896,319,1,1928.6852528730042
32122.301731283747,35,642.3834317180587,284615.6739313773,280,2,2972.4029025445525
31063.229655210154,25,499.091743555587,286016.7966909266,90,0,2436.605911204952
43050.03384956972,41,619.6060665625752,248238.6556626414,13,2,3113.4010140477535
58778.7759164087,31,665.6232860501061,274854.11479552084,265,1,1208.8832023411812
50805.11835493988,66,750.7371323248669,228095.01841909546,218,1,2071.4072880945
33353.99866124331,21,787.4029373496335,205631.76661019956,43,3,2178.8490943860197
32799.19305773993,33,628.1948425032897,280711.1557285264,204,0,2519.8838973482852
69131.18567433648,24,749.1430384097924,270312.42398934654,223,3,1557.6228829758288
54962.515516315645,66,679.3637325750597,208752.35137660877,251,3,2114.368638589118
32014.620350557576,19,750.5467398764783,238519.9991458757,80,3,2155.3609400641335
16343.256192875633,57,540.8166649132518,192924.8482351949,100,0,3114.009014441459
34543.667535789435,41,588.1915898036976,286422.4046918392,25,3,1447.0417559429286
30613.21113522117,41,485.06326521654205,255668.24942075735,170,1,2406.302683300944
32516.935715582593,35,733.8155404216981,206306.19911975515,339,3,2650.355297526206
54229.39130661203,57,746.9979218825658,337292.9470836892,95,0,1930.1249072278242
46863.33532170701,63,832.7865308342502,145936.59938596952,54,3,1895.2500860828513
51436.732024811856,36,741.3175949751437,275530.53756605525,108,3,1663.543369885636
38829.068006780326,64,749.5454177186652,300247.57485770853,345,3,2445.525812017395
57172.182139890414,30,651.1158005786496,238562.5406366089,230,4,653.1854929301
36282.98035225626,60,626.9274675052459,261772.9765445034,288,4,2694.996430841758
44368.772735788865,35,580.6564796318896,160066.3014417885,274,1,1742.7259297300664
38040.432287604344,48,464.1910431153683,184224.52424182318,313,4,4301.25505789207
33693.776902947415,34,728.757100499542,154759.28113888402,352,1,4363.90208968645
49266.76345274507,28,660.2534078918144,330305.6611607235,183,2,2839.310466745036
29790.05165249372,56,832.2777625272095,344000.48996699485,301,1,1786.8048143065841
31876.166599358025,46,473.4602744875178,192535.48962711083,79,0,1872.7811354933438
28775.56833937535,55,679.1019481737922,215852.9492394627,303,1,2771.075812741706
32540.56888504223,57,491.04431703365424,216312.57069672886,186,0,1516.6438399682995
49036.86052392723,60,845.8426245196431,303228.52888389246,287,1,1546.537811745071
28533.983719459746,46,626.9842609925089,239581.60871553788,120,4,4475.034598742335
30966.385697181933,35,840.9827591918452,207461.83608090167,20,2,2593.4358317919045
43858.77751293797,19,519.4177918168131,315704.2584189255,221,0,1733.7168163856616
28910.18921529803,64,683.1115341663467,380125.4858742575,218,3,2898.9720874715276
42601.91115061502,28,523.0163208466606,241992.07931803018,226,0,2170.9134752347236
31003.663789304406,55,611.9458176095211,238720.9209419024,99,4,4151.26172751401
31662.33370624762,27,861.2806820674405,204032.1448185758,305,1,2797.808518282323
21781.073394856063,44,581.6277227698926,265737.56243444246,256,0,2770.415935764329
34526.936350493685,39,799.6666444473487,291279.96681796014,133,0,2253.6436698100783
46314.25186437622,55,718.6181531167626,244530.60370329954,256,3,2404.4463115224353
26634.282635665488,42,837.4769025260229,174239.50928078414,110,2,3331.228401094202
50940.0788528264,41,749.0453156853574,271110.09380522673,312,3,4832.456035333242
41180.74807167974,26,723.5257175064967,253906.86248087016,240,0,3776.709207787715
48587.80927679188,21,614.7178876241925,284339.4362068583,173,4,2915.995908821849
43727.78098149324,24,775.5827845411052,253739.87870520024,347,0,355.8974331727686
43773.7768490169,59,588.6107490259151,138055.61307743395,266,1,2540.135348918928
43626.22234829003,41,516.7082787176023,328251.0776631009,256,0,1070.8450289182786
38062.74107339516,43,649.0873841728903,257725.64739486953,276,4,1632.7208393510616
54824.877271359255,27,710.1371126760171,234171.79924976392,18,4,363.7499258584048
42625.29677871021,49,935.7196961891623,295798.95925274165,13,0,766.6929579977146
34967.13983804602,56,550.5173608166212,222998.29125541574,120,3,2928.00299209749
51014.82096268202,39,585.3549318882118,355295.037297108,167,1,1565.7491950680208
47517.91434746579,25,478.8807391095031,217847.1100804364,126,4,2617.9048158010023
36111.72672274427,26,735.8671999260109,418221.6948348414,325,2,3007.3841348593064
19329.221330749795,67,594.4962110584662,281589.94055175723,263,0,3113.5840652808347
25097.53858238185,22,437.5289254878015,389421.6602557931,328,3,2220.4428073600266
48694.391440390915,30,617.034482846062,273264.9127566812,92,1,2220.754485291475
49962.88233137117,28,586.8432607362868,164262.85207795192,324,1,3359.2900050616654
33590.43960246799,64,440.77454633358695,341584.83690621256,33,2,1890.9373390179953
37758.8445969294,18,662.2936249310831,266324.07518326817,41,0,3044.0160991078633
28307.450203606553,33,523.6533279286153,250630.7387789279,303,3,1164.3644092058612
28918.473679143175,29,783.6381070452949,191839.46872219635,218,0,850.8821582787772
49021.81633610334,43,511.83858499608596,184870.19271728015,100,1,3464.3612008175396
30403.62653113998,21,519.0697795066669,274406.7797134393,305,4,2418.337982655517
27702.072650118163,40,760.3949941239628,270036.87986305385,318,0,808.6209536168011
19514.77612204295,30,658.8900689221811,253174.18266159444,313,0,1167.8898364049023
36002.630381092764,43,708.3693929269259,346208.33509915374,301,3,3694.395979480642
17129.970664124623,65,578.5504756791432,346195.6190059705,27,2,3498.859861553514
24846.44237175364,28,663.5826368808961,274944.80074221443,42,1,2175.188822696494
37218.59251283275,27,766.0443042452159,352706.09698414744,62,1,1194.5019373766747
37247.0483067484,51,831.2784717284429,266753.8334784386,342,0,3631.1255445820802
22347.595941505006,23,582.2368525121219,272478.5754359805,351,1,3699.4810164814053
15540.161487625803,44,728.5113418662194,348713.8905047764,48,1,1969.691930061255
49985.99687928489,51,692.5547780067393,180907.94340766224,314,1,1304.5098506061775
26450.99822427921,20,646.9067478611241,303852.7528390614,18,4,2119.8357320205296
50968.47382614529,32,495.63216710778534,269852.0805877789,39,1,2066.5363009816074
36466.25197262238,64,833.3479060831996,255280.249298047,37,3,2663.1384103011933
26028.776668573708,54,729.5513903325584,226674.79464983192,69,2,2562.070796284728
37136.082034341336,26,768.6223007952482,198699.33158611206,110,3,2293.0876907601037
33755.39367610934,66,819.7782861806623,349928.54103898536,26,0,3309.56850729109
54814.06787978519,32,470.69031190337785,211478.6144566946,277,2,3426.5712411849554
17239.291031257737,34,545.7260506348498,259600.9392371435,72,2,1789.5586932604579
23859.06423251456,66,619.6223432862755,298103.82579328853,132,2,904.4836378640489
55205.08445916689,54,705.0877679326836,325895.2886943515,290,2,1308.7054419212818
39371.34995468724,31,802.3400745573845,211134.50027147672,50,2,1786.767198113251
28472.332703119268,23,662.4145533727889,38188.21418067412,236,1,460.1979839728359
40254.14703512723,29,563.7089912664359,344485.4062202498,354,1,2257.582222358349
34654.27585379785,41,605.9600522929463,254274.76981530307,265,0,3267.614897915003
44181.117738864064,62,664.4252649550998,216756.10226636927,52,3,3255.712990807572
32312.235344380977,37,678.3360239787339,266593.0262749566,116,4,1003.2084184806108
48995.484781213425,29,758.9096963706737,254635.03864330924,276,2,2993.2270393513554
29694.306365221226,40,698.2354033061184,196739.92780784215,151,1,2265.0108735670537
43777.79484705908,35,700.5094995329816,364415.23670328554,343,2,2356.969544795156
39954.32202044396,66,839.9971199113701,251744.92395626465,198,4,1932.3724987811236
24769.965887769453,52,588.2002781860353,219493.88958329445,59,3,2442.9338923857567
34505.19780919803,51,664.6662870308919,277333.59090603056,150,2,3681.25003583861
37952.168539351645,44,641.6335051173942,225182.43556657108,333,4,1522.1844686744869
65742.62228318173,42,602.5158251739783,159166.9752275122,282,0,2379.7381063817184
27593.693233056965,64,842.1665971321423,296569.90851390513,266,0,2121.4907033585737
31630.141178827653,23,611.1496974613701,217805.95239204558,60,2,3640.0105561966675
39280.956603823106,59,607.6465406194819,127808.21467342286,184,0,4157.245863219652
49102.38229753518,68,527.4137968516048,355810.4401898493,298,1,2869.687886085541
41274.351072039935,51,656.6256202281455,367476.82698643586,230,4,2267.129698132762
48083.50573031326,26,759.3905699526429,297608.12924446055,293,2,1209.627489604746
56794.84469224088,52,749.2900680276116,198611.79100534436,56,3,2263.8094990885893
41466.132688394486,44,671.4038749972223,197081.3456620284,282,4,3107.9646927774816
37590.2721708352,32,514.6848012482187,338402.1227529902,67,3,3181.880326732183
32522.632604482125,27,489.70023163856376,323816.4039143141,239,0,2078.467709455892
60448.85344011194,45,789.6331487476766,315358.88273624115,27,2,1945.0506379531412
42486.217020854165,59,648.1230089720121,251968.17111699778,132,4,1321.0656838783793
29543.29840830365,36,786.1583258457852,261368.43071296788,72,3,1902.5926718537662
37955.42665790135,47,744.8774519668741,222582.75880375205,43,0,3012.895420102941
25054.69799821677,52,811.3797803219376,366483.44817620685,131,1,2068.4001497307213
22073.03091811214,36,539.5579617893956,350040.5301171561,273,1,3757.6458969404166
27108.496475933873,39,756.3362431135216,308717.8346492453,31,4,3216.750895794518
26752.231719975283,40,735.8655426120107,345113.94116073754,223,0,2433.051905382294
32338.94673191577,68,523.9131345965526,330175.7823225211,107,1,3393.2126017048613
11818.53631859362,58,698.3790395262381,214090.87925995784,221,3,1098.217514197055
18475.948219362945,55,697.2726764952012,247497.37332892953,319,1,3210.506699772314
16922.943641783713,34,624.8455968467024,132203.99455228756,213,1,1061.9739993378175
56876.27673814155,69,761.5024048773433,192831.02480895855,293,3,2676.7821484140136
34178.83092126729,64,627.7594913637196,186599.5221411628,332,3,1254.3006373316134
52850.91528381772,46,799.4038273674062,209178.22041373292,111,4,2128.2521981124146
33886.66659866681,62,755.4462780299926,358275.25112911814,147,3,3751.346830006106
36024.72367675474,18,620.414919482901,228817.66254130585,307,2,3536.0180510514465
26919.674141095238,42,761.9958998072003,234720.2680830206,301,4,1771.5398767730014
63594.344666174045,26,699.2804563498197,250334.9435744702,286,3,4125.687927063664
36344.007774479025,67,699.5384160296787,135350.57768751372,258,2,3140.815672255222
35307.46315067825,65,583.4777939698037,167579.14480093966,34,1,677.4595355046039
44355.80709597189,42,721.5549965215655,319683.1848724964,109,0,3885.4138254223617
39522.31753388618,53,628.6472738377149,261559.6766891049,236,0,2640.757111262826
47591.222709089736,41,773.6006900551805,320464.23455276416,327,4,1610.3757581813775
53826.12442842885,39,849.089132151497,299772.9432499065,224,1,278.25938166832293
31148.79394972708,34,546.4017469006226,233615.122422317,113,3,2157.3750872609053
37883.55147691836,21,451.9661302786617,265440.92772952287,94,2,2893.97550031785
26394.18901864783,53,606.7188905350063,202876.03736327056,149,3,2811.8012191953653
38961.27867716161,44,821.2650568865708,202114.08479895885,101,4,3031.514196111987
27977.889603380623,61,484.5996462799478,179443.5501485276,286,4,1923.3506142858253
30627.557833025312,62,535.4231646145106,222625.81902141278,253,2,2883.3772343764085
34371.77517631659,32,579.7474952294466,231026.87444131504,321,4,1221.760952022144
40853.040153466005,53,602.6226291802808,367534.4176941687,237,4,3752.04921561965
36376.18174309831,23,732.3528304640275,253897.954848598,211,1,4215.1919389192235
10809.857630737832,31,646.8840646888605,200631.6952496739,122,1,3246.729866345746
30206.040601115783,65,748.4415848153296,294897.66412591364,185,3,822.3161751821629
36601.46588500649,58,643.5776774950813,182313.0581246761,119,0,1567.8874615811121
49960.082637250496,40,568.0760020748437,217688.77606802262,141,1,2888.028460653509
33157.222202084326,56,825.7704125818916,157131.69774863627,272,4,2927.353739592312
57153.24089972532,56,758.541904301642,201063.06076684076,344,0,1334.1825348208788
46730.59353272544,24,759.3875169135555,229568.01034315952,71,1,1832.819531206122
40936.36874789893,50,620.3608689780318,266710.022239102,61,3,2231.7919703081707
31698.428070350295,48,682.4337598327951,149506.32894122088,50,2,2367.679296974063
25611.923913953076,35,605.437370235047,260252.2243592861,263,3,3715.6095489523927
44530.60051819838,66,836.2031869949033,197294.94642928886,19,2,3155.3269152889097
4036.400021930105,21,691.8946862894317,196480.26837677252,26,1,3644.1581433857505
29758.79076392114,21,615.1682415129224,306427.0457886056,288,2,1751.5262252351836
45943.445650705355,49,540.0424375943171,308731.94845539454,303,2,1771.9748225204578
35113.703392618976,45,750.15552071485,205883.38565819577,121,3,3360.440281398534
54702.448908472026,47,692.1365112434869,274416.0806503672,74,0,2195.462015710027
34225.228731657626,49,696.0955300470906,289980.4045404999,352,1,3838.76490255355
15528.474190245775,24,516.2396643259008,277974.56874903076,141,1,3252.046356365278
38918.49318279194,60,721.0808885607231,180983.3431962987,34,1,1392.0168571493775
43033.303285850845,42,597.9602874708847,221027.21937269063,26,3,2652.3355159464195
48905.20171584351,42,539.8015095161846,215812.32473539264,20,3,4046.937442633801
46318.56172118179,52,477.21931588217353,229315.47359234217,154,2,2518.6000192723
49910.053315956975,69,700.528928494504,390155.51623345516,262,0,1681.0787906865855
55662.04399618799,35,719.7285546556312,268388.4458210293,51,4,1524.19511288562
15300.463449260824,69,658.3188205917728,256737.91517479628,212,4,1302.997682323846
54428.60835434809,46,557.4341873849744,205953.3453164754,333,1,391.8041854873879
36947.428566533534,48,566.1891124879209,318160.73695909575,36,2,3558.5143462503156
32501.323439854692,18,604.8243634547564,138393.686192917,18,3,3730.0909875139896
44553.59962236071,34,594.3285382374926,153257.13414063747,272,4,1694.0274108368274
26414.492922839876,64,625.4030393883062,94452.0173888218,221,1,2531.604056464201
26886.815445495777,67,617.3799943581794,277688.90947032586,175,4,2723.3632393601315
20915.352090542354,68,702.0604659026999,325761.71059943497,248,1,947.4445703274251
46909.33268745203,54,613.5001594765585,287629.6565342794,348,2,2043.367579115494
38283.49068890139,45,693.1591595252022,221219.91654906416,103,2,1599.3867317092058
39962.076504624914,37,710.8435705882933,329194.86578055064,252,2,3019.781694349034
44828.09887043724,59,684.3247770187346,191079.86251388278,273,3,3846.927189616732
45459.75093369296,21,646.0383254136484,251115.80474102072,148,4,769.6884585082958
43251.498058872196,68,895.4873718707842,303260.16280404065,128,0,1920.541051662798
32216.067327293233,46,697.8268530160277,135429.67773179596,127,4,2236.153118277243
39948.74181600628,23,613.5843311655299,210439.6141262971,74,0,3113.2440351038595
31453.584388142328,45,736.3957661136799,307843.91882550495,121,3,2483.468244302128
36128.71605779196,59,599.8883228078544,255134.9563673377,199,0,2619.173989478433
35899.60417444704,45,591.996973935857,223876.51553242328,112,2,1891.3183167338482
25709.34266456171,35,747.3003242660047,177479.01531532768,160,2,1186.085061644342
26014.72133622254,18,845.0114794325508,363303.5470173387,187,1,3202.658655820142
27514.136569177397,34,677.5850853992679,351471.02675999404,21,4,2222.5135970154147
38569.06167277461,18,503.01402576348147,254692.21266345514,31,4,2281.3078016720037
47748.250365006934,45,435.6625518730399,306749.6360506016,40,3,2331.6938162713654
32971.94807030324,25,638.5559402900958,188708.9623691084,215,0,810.3141024982564
24122.514877253645,53,657.9509052720343,293374.06835101143,99,4,1877.660822506162
24422.799047643603,45,643.6688890087814,247635.45645465833,43,1,3813.351652775005
35990.06947156057,38,649.8452955987538,202079.46788191298,90,1,788.8412184237504
44696.56559884254,38,555.9091798881685,299732.2049170723,217,0,3497.740234882127
15461.431379894688,50,602.5303772804889,294237.53438443335,174,3,1806.1264890955927
40856.549108343635,67,611.1330795914306,275909.61993442196,192,3,957.2781752943135
52812.870278703835,29,670.5294930647428,251427.11072256824,51,4,1952.145917796104
28875.52524984124,31,697.8589076715679,334043.90191721363,113,1,3334.154932817055
45314.424868257935,33,658.9540817884858,233776.33122861572,355,3,2895.452311563805
40777.88790401747,69,701.7231328334087,200621.8727808462,69,3,3773.5853308450687
22839.87093141321,30,810.6076286627157,360280.3797321152,263,0,3650.4865198436196
50010.258945882684,45,594.9811538709475,251787.81883471835,322,2,538.3439809290438
19603.724698282742,66,762.0883803745771,323494.778716458,123,0,2109.1324119121946
24160.27581177175,27,578.7355949036678,250281.77961947513,127,0,2740.028162269069
43901.16599523682,46,676.5692821297747,323848.5900574073,28,1,929.6682554271475
49908.846867419794,41,641.9105153196941,237096.86177122383,87,3,2991.3743426610276
43544.86665343932,41,497.42317948671996,304975.4821509457,92,0,2377.384249142649
49140.79003589197,22,764.1396434363236,190371.8526331936,128,2,3275.416087607821
50532.3406879001,33,626.4150257214586,190804.05718115222,200,2,1882.8634583352111
37237.741036868334,31,811.3953157230238,246375.5909045136,122,0,1836.4189518545263
37819.57344629376,46,667.4009351877224,266259.1589328902,19,3,1660.3478583572098
43704.751523290106,22,525.6620910313902,443765.6654817082,330,0,1095.335013680042
42956.20916922696,29,751.4820009506573,346807.92855278985,215,3,2114.8154168811557
37436.80162927002,40,447.09261404833796,344570.7246292891,176,0,1052.7217799664766
33461.48081361601,52,674.2460397736884,287487.52429139236,70,4,4585.685923755659
41159.77337351146,50,583.6653619398926,160787.7402458654,224,0,2895.509180811422
34235.64641659748,37,670.4289448873277,353864.8080261495,244,1,3609.0336181129164
38795.682438208416,38,566.8151872937023,174268.93982822567,192,2,1124.1025388404396
50191.84340065309,69,823.9850766902548,450046.03781126096,133,0,1501.7018520311613
23694.778472172773,65,773.9755472069382,300875.02193380805,143,0,1149.3516755401513
49031.44203639712,67,610.6029453364636,284060.083231194,254,1,2605.1766931055195
22170.25145081945,38,511.9052921148316,324873.9983311149,358,4,2176.5752991770887
26588.352172481777,23,677.6205533367186,258963.7520683925,131,2,1888.0629436585755
29875.119867931,39,549.3436509036842,262035.90147023427,355,4,1342.5805075804803
8091.541568681632,32,708.3782442006287,222036.622604407,241,0,2951.5225019633394
39183.73194159792,49,516.5266759500821,334749.2824415301,115,4,2391.8517571497737
27171.39563727082,62,720.4981402106555,264585.4236279113,135,3,1904.5268064486443
42216.758207847335,36,526.9136681641834,219944.91828695784,343,4,2673.2559418389737
42888.80361302104,43,700.7528493366647,284443.5058673182,142,0,2913.6305549111253
59486.61366971822,24,691.6744948935567,292748.66087785235,101,1,722.2036039211117
39173.06045668622,36,701.6104500770946,275102.9610044486,325,0,3526.291027169733
29434.61241670081,62,667.3342576219717,271691.2249536943,228,3,820.4236797529819
34271.80928980601,24,823.5575328289942,244793.72207290394,179,1,3315.73820194771
31066.441481762817,35,704.2565093054485,170395.5968794498,34,3,1438.7716557929173
31687.79431500577,38,675.3090434533032,293519.191180287,310,2,646.9488226676127
21882.335445713583,30,719.8369589290902,398417.52144947136,50,1,1567.683507902843
21931.220900093493,32,620.3087239725766,185909.58398475466,24,1,2165.189505379145
26219.576674944798,62,668.6583632612382,257411.25612048694,158,4,1284.1978992031093
42447.91064428386,20,478.31886264534376,340212.9634126289,337,4,1424.205344829403
37442.657499720066,48,503.30751719174594,89854.68124145386,65,1,2692.9311490660284
47523.89531614553,36,570.185338082199,424880.5164985163,339,3,1256.3887895519251
20066.824425506682,40,695.9096991431428,186069.37338048828,134,0,2719.1064074782057
31861.16850527848,61,545.0488866690811,259727.7567811542,66,4,3536.397385602973
48119.44630010206,69,748.4915883458868,349465.6758427493,144,3,1812.4700549712047
32748.657213486542,47,726.9939856514264,229990.02828774304,277,1,3015.3131348185593
33105.7349932341,66,480.08344230573823,194273.27129764738,226,2,3178.025830109887
52675.3121071655,38,681.8487892096491,272613.4846992663,125,2,3512.7656966049317
37492.65435305895,31,527.1991297084353,242171.7549849305,201,4,3311.70501240768
58663.44480294135,25,768.282603296072,139774.23230265948,297,2,1525.5305975587958
20319.121764764754,61,798.9997398864575,304872.2773371411,146,4,1891.1134442576843
21573.533685541115,69,658.8429933996318,342871.0676293601,219,0,2855.1428591006475
37655.51330541578,60,649.0041909857646,273774.864602162,255,0,2928.9019901303755
25123.095151619793,69,688.7438942191958,278027.84674753103,127,4,2650.4205194965575
52697.233943476225,50,725.1966677138015,201123.83419134302,49,0,1022.1384101159308
36114.31975603034,28,574.3750471621755,251672.32232002734,182,3,1288.0492310293769
48168.37522329469,43,663.3946983135842,283849.1829163748,261,4,4489.6808330551
35880.518006771315,24,593.5455059757469,162892.95609903225,51,0,3011.601129522217
21227.396628396513,61,661.4679814903313,323705.94607537787,228,4,2030.0375888269377
37399.47795712869,26,659.4253489440374,380732.32866469637,95,1,2564.5616580561186
35197.21420064014,50,786.1201801322769,373361.5196238922,98,4,3719.0811850976497
40592.40328152078,24,569.870245928144,282446.7868415756,333,0,3306.9001988914656
60554.575951816914,55,540.7139365923047,245816.46768224638,311,0,1218.5202359788416
47529.57957045305,67,613.9620499062744,243193.1817283893,37,0,1567.5372930394558
30214.718767766604,64,806.505821643133,213647.771093572,98,4,3282.0729821720684
45388.92991873106,65,696.2488117705623,342194.18613984657,190,1,2494.5443243564723
42740.75934774857,35,567.5109296873576,256191.14988633362,276,4,1803.1281411266214
27380.10563349546,61,544.7733193259899,213974.25515573643,252,4,2010.0516885349587
50841.63303398828,24,705.6613931154471,213037.85429049216,184,1,1157.3181310587295
34704.79307458261,34,673.7687217406694,303731.32139804715,227,1,1320.944775875054
59233.89002753699,50,652.7165761780202,159582.94751314918,29,0,2680.8754463226396
37506.52394638648,26,537.4097015117036,338085.5838918154,121,1,1454.1769202195453
56509.98935394849,51,656.1266763470793,321003.63995720044,228,2,1239.4375296567207
36456.22849657155,61,635.4220342959211,166847.2758210145,334,2,1614.1596949098969
20420.56994672599,47,467.43379431682104,293830.37283454835,275,0,2858.733866049611
34578.0240443328,21,798.3174500388704,342739.95159764757,323,0,2356.8198086078514
33847.77688427245,60,462.3170642621959,322012.651805463,188,0,2700.7454676568173
28864.03946979194,18,676.6451057989383,370549.0408126906,105,4,2747.78647888922
27984.84301249976,51,611.0675066516255,216482.15910078035,244,4,3634.1010461898613
41145.66173361374,22,584.6438042631614,188279.32334923436,304,3,1567.3992376423928
38818.224553112166,23,666.17314448592,266140.8062867913,66,0,287.76061107143414
43158.77242787002,46,651.8921558889898,172315.20020294475,274,3,2761.282745753202
33463.22126614956,22,762.0622242970434,214505.11551050624,178,4,5387.065707527047
33922.30204235899,21,693.9821289647214,177173.26761963428,25,1,3057.292026787274
35880.34570183168,57,362.33120144076764,281055.7402405462,36,4,1640.867379336312
51834.82638044345,41,803.5095571638656,272815.4783079714,335,4,2239.691951664337
36869.39475750709,54,660.0009261774572,207429.0075261135,212,3,2699.9529522639955
30511.908239559067,30,604.4167874432276,303512.19878303044,23,3,2248.2163564892253
26101.222598622884,69,518.6293128774155,354713.84807024105,269,2,1396.8423488050084
54755.293362165656,19,628.0578167973581,293960.13145137107,359,3,1301.9757420292376
22377.264132263623,63,620.8258636439651,390604.3527376954,308,4,2453.3263047535656
39473.35927699454,33,629.9126545421126,250545.72702212175,139,3,2542.1406351624946
36762.23073223054,69,671.2003562965992,348647.5936441755,246,3,1396.1159999757365
40396.70682320504,43,745.2259802434605,343574.82137898385,140,2,1352.1346880888134
20702.12036466024,40,652.3582396388882,177168.91245139018,186,1,4710.880889591426
43540.24236424939,59,611.8271025455521,267068.08104473836,122,0,2574.9173409527402
28348.458352335856,36,694.4887087404026,387168.47902486246,162,4,2039.6454812815462
39255.259672646964,65,750.9323098370078,318673.8123007537,33,1,1856.6005810449115
54485.48793971133,21,565.7122429132853,272158.89782544563,24,1,4323.635619972352
15679.341018774467,25,721.0217810477791,281279.4979878818,71,3,3100.1204270311077
36299.55159949296,63,560.5534190905848,160019.4039237205,257,4,92.2562365515173
43828.963749102244,51,604.3441899193269,273098.46563237725,122,0,1442.2870670794302
45313.812542054235,32,628.8251908658968,192684.22262420552,30,1,2434.5314757972756
29699.72200074972,20,574.8641865057982,101847.75576395988,20,2,2188.428398617171
54109.89628909068,18,528.1259094749823,315150.5343718799,34,4,2052.075769675899
42985.5819402283,25,533.3262998010988,333000.8297095356,161,0,1120.1568041135356
38556.57782360393,20,661.2112469878967,225965.94241240114,161,0,2216.6631573586915
31300.757853399,53,750.6639236498996,303646.39993726456,94,3,646.7438475029143
36674.17485076758,64,486.78279746535304,215339.17698740598,15,2,2222.2203982164997
24842.524953001153,62,588.8898541183678,208385.8202607563,59,4,2575.7862236413885
27604.217579332108,56,543.7352448297615,255050.1532049878,337,4,3456.7682976322676
54617.73380253388,25,731.2995345257854,277593.6197844637,136,1,3408.338499065085
25679.754893045218,69,523.3632204864665,335703.0971092726,196,4,2617.9779452780404
49454.66156983534,46,546.0118183116863,246945.47930046302,324,3,1824.6255383716812
40340.62710372003,40,535.4941926911267,260786.64057379327,148,3,3112.205487525103
23353.35657084354,42,593.5322699243054,236313.1859519856,89,1,4199.579083934017
25131.62069552542,28,645.2295568808306,181214.75000249557,307,4,3031.1342775249523
22585.31443039487,41,775.9352921978679,27794.74398936596,267,0,1275.1979062584871
41944.43448272571,38,683.6559792636876,217173.956247872,38,1,1777.3808328362118
28753.924618298726,30,841.8360413964492,172804.2718979558,181,3,2980.6821243443915
19401.030160977134,43,736.3669792994998,198923.74451109415,131,2,1746.8609817896843
42262.205530509236,36,708.5121901887444,247365.86201287722,27,0,3215.6180930477
45654.15726587495,22,428.41408968357194,231557.85306886572,34,1,3811.5325502988417
18790.06611670265,65,673.3344938684294,222447.63577135216,250,2,4412.1057292844525
39830.861306617546,31,674.6646643313061,371451.572116166,267,2,2594.803607187683
40558.329779694715,42,839.7148499076984,176914.98618635917,316,0,2081.4769429585494
43895.43207824517,53,526.472053549963,239733.21245420337,73,0,2563.6629674980127
38682.91784457446,53,702.589019113054,189878.56327174467,212,0,3300.7241554854586
38211.02129535296,67,624.082238399978,245240.8872773571,103,4,2134.416392917028
22900.253262961665,27,608.258445639746,205097.35761157848,219,0,2178.44534471764
29065.210676701183,18,615.9707010681695,324334.44798223284,214,0,2227.7136524957473
49715.80147197649,22,636.2106557282566,150649.6229403382,198,3,2849.004453781669
25332.65582783066,27,490.08102425933214,298183.22286215815,168,4,4250.302144133277
29954.878473612407,50,597.6015880159663,289710.60657662334,248,1,3291.7677014804317
38939.406812687324,64,469.7696568273623,166039.08925790017,173,3,2290.3796985552285
35199.19699658321,68,558.261550544828,154822.1771593562,78,3,1681.4483955262501
29163.10101599712,24,685.3751914645011,176693.97875296324,156,2,-409.2313280775299
45750.775034774226,61,643.161187817232,257620.47710374265,17,2,853.17568781679
47767.28148166112,39,628.550286350842,169816.1414860563,349,0,3433.0251216112374
40829.119578106955,65,703.0027033840678,307126.07203767693,130,3,1739.538369928501
34359.47189761831,23,679.6656633834773,253196.97468250387,329,0,1713.3153833875735
38776.31841339517,69,835.2021234432809,280484.6640472064,27,3,2954.185304197551
35384.85757979951,35,516.4888846878844,289851.8807774312,356,1,2699.850062235709
37921.30908025247,21,588.9833845460859,211321.63627348302,117,0,2084.6291444226517
46931.11650348607,68,615.8726535254382,374399.7057201216,152,3,1909.6699288903637
53945.78022966823,27,676.2404069677632,206223.9803902744,270,1,1412.9696484015697
42527.70026511008,38,583.1650609128836,369617.67038468254,274,4,5.861378839606459
29489.79758057054,24,530.4730860653123,275459.6508391113,270,4,2601.8261736881977
35991.05876596509,24,687.2241178119674,276750.7718244809,144,1,3867.964851887092
22727.38373701185,58,714.3187243372959,223522.40539811074,152,2,1385.2808078087353
47870.55944402292,66,750.5276997513175,206406.720399822,64,1,4097.587608895656
53291.90579713736,61,842.063924095022,312853.28337405267,267,3,2229.6166932212072
31784.961993161483,53,658.3547300226987,280334.86892578454,268,2,1186.9398396920315
29621.23442532088,62,806.228307879501,198146.64062635074,341,4,1102.4100412939626
38687.249482263964,60,563.2581647358954,193130.3795420847,94,0,3885.882583020558
20421.974347050505,22,615.8238793004984,211769.06272458588,298,3,2817.394183834325
59280.4121771169,48,594.5762106869124,212463.39916651847,24,3,3483.3432524353507
17450.953888455668,33,597.7014828053917,170974.39812563566,153,1,3292.179139226097
23794.433314788737,61,582.5574279803789,320273.2162773869,244,4,902.0148233470462
55992.50309807696,22,755.925565593534,351152.6138532035,308,2,2886.5492080576364
25230.84236987911,47,657.4958198357039,237605.27545117086,139,2,747.9979296963062
51301.25130784934,50,681.0740982305342,222851.21450577056,205,3,2440.421193909446
55786.87547605921,67,612.770738265731,373693.131293261,185,1,1612.7433026708202
30621.53049558497,61,584.4509962607784,228107.7578929364,232,3,3312.3637812937764
35123.9069681081,68,609.7843903360588,280338.7155564067,303,0,1765.2999906378295
43668.15547347363,59,579.7128346601804,301166.90230140777,266,4,3567.261460494609
19701.970906170296,56,614.4792380643509,202947.5787337979,154,1,2756.0617822181507
33713.41723006093,47,613.6301340577533,173053.7680560114,199,3,1941.3800987853824
60645.5444668586,57,485.113561135351,305071.4363267456,202,2,1477.433284385262
9481.77218186384,52,673.8172572227961,369500.1749319291,133,0,2620.872773262535
22713.566694584966,24,686.3489755663585,197608.45736212423,64,0,3724.1612849062853
38563.54687404954,55,523.7345327868518,309088.2536338986,190,0,2400.3132016240834
16353.689948247691,59,752.949151215629,307228.61919977044,137,2,1315.5444589034216
32118.572324650446,67,577.8629680069589,189586.1832037198,352,0,2658.0517473499362
25084.36113305775,52,660.2391297022687,330318.8868115281,32,4,1941.956529792778
29570.44225393066,30,773.1427493122072,172514.09329653595,127,0,943.4144400289595
47557.47927451857,44,526.6059924290594,307024.5671404102,244,0,3135.9426194199286
29986.44589631767,26,499.16065606808814,321093.925450222,347,3,2205.070704561003
32001.096882900576,29,726.6093267120648,161808.52721204818,28,0,3068.1211956795046
59419.29312494949,44,505.1032322353388,195096.66985249767,238,1,1500.937403283943
21613.13243137661,46,582.5817044678803,193421.5631171829,349,2,1460.9567920077463
24902.94038037655,29,769.4959156351924,340455.60646221804,142,2,2947.5099871976813
47163.46388263444,65,578.2170751424391,264760.578324766,244,4,1525.9083559058363
36032.38344888794,52,453.1621565101093,127672.63402004776,113,0,2171.361529596046
35687.121070046414,48,598.2227853449333,232181.62396492666,331,1,3593.6372967578623
47983.21101609138,49,775.192359814175,181944.49122514974,16,2,2093.697017203231
35196.07010124709,66,732.1881227643652,313161.5855197247,356,0,5916.631404075568
43369.16530196703,19,751.0192791432376,233529.05479570956,213,0,1381.500488211208
30487.23596134389,31,806.4831104616268,204798.38245708027,96,2,3607.7400042329414
45026.9149573797,48,450.83594873527903,204086.78267525794,183,3,1976.6539573523974
28254.120773115068,65,632.5316556650426,196909.49235994433,172,2,2090.245645873324
47595.25944889271,22,636.9507557549716,348323.47255162813,12,2,2783.234841821518
39344.787811634444,24,685.3810156662807,232817.93424812713,210,1,2987.619195437214
36561.85446856386,20,585.8945677507897,240794.79759394587,198,1,1245.0259340340115
37668.84853230948,52,787.019207348681,280286.56142037734,349,4,2283.1825794678334
43163.13789178411,33,547.2023312293213,390365.5733980542,349,2,2165.57056799187
33884.71693543781,60,655.1139552316648,187222.20208494645,337,2,877.1337856442292
40721.69223680295,55,724.3342653074071,201384.51465635747,138,1,1013.3974526958607
17911.06203904034,64,836.314487832434,358507.06516906293,266,0,2999.268083613916
41730.41877791047,48,496.74417831696337,273614.88961645926,214,0,1700.4038003803419
44658.22012279437,38,678.5684707363575,206854.0418731514,84,3,1566.5378074966643
39716.92581863034,35,510.40701886364445,269664.92370806384,346,2,4469.676824178533
35254.75875988194,33,679.1200051011366,228061.7051277814,162,0,2486.8369621379125
52488.937976820176,34,936.2279758359185,265550.3758603413,118,3,2509.09076538016
20353.243709511793,34,728.6157852073673,222883.55607966025,301,4,3797.4785642914626
53318.68681429807,69,573.375507526065,168493.81733386082,272,2,1960.0822416170474
49877.853658832675,53,619.9778612679073,148788.88646065188,83,0,1759.2781073223089
29952.398402291772,30,674.5568954589592,402373.81805813644,268,4,2443.9315543245757
34137.06422890989,34,697.9133337936651,321943.66786180565,181,1,2078.3778061069916
28719.233612592587,38,517.1861067509128,438485.06563333445,320,0,1329.3335918421592
28443.637811351222,60,528.628704481,448329.25512898236,136,0,1414.8221764779323
41379.71442152032,33,519.7219429832763,292317.0579063097,159,0,322.41896215177064
39435.540199695766,69,616.0667027796826,142826.6177319671,205,3,2409.688327562132
40137.88101245248,51,755.2685940559797,276450.91388150275,38,2,2714.7567465471834
27540.047404909747,38,787.1420290613277,309227.50028363935,246,1,1672.3303811161215
29167.54384808684,21,656.4349970892679,294965.76888357743,133,2,1757.0840600569818
33626.933386136676,52,647.1286618807071,278359.16814848594,134,0,3002.9599344404023
39465.50101597048,29,671.848301330886,331115.9191106493,169,1,1987.8438764738746
11282.813212772004,40,685.3538873684415,265016.4047021974,243,3,3280.4902032549126
39770.81615062964,52,532.090038910801,282698.8769804316,265,1,1902.810912303144
23368.81738357835,56,575.6148359059612,207716.59695879847,139,0,2771.693388192371
47981.96671351687,18,466.2764631840753,278324.49226405495,55,2,1544.9287740971827
24279.52816260572,61,617.9720859765442,443400.4704690009,328,4,2313.6895360081526
44220.49036926581,43,767.2779133341894,299095.11633167305,46,2,2422.9132564631013
20269.582626480315,69,604.4304214428457,305649.09654190636,61,0,803.9142367566909
53854.75829094267,65,779.0477383212426,230702.7869014436,179,4,2875.9857554751666
49209.75511937416,41,573.8756671659103,299460.51151774626,237,0,950.7690376134416
11852.12173614354,34,586.8672519429596,173681.9506983759,88,1,3077.351341318925
43632.625880137326,38,445.4533571920616,278124.3293707896,112,0,1495.4900441037792
50157.964247149765,42,642.9054258176342,185571.8457521846,217,3,989.0294135835759
23554.068219000976,40,752.0574009911421,197422.0549227987,170,4,2963.190483205199
6953.423457362882,42,741.423371038251,265673.0653372624,329,1,1730.9808031808345
37737.52372550917,24,618.1433061446495,212761.16101593737,121,1,2508.827464970714
38338.334201706166,28,745.9878903678995,289691.9755395784,336,0,1551.3106872637738
57375.56030395997,47,791.1198092830014,306721.7372407453,166,1,2887.5330507650506
36879.95660660967,35,758.2008352402659,272462.3126251175,182,1,1921.6005394122656
29797.53447874462,68,797.0839293797757,316897.9149899184,272,2,2537.5594384406154
50492.062212055826,67,747.5193660606255,311189.617254721,255,1,3678.3230060617993
52216.18906116647,55,710.0462510827782,382640.8640381973,180,0,1883.727979128771
34576.88366198544,54,797.4157830717159,71722.46232997699,20,4,287.34089453774914
54870.44101893493,48,560.7700124161877,259745.392593231,337,2,2705.9355591279327
55602.74900743976,47,626.5442808720978,368467.9758774232,63,1,3285.347918017294
24576.879372721083,39,806.3603676920009,303447.3183158754,294,0,2452.625605417576
28573.609828681398,44,501.5524936317389,259141.66866019237,32,2,2235.680678414205
45184.84550348531,68,738.7462727930183,200108.03186431824,105,4,1823.071367978865
33960.30857658318,41,568.3050819864044,320246.062505048,128,1,1743.9500786445597
20302.337074166673,22,437.5757881368723,176097.75891351028,41,0,3731.27316578528
42193.18575814985,21,746.1563626825745,253236.68548342865,278,1,3877.512477762337
44620.745544762714,21,568.0254247908721,297295.3522195598,246,3,2895.69839296497
42124.184790740524,38,752.2913715236078,270194.330974591,336,1,1927.0946470895515
44319.944603132026,38,521.9842542048505,195157.78671015764,343,2,2070.635698642461
31461.593233422354,58,565.3158644958792,287228.94042450184,253,2,3924.149924902043
48631.931234693635,69,590.7876397908428,317144.0864639687,316,4,2166.2535801990953
34804.88493957752,60,655.0554601371256,305687.6116783257,246,3,702.0268815132792
52933.27675498412,57,578.8052788636519,305675.5775390912,337,0,3868.320513037969
24885.297069319186,69,723.5287761466193,365705.10320847883,351,0,2596.053908711721
38031.726186067186,52,801.8996082701508,371045.5545390567,299,1,1522.4610199408169
57275.34146437004,61,582.7803190830329,285843.41757963994,35,4,3314.6456071477887
46858.344278491655,45,578.1105653815232,232432.64037794858,349,1,1998.4341782168694
38254.436596454645,43,617.7094719211119,159026.01516788473,227,4,3150.559197484531
37998.4576442573,40,646.8387324124169,232556.11451489545,217,3,4285.040015023987
34920.07185395727,38,800.2114342541431,323609.6385354942,312,1,2570.469883668748
29544.37736289564,36,766.4146872109543,160449.57404262855,262,4,1512.969417321263
45772.92194736056,18,700.7047570090622,229192.38697344332,59,0,943.8535095350546
188.69192933154955,61,411.07723006861914,213068.3523590344,156,4,1888.006208136499
50115.08567965477,21,724.2958467834676,357057.9682117256,272,2,3160.750749156484
65475.48564160221,63,526.4010465056267,147696.14226006134,176,4,2458.578038101144
34028.64395663208,24,456.96099953783585,217735.6783099641,155,3,2442.2992142021253
42815.462358905774,27,686.0020892463394,238784.53478805776,259,3,3481.0328728764084
37503.811696236044,29,673.5366158785959,221536.6587466207,195,2,1909.1909188521067
23163.96232412935,55,593.0141204226916,256337.54837801924,238,2,2958.4929220878985
38185.06962437399,39,711.7620101257306,374007.73801218846,299,0,828.5726570704443
40605.02573991226,40,545.9270167430162,107117.89551921857,142,3,3950.9157016400222
28170.980162872336,34,612.606215123084,216484.89843111474,268,2,1158.8983133517215
39031.467786236506,20,608.3546455643839,170475.92637061197,281,1,2807.1820628415694
42075.18218969215,49,619.0213074493811,321752.3193001322,198,2,3704.598313379556
25180.588127129577,47,840.8801690710663,164726.29023249546,61,4,1835.22021840413
46920.91219543215,19,737.8149208085864,246597.14233181407,81,2,662.2099620088198
50274.508986489534,41,735.3260546307736,211958.98192776504,279,4,3141.1681901748757
44188.6531326556,18,747.0757607281483,370804.5531301181,77,0,2626.6084713113264
49259.76056984054,52,637.5816813250356,277293.4607552429,211,4,413.0016402108095
33738.85009283323,49,709.9800815398198,343872.09355915873,63,4,2221.610477495631
58788.40066514356,69,681.547442388301,167894.63453590492,226,2,2883.7569542118313
50075.099067450945,34,862.4607190165167,193260.12828777707,132,3,2764.768338403881
27223.394731655706,28,653.4590218977678,173438.1543902653,117,0,3023.5397502946407
46474.680819757705,52,495.8289860814733,268210.04823292297,290,4,3715.985853132472
34277.130828269044,63,598.2218056475679,297522.930871831,37,1,3885.0422590935254
32553.28806098338,42,634.2963048750157,346224.9928917437,351,3,477.183974546063
45628.06882815948,58,733.0959769544481,220397.01812291166,343,1,3323.1746383588256
46663.75266494595,42,577.702483482917,276646.32854480675,267,2,1277.4573440309994
62226.04407734213,47,743.3813080250957,290364.3764443452,240,1,4404.913657714076
32730.16363303527,55,658.4657694430225,265379.8638734765,291,1,2584.3701947314676
50138.55545363188,52,465.8902054554143,262210.3355017066,249,1,82.61376600310386
31549.502742101387,42,674.7676771754035,382713.39525901276,250,2,3239.5090724043516
49837.252762934964,41,568.9083033394927,247870.58491441346,110,0,2654.822269808912
28968.25548598929,52,637.3108545746704,344781.1915047924,38,1,2568.444341140062
49123.6498700242,62,570.3613433895242,180998.13769498403,69,3,3739.764648490249
31297.328412684183,57,644.1379912076105,302513.01338088774,203,3,1996.3793983211522
31869.369259278843,31,846.0021502096632,287287.927541157,228,0,1952.79561621935
45205.468679134785,38,413.85690193074004,321944.79269865225,286,0,-305.0509833086729
23566.531027806326,42,574.9105543284239,307530.4908181175,147,3,1077.0734398716043
36501.92690726891,29,723.8330798388424,245734.42749528313,202,1,2569.0652909850537
6574.4426721440395,50,593.7996393562296,180189.77129917048,177,2,3203.9770062424755
41225.17759848501,39,732.0941440816808,311267.31544118584,102,2,2728.7653794408175
42522.08360869556,58,657.1344508539261,315482.65142730385,90,0,3111.762181939834
29241.28790521381,49,553.4346198580774,138220.6451418739,47,3,2968.2391604068384
37857.50843152439,49,492.22406169620365,186943.37670242574,118,2,3119.3205744255015
32378.884292269788,65,657.8764428193091,198677.99773274813,316,4,3859.5351770472607
50036.223805574045,26,348.16994368530067,229674.1261633653,309,0,534.626057325074
41278.97008283045,38,782.2040631321989,346475.1026932924,54,0,2977.0677248609495
56759.99697138498,55,683.4057715558748,227727.65827018124,92,4,3191.3083561086637
35949.079608144915,35,554.5960094284708,342965.13221884385,303,3,3013.5911528173065
39486.35501271923,27,630.7833311000464,276034.3140867071,260,4,3595.333332803045
44783.494975629525,44,798.2437594748588,314562.2083763579,64,2,1991.5472049727637
40068.83948170879,64,731.880938405348,261672.05107779888,134,3,3106.3073176760686
37037.50775660957,51,712.0350329417245,243369.9948424696,320,0,3207.5250655284126
29050.558755451962,50,727.1963634726329,213061.03730431883,18,3,2865.055637796199
30827.084010775776,38,575.078037383004,169324.67552992198,153,4,3684.404890185217
44192.245441145795,36,691.2514978736098,188676.9752668555,289,3,2167.137955428769
43777.83760569499,58,660.4400545192942,322697.7616574725,114,0,1435.3245299365828
38083.6760798637,53,719.1843167649939,357318.9781227712,314,2,2600.6975556827424
42261.04061722888,66,565.7592114586956,199435.9189824544,344,1,4815.3142606824995
22296.438433342937,68,801.3894416980004,251268.7168152825,235,0,2519.0700956340884
18805.82924233925,42,609.2732513737824,211038.24302048198,234,0,3094.4044267216473
51595.56772896537,67,724.971750182298,208108.41254960446,139,0,207.5780960535385
40487.11731931551,27,783.9593230281122,256683.8182213682,300,2,1934.5272682481575
36161.48842053662,46,544.9699270745155,170792.0108193023,330,0,4904.008231972466
43582.62145862757,51,551.8057696074844,426443.61031795247,105,3,126.69948254081636
37193.520567310145,27,803.8605521821964,192706.8760184074,157,2,2887.788173413512
49178.68744951066,50,737.6884542811853,245152.40897768247,295,2,548.318377687929
34535.35914036377,25,689.8416619657447,274721.6542427725,321,4,1644.2030576804152
24520.0197413421,42,535.2498954640913,188538.84072389884,119,0,2194.6790406575838
54989.691503928065,23,695.5700571609477,262178.6650797577,339,2,1026.2411032378604
22993.044246738038,23,494.6358460220274,213192.45215898677,275,0,1992.800783823013
36513.65739541435,37,707.2579762686591,271761.9513968434,171,4,1959.9818967669844
36934.678844446404,62,776.3080515411995,393016.46759644226,349,4,1910.5260139363404
62118.62546172496,68,678.0359369854563,327376.55579603754,78,3,2121.005972586986
46595.75988849961,31,693.5810787311589,321801.2723240465,238,4,1071.7337436348503
31909.46796470857,50,630.4968299075883,203060.9726342874,333,2,4866.433493204076
56336.92120990528,68,790.4856887490478,386904.08503693226,12,4,1528.4316155679032
38116.00617981974,42,731.7658533036246,241571.53698411316,136,3,1626.8069017685832
42521.83889978496,63,624.5234688709734,274271.95116423507,162,1,2521.9941970878695
39621.98495714286,59,804.4180561606993,257695.90405983658,264,3,3721.2483495092447
54388.13203180698,69,913.0189391875113,253388.41314855928,307,3,1631.9042400129608
52569.50465365099,18,655.3448845317092,422821.8357923013,136,3,3496.0839295256437
46080.30102757484,56,716.7983335721308,125640.78644535189,260,3,1037.565675818299
28712.5674512673,30,648.8387936463708,265547.05276485166,297,4,1027.7047005174716
23967.3096487909,39,560.0427480461408,323350.98697234073,310,0,3622.8925266901715
25880.908456604528,59,623.2936205142834,317803.2369913115,73,4,1731.8594711260334
28680.91992366613,22,612.578907994257,377363.1477087045,27,0,1686.0198454226904
32149.432466121507,18,648.4917879225568,334694.9309442835,346,2,3542.9182943904448
50089.14787777269,19,775.6805815493259,267104.8587677444,30,1,1494.3406021719018
46229.60486585844,38,665.4863762608834,189464.56350845064,247,1,3379.5972679574493
38671.230291052496,24,695.6014857939737,299764.401340248,243,4,1751.1347962454274
18806.710382000696,50,744.5095279863605,301448.5613488543,145,2,2441.4446799046596
43608.63025058764,66,575.1542236571124,394511.98415300605,296,1,3738.3763158936854
26865.384882031896,63,750.0839831239366,152664.8357516952,323,1,1291.8805856049532
50336.67042135181,62,698.6917878739753,241624.84800565228,230,2,3555.786912337448
52505.86028171923,47,625.4348929630147,222731.99237797415,247,1,3327.20920267575
31293.718501304662,55,618.5969625092323,150957.976332203,350,4,1373.7945110383491
43708.50711024294,29,629.7517348926883,327132.61346969573,232,1,3060.7412373490656
56956.05757002525,28,696.5343412344375,281625.9305671321,89,2,2111.992939514222
59172.53239306243,51,798.3186998878023,288156.3472164161,148,3,1166.6369897885386
41150.92135955399,68,613.1619991452123,300023.36604460626,283,1,1751.1931872287198
20393.33732238162,68,612.747823977486,277610.066297753,85,3,1909.633834243401
37129.562613485294,44,659.9205886676378,186600.13036252258,308,3,2317.8617135732175
33224.63340144792,61,583.8755412593692,264729.507969788,192,0,3399.6788886531417
39641.28409950037,67,523.6298969407808,182776.0380460469,122,3,2395.0817156677886
36517.906285653924,50,809.6082670707364,259768.10419600105,304,4,3239.2499250745423
56535.66075928032,24,807.7310130230458,235661.30555987358,30,2,2988.6169543011547
28261.386900511912,54,622.6624258963326,240787.74237074456,201,4,1564.313542541238
10505.701059851082,59,697.9363537394216,191172.2887299868,162,4,838.4962342428767
21955.185587214048,56,572.9589914450253,168844.8512022368,149,2,2322.7152386811467
37605.82532829894,68,718.1357600027043,214596.7189233514,191,3,2670.1416254169026
47418.37584375977,32,704.8260516672708,277554.46357228863,322,1,3040.624849040143
49066.3233069208,63,574.6604367558587,265595.6815874408,16,1,544.75750529872
53374.07209930281,69,634.6487858049757,220396.7314907365,275,3,2038.4354823861377
41669.493145543325,32,559.6547803975961,184847.5022573943,114,4,677.7942169560835
30712.608887100272,36,629.8152473343575,331804.7602462393,321,4,1924.2572134620486
40623.58910714107,58,830.1124221983866,311052.9840757475,174,1,162.76328613784997
28024.26721306373,47,629.4980130818524,296714.9103007353,185,2,2810.5319595544374
33041.45172849802,56,584.8801741074442,226647.17316814282,295,1,1809.9526930643556
43495.99408224844,26,600.398442773265,278786.86306484113,273,0,2117.795038216892
39873.595719841105,46,647.2454872723464,189048.76957925793,251,2,2688.815164599504
39317.78910076648,42,743.642149396358,319500.29345063475,143,4,3812.4282821795996
51370.114292859915,19,619.117173419966,245888.35573778694,146,0,1860.1590698214857
45419.58008853398,51,692.392798532071,140987.8194373809,265,0,2798.566243402395
34353.895382893774,63,583.4327447473455,335756.2208461937,197,2,152.4160267719133
48264.37188849124,29,460.40452177144437,193738.2013877116,216,4,4264.696246512326
22397.838785455322,54,625.9727444702221,154574.81418446777,277,0,3425.511533612222
58232.22887252665,65,515.3362022038107,218891.63681700893,50,1,2084.536805742245
53728.03411160236,25,668.6681670545165,256575.72363397537,217,2,2608.9483811898067
46761.77205251328,41,690.9377091243703,185855.06794276825,290,0,2437.0363896981644
30154.95616180601,58,467.559923387029,206253.47365793394,349,0,2571.694890754439
24141.256616650615,33,586.9819347257628,144063.33014968853,305,0,3997.1423690997894
34910.8378351703,29,577.8255511750197,271105.84136611794,90,2,1971.849029241393
55887.16160954698,44,630.7932007826914,240588.48459677,193,3,3869.449107686458
29882.883246096368,66,694.2208885802651,234543.32205780156,142,0,2528.1202796004122
28563.255472140932,53,718.6722493030134,233794.9072182766,227,4,1573.3979767234953
44068.14807763398,67,568.5377731240367,231527.32904815764,275,1,2454.0023335473797
7215.016139110461,25,549.0866831774953,313600.23496097815,263,1,1063.7453448405956
39157.85153965532,24,587.8978490709931,300296.19454453146,160,4,1954.6262281902923
35678.6176278485,25,576.6249784057977,89833.28552538097,272,0,2574.1703487103546
46582.57174947492,20,675.2769893652609,359994.1093114671,234,3,2277.653044442622
34470.3765446937,63,583.4811480270104,215275.67014491346,347,0,1178.4859345789762
35985.21662389999,21,631.8134561919713,367175.52905427705,180,2,2602.620430341662
50608.10339480224,66,657.9952945684842,212746.30954980684,118,0,2056.592083077351
1316.7065387873445,42,517.9549932247902,222823.40654696856,115,0,1876.8887927674905
65433.96386124698,25,624.7219678687321,278202.1033526587,34,2,1655.9162310185302
35029.730439816245,19,778.5000101211308,306469.30909479613,299,0,3687.0471812504097
36234.382242482636,56,419.0143305921035,127817.95468071467,277,0,1618.871486062622
37746.29818986669,25,519.4760301998232,208290.90172383547,262,2,3039.1931163697045
45461.84201383797,23,617.0776953361704,133313.95745985568,172,4,365.0014596039831
43394.564184345145,25,770.9512186873771,151431.82454062413,280,3,3720.323890709761
17572.45503233131,30,701.9532426123767,233028.50852333265,171,1,2756.7278877399053
48962.96096168466,22,687.184417220101,328085.51938617014,89,0,3244.538049761642
12974.630729188855,53,587.3459080674394,199309.21993097637,21,3,2532.707007788618
53307.278541141575,52,637.9415586868704,301235.72464345436,133,3,4690.867411765826
42128.96948243654,46,676.327069285132,233031.6919557315,338,1,2704.7076214315725
19161.290675014177,50,753.3818358114422,197169.40149869517,302,0,1510.4572408368522
21733.785303514673,43,649.4029284856452,91062.77701439439,311,3,3100.85116624171
36917.52260814312,54,572.6405394362132,363429.3276734016,114,0,2126.9067231818785
14462.911856036775,50,679.9354847135279,317965.56410916866,104,1,2296.333309563921
33946.911800650174,33,687.672494535819,161131.69740023365,79,3,1445.689769106806
28703.853941858648,18,474.9778812965442,258685.49581337065,236,4,4595.940925229796
28067.26943196743,55,714.1378460001521,231201.64110619854,221,0,1663.3622163936234
28959.593034875343,23,657.8679403067291,240844.42400426202,209,4,2483.390557801497
47828.513337652614,59,610.4904117615439,246366.49148144497,300,2,2789.149598051748
40045.24039958942,59,640.538567702834,311261.1922855434,89,1,1873.6018323910284
26213.909590143732,29,636.0543073744905,381033.22067640105,180,4,2214.0845663246637
40568.92786554224,51,632.7793143618176,117788.59308537042,144,1,1072.5765129322374
31443.166294129085,50,755.2883056231226,336944.9379749023,38,1,2640.64698980519
36296.16765381705,57,799.5393860436533,224631.75233053294,283,0,4532.836821205166
18019.919555962766,47,683.9806220691262,312626.4400164015,53,3,2606.2483304756283
39610.87525430472,20,671.2595048425787,267860.8912301116,130,4,3059.7590782847424
43836.93752222135,35,795.2058298222087,220160.00244321785,277,2,3004.9564002582006
14259.533094484474,52,642.472936677346,335734.9487763857,45,3,3147.6534692547516
47195.866706292334,55,704.4066160008265,195873.32493457678,132,3,3197.99536022687
32670.49516809976,43,696.518285228256,275667.5373205922,353,0,3045.3548054190032
26416.9201555725,63,498.2594712083069,190255.90066661924,68,1,2251.407408839709
10102.796322821689,30,584.7741512666352,286999.921411889,64,0,1251.6020009791755
48952.03750239347,62,752.4279770514398,223167.5074903153,202,4,3903.737652011196
48165.13862354611,30,550.7370171980584,286100.7947487443,208,3,3410.9311937468788
56177.52656959339,43,668.9950159288536,293458.31030091975,17,4,3476.858972808553
66537.71870080614,58,578.8230427646063,171945.29996694403,208,2,3729.3110127445684
42039.91081843194,67,660.7606176409281,222233.64866383854,132,2,1952.7164475340824
40822.453370888754,44,486.9017424185124,283895.5925458166,109,1,1897.013150683114
27061.682115142536,65,905.6839894666193,192601.7030871521,345,4,2045.697646351593
51750.72287098409,34,811.998106709312,315664.3188751047,90,3,3402.9300542595925
45157.31656372694,38,710.421902074556,359328.5940141056,138,4,1641.8412037920664
58366.5945202711,55,636.6553721483119,328773.25371624844,36,1,2782.9282030978316
39678.399565969914,47,703.2890580084355,365376.7958177225,266,2,2357.409827617246
35634.416558484605,23,647.499322417686,257078.76630405436,246,1,2374.3196621795196
30486.625103199847,18,620.8878395365116,294294.6393821257,21,2,1268.8520048570344
48070.710002274245,68,708.5914850866698,275640.65161349357,303,4,3615.4026572303737
43658.174376395866,56,657.3879718218911,412482.6157100321,12,4,2809.670374750558
49607.8794609084,21,640.0368415103095,210064.64439358463,58,3,1221.6045692276944
33382.38165332122,66,637.8173727040634,312553.79257798666,323,0,2592.523964127895
22952.077456921015,28,598.8403943330386,204027.65413144187,104,2,3424.7923995117167
52204.20015221085,54,600.6544364657203,265019.3636475472,344,4,1276.5115805897508
31380.818244307837,35,512.3367431230574,212914.74188766285,315,1,405.62829059377754
53390.30998801415,52,684.2009447812565,218815.30070112366,294,2,2585.5386822344462
29095.61635679385,31,608.8384441496482,252498.27527722955,233,4,2079.031371191948
37707.49252573029,30,624.330859765294,356191.60255321255,345,2,1467.1714937713382
34225.51310983852,24,795.311495116439,278907.5519936501,197,0,1863.1534260717713
38183.14869153409,67,693.1687993121094,383288.2255597629,183,3,1849.091410406611
56912.5220315904,45,701.7665290560213,232125.81831609886,89,3,2416.8962980190427
34339.909978322044,69,724.8804221492172,243100.28526793595,20,0,1597.2127368787517
1634.8411916866553,38,559.8950958107529,225962.69118596098,272,0,4043.5615453481405
32463.109334562574,68,647.5955470907049,237318.00622208943,340,2,2520.788536673579
41519.66777909573,37,623.2553987416474,157161.2545544414,292,2,2918.538703516591
57853.31299238985,21,582.5432035622516,352221.3571239709,231,2,3591.715431106207
51511.56892887316,64,537.8975051725077,261830.807075449,241,2,2297.295822645481
44835.6362377704,29,779.3666667379306,223762.69862595532,356,1,2385.5352774098296
70577.2279777679,67,798.0005122767761,251741.2322153147,184,0,2844.493610463228
38930.697633857264,24,553.4217951614772,196246.60155388495,22,2,1708.8426189047718
28446.17172644941,63,673.2846847034467,242406.00214469814,257,3,3101.4853302504894
37414.45865078306,67,712.5871473657661,256570.6769411644,194,0,2644.1550331452495
31830.81347855864,19,741.7087597964219,261543.29300577563,284,1,4233.121082731353
34506.696432303674,56,469.5767441907274,232721.50992303557,107,4,4125.924742188326
35150.53372736033,34,624.2482198494921,303240.939425044,344,4,2657.084768298774
37496.388281176914,19,622.5798435310717,236257.09714616317,301,4,2386.167657665514
52523.621831201584,31,712.4808383995811,154478.59682387984,140,2,2748.57631990963
49085.93589132521,46,797.4484559816401,163251.95596308267,317,1,2021.310585483281
40645.75946115579,19,610.0012571696503,284314.43787389004,42,4,2603.956990722291
23432.793735008796,49,610.6916850216983,309587.87986990856,127,4,1879.1444321782383
36295.73121839328,54,743.8103470632872,274323.1783924948,98,4,2647.3621911816076
28018.048272447886,32,662.3726181046586,389988.5550353802,188,2,2740.02619848762
40708.37245683414,24,507.82432167417466,257008.250115917,340,2,1590.259835987241
37516.29109889917,68,598.2301204025275,223328.15942337192,354,1,3111.333895462874
42442.982680383124,43,749.3775338777043,238124.56910782872,170,2,1250.5213437915088
39097.231798908295,36,585.9771357318476,220364.77627952784,268,2,2579.1641528835257
21701.75654175674,61,734.1585419238405,322716.4888047806,176,0,2249.922666568728
30135.712498023124,32,582.2943379627,247372.780564388,240,0,1859.8123518751286
36773.36671619516,31,677.8486756814123,328535.77709388064,163,2,2376.4257708499
29736.198995290655,32,519.3801634990548,396317.4236957308,69,0,2678.7486835957184
28478.31419292403,24,704.1098352205377,215655.78003112331,137,0,3739.59738862143
35195.35532815219,28,622.5255526653131,252233.9422045573,302,3,3911.8723512399706
37114.05839163536,64,679.6690672737291,337522.6701345125,61,4,2063.5534717736627
46700.162545896725,19,733.5217344573202,361706.46837270143,310,3,1196.0709718013652
33348.52936655977,65,463.80767984288707,352844.1524408617,292,0,2364.0980157606355
18528.125019194307,18,854.8156624180274,296246.54270864284,210,4,3473.7503095509132
19731.362073485623,63,455.5887470175159,280034.4850180265,150,1,3150.401029393629
33716.61012514515,27,567.3226419981294,301423.7221437036,261,1,3276.7761174723537
39984.97956353704,18,764.5499242732686,151039.5757455499,17,3,3278.8969213852697
39734.0884582513,35,611.2339275904212,165296.2205964905,330,4,2520.021230223152
32999.49759179341,36,555.5715274410693,331451.61698376294,333,1,4492.308611725079
36326.363668671605,52,881.2083215975064,236786.13372849437,237,4,1974.9002106158878
20209.75864249262,56,674.2674426424155,291490.1414554854,185,2,1844.9502455179024
32900.825991074424,66,647.8658936819265,267746.1478489793,281,1,3096.001703322759
28123.76243722748,28,630.9246560514304,241933.74804328528,285,3,2563.0691245028884
36913.63947638929,21,538.6002600795736,319112.8232516797,325,4,3406.396369547992
29238.468623187153,59,803.0640753617286,326175.5378527581,108,2,3889.486505888312
22040.625862178873,21,678.5694852885562,175866.5724662263,282,3,1939.0911761659318
44728.639096221115,53,666.1308496739676,148658.74891155784,51,1,1891.8893452612772
28976.884744116556,28,573.7918535192719,274679.14380862325,291,0,1503.1815014960632
25866.638687365325,37,547.0577650432476,245072.28779812338,21,2,3321.1241873617614
11642.77944141312,26,724.7566404513643,285137.3444840535,12,4,2347.463385750262
35984.72156288924,69,693.175351175595,204452.11626234432,183,4,913.4849950684641
24825.42074377263,21,517.8782588979682,251846.5948225517,19,4,2247.4970727194172
37174.59751604154,54,672.5464470554258,252729.6236212494,118,1,3220.858931848006
26067.92675039811,66,670.2338241717569,133917.17607133707,97,3,397.212492330521
32484.60010513135,29,720.8361794910635,168845.71636583112,301,4,2956.6509407175404
33166.86808992742,48,687.7205357608433,225819.03082495375,229,3,3189.0527852618616
40073.43603584411,35,497.90003638125665,352773.4455533664,69,3,3325.4906920744475
37592.672589669644,42,773.8295549715863,223123.10900080958,61,1,2356.1644144001557
41096.05375723239,63,755.8724991050552,275108.69931685645,277,0,2478.038529670114
47922.901668487255,64,572.9748792150094,283119.3194396159,91,3,1960.740301624216
52018.26630663835,49,873.7686787661455,258157.20883767036,81,4,4169.269255176114
46950.17656947527,68,575.4597628428754,127743.17349750487,190,0,3154.810454968718
40289.93154311888,69,657.0422206231478,294701.7297671254,226,2,352.69459615235206
27573.370054159284,23,699.8453219054334,244468.31984823445,279,4,3302.267789310065
22267.544428540186,38,698.7495651494129,217784.1762153299,44,1,1174.9038200763266
24223.685054124355,59,639.202387646615,289938.37139155174,229,0,2412.191014069313
64849.79359398622,63,689.8508860893385,234285.95054286555,147,3,3031.7861489276097
16675.71326190463,30,626.1819409610425,272156.21882435307,317,1,4495.825949605735
46072.393557085124,19,613.3568946400845,225029.5276414324,74,1,3891.247719865338
32585.819464084027,29,650.0899085719205,310382.48322204914,65,3,2457.493485270314
36142.24682881075,51,757.6872252575864,277976.192923673,136,2,2268.525918633119
31050.628273596558,21,608.3459507560816,256733.54647089783,168,4,829.8356741611452
34809.52282709878,53,659.1408403347383,269631.6579469343,353,3,2861.585649423341
38730.72394278989,58,523.6814252431832,354628.4860422998,165,0,1468.1369692450744
43206.58204129941,59,746.39224803515,234652.24306839117,67,2,1411.334766717862
41127.237593202255,69,489.67772294356325,145686.22245578677,175,4,3996.4582302664153
45476.05177384266,47,603.9837133195263,161839.81087215876,126,2,1094.0052850919697
30234.857632567782,45,459.50971158065755,334357.011451072,288,4,1565.8396464141772
31189.909237285217,43,573.0861335633633,305463.4561520824,319,2,2946.055793099032
40229.87589382633,65,574.7865224043774,191861.25743018245,275,0,2348.829605134607
26415.388561995693,18,577.9871832615515,251365.4978778543,234,2,4306.111322832755
50118.52619367834,52,623.6694308392937,256044.67972508902,77,4,1320.8144712623482
30689.041311808352,37,592.7313236969014,310780.3933722473,12,3,2069.0131694068355
46832.09798025659,51,804.8485174311998,255639.46757361016,353,0,3521.667132834957
51306.22968319067,59,569.2426869847175,231963.37514130824,242,2,1264.8238977848139
41644.90617967106,65,535.8408671364966,363059.2750637097,314,3,1824.094812099226
29977.322164897385,41,870.1596078018238,218772.22867378744,302,0,2221.1700012353563
33311.787959011,25,489.8630112859517,238911.87830540191,306,0,2412.4891373950722
36813.36977080323,47,522.2358593860872,272760.2678896881,184,2,2062.526438725371
30764.112356295824,35,680.8760344579921,247797.3010781096,354,1,3440.764225781996
43274.33711144402,51,640.6381931522981,278125.6052484252,328,2,2593.7759610523517
30276.2120123056,20,658.8676706571741,240701.90244608748,168,1,2227.005238514811
28589.16011393923,39,444.5460787473687,169709.4001593814,116,1,1222.8466070926465
40736.96783290003,56,499.3042047462049,142063.38878481198,96,2,1510.3014613915977
19426.101143394302,64,707.7174142067099,432744.6201649888,329,3,2010.7459042352548
30765.956143957243,23,680.8861245853741,219795.8060838403,285,3,2517.6677050853177
32340.711267529736,51,541.0737918449887,244834.34870247863,79,0,2867.4789333752137
5429.3413922393465,33,737.151082583516,324989.2021774265,347,0,2001.2031678924502
40761.16385717961,48,554.7267309213844,143209.49728430575,209,0,2178.6536158122126
38072.772815166936,19,734.0049893534316,459966.36651013826,213,1,1519.0823018861613
22716.49208904295,40,661.3039367060479,250773.2588646864,268,1,1966.1056691392107
33154.1026989191,36,520.5878244891462,369859.61763800145,143,2,3485.4908114416667
31620.537982890848,20,656.6747430524756,244862.83407670842,235,3,2981.3947358905402
63566.18079013341,31,686.5954626082429,293854.451097464,152,2,2212.6072987122734
41541.4258874082,65,421.7544926231193,182671.695420003,182,3,2819.752030583141
47862.296226320395,69,430.1402544846736,263149.71206526115,350,3,1896.9581406042598
21124.218760516498,37,631.9659056139332,282485.5617324798,338,2,3227.9806928384064
23418.56015163465,60,594.247254338953,333353.72796034947,281,3,1563.1655134461491
35790.5374173682,36,644.2084543157266,262509.9039377149,31,0,1593.018054168151
45627.810268836256,33,643.8146101092004,146662.2521387462,350,1,3207.889324541407
27482.31100762888,33,703.8727383059708,208276.80841068027,217,0,1512.5824452461832
15568.4212722617,68,627.5223864087083,320592.53983872844,31,2,1372.2341152426072
50448.53163962919,61,720.5854964060256,290381.7177297797,19,2,3154.173527275167
33511.02134655082,56,563.2291917835216,336946.95456980745,284,2,3632.6345909916668
23227.7402584219,59,717.7555814506838,358162.3307836313,215,3,1714.7980570372163
23297.270107856246,35,563.2300616667941,180382.273945304,344,4,2117.8428391566267
37581.000835126186,53,594.7501423374349,295847.29617040715,204,4,3666.8772284341926
40531.507194749596,58,705.3170094938223,314018.26669954095,166,1,3130.5158034934957
34598.578533012784,60,676.6059403799337,268688.43986027327,263,3,2938.8991198711933
24543.249349054397,56,599.4714798202921,297924.2371202328,249,0,1854.4437031163488
38852.93085076993,46,772.7693785306161,320420.58252414584,176,1,3480.6610751968096
28021.008251271905,21,710.2788565966591,321587.7508181531,320,1,1290.7249143195177
69237.4016488948,21,549.9900386514005,306801.1855853306,213,4,2318.207178551343
46926.359325797595,51,808.7279663570372,341355.3104909655,112,3,1493.7810313171292
40873.05815028267,20,520.0375070066953,220373.9636640472,298,4,2692.7966132783754
41429.45101691915,57,617.5555708208943,239260.9383137648,51,3,2155.294759805423
57606.24164340456,31,642.1665896329026,229759.91951170328,198,3,1243.2482310543999
29291.753618929502,56,748.5590455340731,264652.78083457105,48,2,1863.9388418958854
38395.77081301433,68,882.2168094928918,348155.4315621238,224,1,3574.149171481749
37034.127815360014,53,679.901569424634,140559.68650820391,145,2,2238.0986447068167
23360.030364851384,53,523.6599539728973,208041.84185084346,211,2,3098.9941009065346
56503.43144214095,19,788.7115737444777,298176.7185772905,235,3,2357.2615448250976
30784.137810695254,62,761.7368043491836,292997.7949100896,205,1,2240.957449534319
31784.671271044877,48,643.0285139948418,252950.74656510036,185,2,2586.0376541753753
16165.318449175735,26,547.3541206134171,189769.68885317259,68,0,3140.4395096883804
31659.414887802024,69,494.79120675058425,268671.390246545,356,0,1055.5139639036906
28443.014256468483,26,710.2693627723658,232819.97029170138,143,0,3645.2656554501505
34439.213580944735,56,756.039373864646,419283.0232197702,61,2,-153.9198809672389
35036.99233186409,65,575.5608326621216,152997.13963245208,319,1,3135.1825813032906
26410.32055279382,27,776.6296579515896,314057.8419254025,346,2,2320.903633180011
43274.144029601346,41,644.7788607463713,263952.8410715766,48,2,1643.0787551480273
41114.40677025671,66,619.9408148694538,313287.5886897699,148,4,552.0389030005764
26734.355826669213,56,823.8681762738133,235930.55661580738,145,3,2898.9343762753406
22641.669915833118,69,745.8795514096581,207446.21016154665,321,3,6.700211416759975
56487.80766075427,48,581.2730667795577,246902.36893751117,317,1,1824.242973617496
35388.74935538239,50,664.3009011204591,378247.62542846956,144,3,2333.311328883513
45779.12032764418,36,712.9036028593215,325732.9424470456,95,0,1126.125007505303
38294.01581513961,36,740.9662308166546,161804.45999863168,148,1,3378.6054977770177
37573.386082515666,42,652.7374651746073,254598.24675484837,14,3,1271.3043510733785
59732.822132489826,62,626.8380622184236,207912.9236573271,247,3,1883.3907545459072
27332.37366949797,25,687.5878458796099,286159.7786427887,137,3,1842.343442586882
12053.48749692843,62,688.0040882439165,281982.3522250344,120,0,739.9723010273091
41963.7345438686,68,747.978610050767,202802.2590462018,252,1,1968.9979348908314
51087.93052582399,61,606.0009752833489,300297.83887160674,343,1,2711.010412693574
34239.26920734219,39,730.5402946321916,270018.01787260675,340,0,3759.439488088535
17372.18487618207,64,651.8942904793292,235238.15462484944,109,4,659.9035780333196
18613.416058674713,34,655.0103708313578,377824.273386232,199,2,2160.3372991287824
23495.12341814222,22,675.3380982598046,148224.72773569374,170,2,3002.401939711263
36571.13242349629,34,638.1421556003312,266572.00033868424,81,1,1914.8875176662145
36799.24207368057,29,553.4391406251705,338738.21415298805,326,2,1745.4179920467448
44839.5518669898,41,669.5267642051379,230995.48860450997,197,4,2479.440448971688
36228.25036033328,26,678.3697219109717,38112.02623678236,309,0,828.7883118594622
27448.621723057913,66,613.5218349825358,103937.54808614195,130,1,2922.2494280138458
52520.21686500616,22,384.94913229323816,124471.82866416626,19,1,1085.5122522710162
47455.68028191605,40,479.7847236232336,230314.30100347818,31,3,1452.3733528283678
32867.69731092958,21,661.2230184415421,334443.3848144168,213,0,2835.506402353666
25903.315145407734,62,635.6767130613382,280481.8473019827,19,2,3095.333005748668
42003.980835093826,20,741.9376819054179,294460.68222734914,322,4,3386.7772058160504
48307.09132565907,47,584.7467814556825,299897.63773051224,30,1,3042.2180544921034
26197.43648725593,64,493.91669887786657,271657.0112824225,300,4,3152.003866653537
30455.617940840297,33,661.8458786676099,426812.8803254705,176,3,2344.393739988028
24399.642044127482,65,649.3002067143775,200487.35915011805,144,1,1171.1358618416502
40842.05551004344,55,547.1312575804428,176132.11557517626,275,4,2692.7522886033244
15526.100807579662,47,444.0848124547933,291955.4878228134,333,0,1650.8895118128223
30024.046540537354,68,618.0953864538386,269008.8981118066,48,0,3815.7559628817758
47225.34198932408,61,689.0302170743653,281040.47465844284,275,1,3016.7720048760775
28784.80880510323,68,714.342813402926,255253.44502899234,253,1,1375.4724392403261
47963.20712742403,51,790.2991163224535,275814.6659220372,211,4,1777.3566387978185
23423.228554974783,56,648.6559229597386,188341.61181058807,60,0,2419.7639485214613
45007.65058111421,18,567.5300683055411,302301.547959118,130,1,3657.4867317898374
28663.958418095266,37,695.5620936478113,269734.4019529052,250,3,3300.529546577491
32802.652126630994,45,799.4473243714381,215165.47648379093,132,0,1351.175755045729
39740.90690347495,38,561.3530206029546,202629.71279047497,93,2,3062.2404379472905
45572.07682754729,64,698.7611515552169,317822.70318785723,96,0,2577.125321313698
41620.690713378644,22,752.3622957950232,288163.01371586823,167,1,1953.9456802191482
50313.065234900896,42,571.3255856794314,277466.5699400144,222,0,1443.9398468245104
51745.916668453305,41,419.23742620863925,224099.25594012096,57,3,4269.929328206304
34247.14241491114,40,806.2701658449615,329118.27101722016,237,1,2260.6366095168946
31631.00753659186,31,443.3655089171673,115206.19238508707,197,1,1265.8918395430117
52332.05116955354,53,696.6274366378283,239721.0401907753,179,2,1897.2320226678848
16813.56714530857,62,734.651816451612,252969.20050523878,246,0,2055.7608896176894
30603.93165164614,20,700.2178271085972,275729.74192880595,217,0,3701.3412548266647
73147.93756373464,23,592.3307858230717,231775.07219501815,309,0,1397.3960132380091
45296.60721146887,45,555.9487665269756,306547.07681909116,320,2,2400.930650419763
46148.792226940124,35,651.6514668167023,279835.49311641214,242,1,1954.9090005115531
29901.325135128653,30,683.1115906546431,360397.1375436448,117,1,3094.987114431146
17102.140437234033,23,732.5932145982514,268837.427255626,132,4,2823.1172007445607
34651.77961313155,54,740.3292868491326,243144.94613885053,308,0,1150.3698244004704
42897.83346395789,69,662.6537187757818,244863.13279879955,181,2,4271.744544598892
31639.37717289228,49,575.888185762101,195328.15925655683,183,4,982.5605294129765
56308.2514273921,28,588.5833820989127,220736.64503223792,81,2,1825.3308826193431
33218.99038858973,37,607.0846828897076,202863.5749674242,20,4,3079.9439952355897
44237.939417398535,43,666.8072841362452,229480.02596893595,57,0,3779.2171240226717
32992.04151353561,31,531.6298074893092,168276.75718716017,163,1,3662.903941099455
52406.49766368375,29,708.4177384021921,277732.44100909214,77,3,3664.4433748860324
40247.10010044099,56,750.4116957802256,335856.27830593486,29,4,2692.502381623663
23242.052283060984,23,594.428956045824,230250.38952898924,74,0,2865.5693812985096
54179.4030787121,61,739.9148219448954,295367.0511726275,336,2,927.1587918841225
24668.13672268243,26,637.3786592662125,295032.66482910817,342,4,2578.646478831373
40737.52106226568,35,779.9900535505925,195162.59705919708,295,4,1566.7175593703384
31390.36518750092,51,732.3227807774969,150072.13188151497,79,1,2462.8029145742576
29211.818974675294,67,574.5078229228486,200198.49450164003,272,1,2083.7746198783198
24893.442731293795,65,659.1799845053141,145929.29890541447,115,0,2125.2787126094195
65656.21835380504,46,680.0400125301313,283469.0320784319,169,1,609.8360627318207
45184.73150635135,49,616.2991191027495,219152.19119149479,287,4,646.716822644167
27884.118542053537,68,697.3146619429803,222365.5354617642,328,0,2311.347622789509
25959.910476973164,54,726.8933844613765,222184.69640161173,265,0,2924.809738470354
33361.12136733451,27,790.0294329363155,287271.67040394415,178,0,2553.722011582712
18255.615919565076,54,669.9884650242374,128455.42390787911,142,2,1340.2807007455037
21983.533807278414,34,566.8654882620563,314407.0825109941,258,1,2599.40697431909
36643.58930963125,38,616.3024959988143,277599.78450750594,31,2,2009.0050654246872
22663.474458629633,29,701.731514794841,253940.9361653543,269,0,531.2371545859463
37977.16641798951,19,582.76045029547,268169.5080245308,153,0,3964.7077448603823
34797.46125652158,26,588.1886856035533,225278.08827649133,245,2,2587.0299276375918
33986.47934637495,60,693.6296450585345,279941.2360494795,171,3,2384.8376408051745
32912.95352614028,21,468.36849088064616,254321.9675113552,16,0,2982.065747556088
26581.524864485968,63,578.8691364472647,336699.7373739819,300,3,4267.6345056342025
41710.64740333114,59,568.3880541357538,163843.0023919876,201,3,2449.956829323422
34381.466449294065,38,672.3723384290582,226180.00558088615,267,2,288.2033067631202
30118.06719508551,56,737.1320028933965,261861.57541144692,60,2,1487.882140002643
47644.96870440539,35,860.4992326204283,307876.27372257446,155,0,3701.667884731308
46912.86226973886,66,728.8529209123669,258487.66623647884,148,1,1186.7772948224874
32348.42468763702,23,498.1126337480955,227075.47117214743,120,1,2225.412516420983
47081.299046406144,56,715.6898221530249,243574.3428708855,154,1,3497.3133010529245
53246.297480272005,36,584.3609557552226,244109.4671673022,193,1,2322.82246065865
26513.059309679877,44,610.2935722351377,203354.34661287777,57,3,2559.655474589154
32626.161386333864,35,766.6792649819395,304764.74465571507,173,4,2355.6604166721477
28892.37976623545,37,641.926576738169,212261.67917500355,96,0,2116.2599959651775
45847.880985913056,29,529.1353896245312,224952.5152631924,19,2,2202.2395841289026
41073.99099647494,42,496.19145814212334,193931.0148287213,323,2,2698.138763509304
54890.79369409442,44,693.1626672229364,299724.52220150735,72,2,2732.7470049602584
50645.689692701555,36,578.5066929845733,316346.793412283,108,4,1785.0507157791806
33523.14615997611,35,539.2721396585104,251607.45996893742,25,2,2483.366428645876
61530.10978272489,58,707.7724955619981,276996.83652658085,135,2,3424.523939052936
48943.7790760804,23,524.6214140556408,167556.18507912604,21,1,1345.2352787217546
39209.759920504046,63,821.2870108865685,344040.42420352314,66,1,2368.403548946451
25904.0507915589,56,725.2511333580018,291445.7840804085,178,1,3446.4034238947384
40872.06747110911,69,882.5847255263487,336464.05901734857,352,4,2132.818801612432
46876.731991589346,58,407.52242099525506,270665.3352467814,75,3,2866.9733907276504
46836.09282120316,33,698.9696407993617,216754.62048679148,33,2,1618.2184355961124
45205.20155341713,39,677.3965176991563,286584.3449511536,168,0,3377.739941427372
34712.044791290886,18,698.5493258155725,208578.36997905912,96,3,2089.357520209767
50573.83861596497,39,551.5339718280425,273122.4962194932,217,4,4148.961706774824
22100.617786620875,65,727.8740670456954,245737.8394845496,327,2,1345.3733696252248
35948.53749312316,28,703.8517979720777,264786.6700493281,338,2,2143.326661272087
27892.46822580699,47,703.0264097591235,219932.20532029474,20,2,2171.8701820387078
47446.25337581766,37,923.1568706558372,187161.1035082646,24,2,821.8194518670766
35723.852605957945,39,570.8493406918859,366399.0374744326,182,4,1690.529146212469
15644.657446217541,60,603.7044575801444,117415.9526978064,140,4,3162.2895621310586
54590.69058852819,58,551.6686924230157,275617.09240198607,193,1,1586.3928561945966
44511.89476655512,53,778.4499120118255,238205.76168281471,330,4,3536.727036083185
45619.28326919136,29,631.7658533897587,236993.55797038626,28,0,2006.9214806075893
24868.311213922454,20,406.9329327239527,154282.58854424924,252,4,2248.5990492673013
64652.584278345435,51,829.2486770498472,194076.86046773125,68,4,2723.538481845141
33247.382533085365,38,663.0216893431023,266951.87114597805,350,3,1621.7370079995783
50528.45658138259,34,625.5785650208994,135880.79944209088,229,1,2874.011421166248
20665.69417823254,25,655.1105812447507,167908.70642616457,243,0,2628.5252863247647
66746.36390473787,48,700.6281257159511,199450.25583003706,267,2,4087.566480214234
62558.31945232977,64,648.1055129803888,156051.75279379962,30,4,2695.9023276742196
46423.609172719356,46,732.241060726202,248375.7651858481,21,2,1951.4429956092015
34869.027162115424,34,677.1418713553352,288448.1567806703,329,4,2336.1504440321496
39139.46717326938,62,683.7845538524896,207827.0474044318,21,0,1312.8947804767488
29225.440868355414,33,754.2730573828566,285868.24261853297,31,4,3545.2219971236186
27278.007768877884,68,482.47736775960425,118919.19806764701,33,4,1971.2573363356773
46867.7289795608,51,719.8783684511668,186119.65811929645,104,1,2845.249061985655
59211.23513313814,59,807.2534598806544,311790.46950975567,23,3,1847.8654527603783
33407.63819192325,31,732.35313861857,179124.62969492667,40,4,2629.6282987907603
39521.68370325513,61,643.5242850982404,337307.7503732796,359,2,4033.8150782789535
42451.07634785114,67,526.0781069597496,206732.95149984857,62,1,2207.254240936964
39058.30942922082,24,584.2176624272646,289403.2130601209,354,3,1547.5946287430675
26693.858628630907,21,607.7642616353328,308100.87890257244,88,1,2398.4525871453766
20884.89877964317,51,785.7338375387327,338063.49007401464,238,2,3526.1408248548646
46343.20577521496,30,701.7765206432207,159528.55183393933,186,3,583.4956618044694
34525.861963200594,18,586.8914175985442,241682.2733211007,81,0,3086.7069923821605
47328.65544607665,60,484.8242158305129,303251.8121767039,43,2,3066.0205667048335
41595.37819557516,48,590.1551181437712,199122.69097280025,246,4,1522.97137219002
25593.525648591414,31,889.5496588357299,298473.3182162921,307,3,1969.9229068088237
24889.619577378977,67,737.9527323493014,327704.8429398247,151,3,2622.201169059052
20304.87396833749,43,432.79465130261,279270.38266747916,101,3,1820.1869317107357
37230.700253148716,69,627.7045434531489,243184.2498294897,237,4,2997.5968901376623
32977.08028990106,46,697.713247655729,314505.7871876808,338,0,1365.9457615333615
39247.576762981356,45,604.1712771828201,180358.702707502,105,4,1623.5659153852323
48220.968477508126,28,775.2771118755181,246306.95859433504,182,2,3477.941445179916
29813.709022607833,61,566.7791364747485,226412.8035459038,83,1,452.42814984125977
24772.30061002624,57,667.9467526473608,320819.699196693,312,1,2691.4264060103164
45195.5737697991,29,709.0037637891016,254182.82734227795,134,1,3615.2480933467314
39551.950599817,44,816.7411823925208,223391.29501390256,56,1,1915.3071893033016
43784.011460368354,31,558.6871316237899,291546.73577644554,207,3,2763.7243236138006
42211.13300653703,31,455.36791552898706,229601.03620552542,54,1,1906.7583227237956
45092.96788834608,36,540.2256505202994,152567.91770053466,357,4,3351.96323016434
48093.07421252699,63,624.9577024031091,431667.51312989695,100,4,3580.7647466016588
38534.01994882708,62,600.395272745466,200025.96348831724,345,1,3391.493234246743
37007.920894807845,30,829.6343542607805,315184.9670313032,149,3,3545.9691612069632
53248.68136278438,51,615.0275021193149,288796.216750563,309,3,1451.6562167842785
31713.605601675314,32,526.1494835849943,263616.81152053905,289,4,2447.690627782642
42498.35220216196,30,763.2690501494066,283355.41838853067,251,3,4092.3620247044155
37738.19468661028,69,701.2201168402498,292662.71680601896,123,1,1877.5495904250547
29520.834193216768,46,526.1515255613249,142658.46440459002,58,0,1019.4691327614122
42343.798247927094,34,586.8129636196641,281633.0266927,45,0,2429.249500873001
24670.790806240166,45,700.1935090271098,269780.44649080624,238,3,1905.470914882252
51496.44742682696,18,607.6420703792298,267514.26664781326,219,1,2682.67954601124
37362.83874250618,42,660.4523868922612,308334.1439865789,346,2,5322.142251621043
51145.152992221556,41,653.3639331350422,313437.7334360517,237,0,1226.6567912710786
38076.22514163157,64,610.6115665849269,259750.2745453395,228,3,2291.5611181842673
52949.12944515872,42,786.9638537514645,307570.8020755038,152,0,4008.133390080206
30957.89321796948,66,693.2910837182042,284317.3751759223,179,4,1974.1410918645186
33928.84642028267,19,686.9062471677425,328788.5866224093,245,4,737.0243319121743
44310.37595783262,42,740.7404158657209,127856.26147305607,252,1,2174.1006321668683
23214.473051607587,50,673.7343892321061,386022.0500950349,83,4,4200.186723586623
47064.1671920853,53,750.759628343538,266141.8490980651,326,0,1182.5191936752612
20552.004724711463,65,434.81492371639956,216258.59983475215,256,0,2421.318471389755
28726.365276111082,60,619.5744017409316,237942.24589392895,318,2,1898.229913264513
41147.36523013733,40,712.716820804413,210536.07603595586,291,1,1211.1798319525305
30809.47920830285,48,535.6109265001159,307952.7082099798,157,3,1911.6788891489348
42004.316825947564,25,564.6783196161333,145532.03825527293,191,0,705.5369052642499
33247.9472545395,18,621.5945613444694,290092.1805625189,139,2,2435.3296239311107
48509.091657426725,21,713.8676429829192,202228.24719488944,287,3,2015.9316634118725
52842.005565932406,44,620.7591022953043,283531.905131495,154,4,1389.1382574318775
31192.925529021326,26,718.7401052839646,390831.0300637472,310,2,1906.7744228472159
59677.38616216946,46,737.8695002063887,306371.7699865285,90,0,2811.4175582324992
57646.54205254372,39,689.3327682233428,257823.46003944433,84,1,642.2059334398743
29824.230999667954,26,741.0172924208634,199227.85345152713,50,1,2409.1898292806172
