income,age,credit_score,loan_amount,tenure_months,dependents,monthly_debt
59166.12874625686,22,614.3701915314975,221644.1127041712,160,4,1855.6181696106341
65778.25767622537,30,552.7395510405878,173480.53414986288,205,4,3416.6021296723134
42236.23559654607,22,491.38212952359873,192817.6912238125,92,0,1532.4562063067933
69508.29361828277,40,635.2574227750072,82583.21654535002,25,1,2400.994220301663
62958.91257035781,33,587.4128471876732,234836.3076284796,132,2,2431.5593587537783
31449.366644139143,41,755.7114201855027,185413.23411219218,105,2,3049.871508492021
52701.50046255502,44,824.5170609811121,229765.7544180996,197,2,3255.760732185475
58192.470880421664,42,545.0093492089819,211930.73347758214,62,2,2047.8169292546331
42586.76569463383,66,694.5613756353998,98581.12340407645,193,0,1718.5149979818777
42372.923187284534,34,653.4702083441117,194195.61793441823,32,2,1701.7819996155863
58714.33246093945,43,747.0294507940337,195214.33675838757,85,0,1355.99888592023
58265.25389173759,46,435.4051123929253,199384.23844822217,98,2,1189.32113533289
52271.77021471745,30,509.13259780321914,254191.43751888775,140,3,1964.0062784658865
18839.005025909657,49,720.0161869677223,146413.4655729999,43,1,1945.5578753035163
30196.654102027136,34,717.834929481485,121253.54858436398,32,3,2669.18188829081
57252.99123007434,62,667.1952082966152,195979.42464076163,170,2,3210.227163511684
32678.076467095485,64,691.7676638147797,207613.47946882402,138,1,1182.9555768568869
50383.62260574881,38,721.4107778064146,186479.51022179317,348,0,1308.1522971131594
59592.46828825529,56,438.7315988822436,202690.97725560435,105,0,2013.2890720626858
23688.33753187878,21,581.358400187557,121194.77514896136,153,2,2132.45322199143
63813.66009648544,40,636.1606632929254,151693.0654018521,130,0,2426.2847996540877
41151.89113437095,42,684.0709457473658,135049.24821612146,224,3,2925.639571186097
63919.17241228371,50,739.0472186924884,161650.35697317,128,1,2031.1575395596708
53108.344748315416,21,760.7491954326745,184893.07926121034,105,1,1216.8484988045332
48148.368429407215,37,722.9462696592822,121457.10713257769,102,3,1462.980420254884
61075.35942266769,48,615.4134107114323,207777.99077069663,78,0,2479.019690724499
47352.79254862698,32,665.958895543217,167821.89933741602,60,1,2084.929270605362
63124.22078935492,30,677.7488393506067,194611.58788408493,111,2,3244.324588246749
58338.01868169509,27,611.5539014934341,249254.55841585874,213,3,2506.055040826956
53345.27944888108,36,524.8393239323101,192346.53387667052,255,1,186.00542448767783
54971.007711423794,23,663.5197401333746,112655.61645729773,193,1,2244.2462959770305
82883.00451758745,31,827.5182580551026,150010.17728849116,176,1,1093.2580498046032
53417.87373688911,28,588.1876528026439,78569.12960371407,45,4,2332.8724565570174
51727.6205162732,57,583.5483438963445,209448.67237368398,93,4,2395.35124875766
43204.43614723373,43,625.719887872136,171233.7897206928,180,2,3192.940603178531
56788.07194988523,56,535.2553005179695,193013.5794786426,128,3,3082.852152573289
39862.62965720636,18,664.1890464070449,250016.1970489654,151,4,2715.130505219221
18652.650701622446,51,593.4896655399518,161024.51426762503,352,3,889.4653723024
50402.43574490695,47,576.1254964134833,250049.90928243374,89,4,480.86239873912587
46854.60150850979,20,648.3218923868533,174384.38349365763,348,3,1645.061398844227
43827.26962731723,64,542.4500319326544,235490.4481382356,170,4,2382.7639062278763
40183.15046640755,42,611.1180667611012,221279.59333190206,292,0,2152.107209025049
42013.08144490701,41,629.0351363952959,209246.13984128225,228,0,1335.5593501515227
54572.1022949858,69,444.612900745489,181010.05788086815,20,2,1734.7791580577705
48793.56516463097,39,894.0215863697415,235130.69698068168,244,1,2297.282218514263
59363.11912187969,36,634.1623821666948,136057.32007720787,196,4,1168.7953021062178
62216.31432262622,54,821.1302736554105,168028.8860099472,348,2,2004.907104845898
37083.073551499125,51,635.6041570329917,196652.37837913324,328,2,3187.2713146760225
75340.74807561214,64,542.3042373893635,290719.06960997335,220,0,1674.9786440932528
10543.63553739585,56,614.6253470558161,190103.30748480244,298,2,2163.6465257829777
32214.83861409289,57,709.2285579030922,265575.671692455,115,2,2625.0955662146
38268.00483885996,62,605.7017166645227,239634.56735159314,151,3,2187.7288677479787
62386.04025294033,27,735.7620402261815,305162.91616634204,39,4,2253.697597980102
48485.148318641775,58,498.3041973326893,326573.48556563846,263,2,2757.916621936933
68845.86970139368,30,692.7651634982476,194835.9397985462,336,2,3278.9479271590058
66237.50183724645,66,735.8367131769504,187305.79571952118,156,4,2965.202541785986
11604.553107679167,50,496.89770339795797,97579.32507613183,212,3,1887.221201128864
39554.96057367218,29,645.275333063081,221492.87826870283,76,3,2393.2375165197323
78986.43563233585,18,541.902428501877,170540.63447038707,48,3,2045.8620511645402
53763.09972025881,21,533.7308524123707,187017.14074091395,56,4,573.5011006464658
47734.01382790246,47,556.0914354103516,167750.02942185212,147,1,2740.0745589686253
21155.887929583376,52,665.8170544383366,166917.3208758788,277,1,2044.8754914798542
35157.56248364347,62,450.6364540974437,237228.93347417223,67,2,824.2331427364297
56766.51751359215,62,585.0213973155418,225416.83648791385,276,3,1794.8174382512314
46873.87395715413,45,851.227596948041,155838.03763387486,266,4,1781.1868557348203
60415.81470369843,47,539.3284783345246,248372.1306186423,75,3,1519.9796783575002
66194.26690591004,22,645.8137713204105,210395.77405805374,357,4,1673.6098670743195
42827.5230961392,63,627.4236302710021,230425.90108422627,94,0,1309.9963414288948
39549.54278201622,59,544.0209590642118,178839.93139417362,13,3,2756.2618908839945
76932.75178243827,30,775.0588156730747,179802.94114253644,236,4,2706.48086021656
50884.1010397764,63,675.6646699584222,159934.52079896614,285,0,2012.0879483750368
50610.562607851476,35,568.1019612365978,225030.03615740765,113,3,2546.7924788814607
45087.45895045553,69,648.6507469239166,143022.39339025103,300,2,1916.7600220051781
43921.62551665983,52,761.4497935242401,228992.58546558788,146,1,118.16927120258879
48595.83492103835,50,692.2363491991847,223600.05307405777,183,3,997.3349126217777
49701.98095956942,42,704.6706883656104,277743.9917180231,178,1,1337.6133096817468
45194.75820852367,68,731.5678900861308,315490.1393058053,39,3,1831.1953317492876
35155.51713916375,29,636.6040551171549,205014.21982923133,297,3,602.908121544569
85291.65063916933,34,596.1298829051632,299504.93185432337,117,2,1483.7879565755845
55026.57888267812,62,617.7722267409861,254474.18240464805,53,4,1248.5873207483537
60231.36618730145,58,736.8310450452745,205273.04154244022,131,2,1782.6198213600474
86803.08345734583,41,638.9613047513494,270114.4351586806,235,0,1720.438440856064
41194.78847005557,29,572.9501834314077,186564.39260882387,263,2,1723.9824478419007
20333.30016815421,68,510.9399734212831,183589.37994233234,14,0,2036.2556234873894
56126.602790646604,56,571.7457850808156,250114.46997516113,159,4,1908.8939997998352
58876.09214691793,41,794.2038754804274,137593.21223325245,31,4,1121.568344570016
38214.44352740866,63,700.5609162916727,268287.13155831984,294,2,2202.3731074363563
48992.4556487773,19,523.3116032091741,152025.94576544335,102,2,882.9119961797385
51937.99136165415,47,631.9410339423247,140880.81992005155,287,3,3249.9587020194303
56540.77098098132,50,680.98893306347,219101.7995662577,69,3,1536.1479633454933
80572.36829135763,56,661.1856057613267,165414.65080890956,97,3,518.135340802909
66239.49838480409,20,600.423985813972,193673.03637626412,63,3,1521.8380088277022
61654.80383356559,52,788.3255561617165,202268.14533982464,149,1,2820.2023868487317
66488.30695527523,35,670.476236922223,129777.64019964053,222,3,2670.431072101824
72186.91807718865,52,741.2843330082972,258206.8185318871,131,4,2548.046501798289
28362.733526539054,35,584.0614565428631,211258.14405410175,318,0,1888.6497378295217
28179.067481136775,39,655.2325895470718,106995.35006904637,118,0,1826.2196867373639
44146.12852252713,19,510.4962624614312,197236.59892145605,114,2,2311.568361218213
67711.54088681733,32,453.76354244291963,115712.50550852125,57,0,1130.9620899342367
36819.19887529905,31,688.16443409264,213235.8603252399,241,4,2269.7433953956142
42276.52242809157,44,717.6118191640759,216722.0613915725,61,4,1775.3585394848105
16569.2581628959,51,712.585174569434,200613.1295492866,39,1,1316.3537327690813
46205.62144315388,46,620.5044148494977,167323.52984555677,301,1,928.9832410593799
57282.895719044114,55,710.5501554748934,157671.02956467724,323,0,3320.953317869537
42395.03476222999,57,688.1126338364955,188520.7094448277,14,3,1624.5195659672584
40976.74060954084,54,418.63356378895264,155816.40432178637,263,0,1175.156449648924
51220.63066939185,64,660.6619041965749,95628.37769970448,27,3,2109.4101990922964
46488.60446419309,43,724.7307338681044,246075.33058908675,69,4,2502.6212750746704
45844.95546827955,40,662.3455740876655,199062.9959031358,124,0,3467.8639311756424
56787.49182599312,23,673.3813590638734,232852.80733380432,357,4,528.1322000470573
17420.72067915556,39,703.4740598504821,174831.51593861356,305,2,1538.7443262805964
47470.81934896515,42,586.2379604535602,121912.95820766769,12,0,631.4116306482395
44051.23287227859,20,607.4812088096163,192941.3985868853,348,1,2156.142467063803
14864.714578109102,35,625.4545081733473,236569.20677120978,218,1,1386.1893983776304
36767.05512671049,18,746.2339443603529,128875.87457067874,294,4,932.5052316793924
17065.79956006872,60,590.1935763736001,223041.80893055885,318,4,2076.8069333406165
63417.18612194867,43,761.1521762172089,152243.04640459688,26,2,1635.3069138626638
65238.849302165574,24,494.34017024052105,273859.73591913446,13,4,1389.248349921206
37849.443769184014,53,576.8419153403879,133073.28343340015,257,1,1371.4238751271073
52510.72542313692,23,701.4347620131311,238291.72392266945,294,1,2657.6928756845855
60542.255572832546,64,710.142813550116,250249.78646860024,150,1,1239.7629632706503
59637.28018662917,41,865.7330261894232,196524.3541569129,275,3,2947.9184388994117
68421.95894692923,62,607.4678471800305,112134.14558234015,66,0,2347.5236124097305
27913.145120028083,24,791.034293836819,220427.90455290495,27,2,2206.3148199400707
73305.78249561427,35,801.4070206459903,229163.25703560188,161,4,1087.2045962770437
54961.72159645482,41,518.1510893782349,200598.55621077953,196,3,2493.988948710195
33756.32799987427,47,731.2620013827575,158043.5603139235,253,4,3246.9208178782715
21187.4559909221,22,678.9693493880768,144827.216480344,347,2,2365.8465334254406
50898.98821158936,28,656.3872963523987,150314.81180428737,101,4,2195.8257791291117
61006.955715432734,37,723.983043110374,170989.0839957281,268,3,1663.1034711175307
67421.22880064063,69,561.3040752502425,229371.13148741805,282,1,2762.9701886946186
59863.816983225,34,734.910515665801,177731.2344190139,159,1,2137.0847414361215
39346.11299684708,38,581.5370944415045,228847.73966322636,43,3,2863.7779687038574
76710.15267563048,42,649.0901163400073,144263.95350209135,191,0,436.66607268722055
15132.97634868943,61,590.5348627431512,225568.5995106401,170,0,1282.7563324423554
54093.04037337351,50,757.1154592869398,93170.10980637204,127,1,1555.8116666066835
78970.50146010835,49,651.6594829348794,203484.8709660955,267,0,1261.3763888620836
54263.94495073778,20,653.7551750353764,151814.5236505516,181,2,2567.666347786342
40274.28591946198,40,626.931417600383,284426.386939471,212,0,1571.1162500411078
36563.65417340983,18,658.0057969793462,285074.71723853354,169,1,2025.221463714188
76714.60812651628,45,479.54236281929866,123632.20622560603,100,3,1548.0973692061202
23140.74375939555,48,569.6546969922726,256258.7499639034,111,1,3153.3722203989682
48962.15904093655,35,786.8594229239144,189748.80874079408,294,4,2623.53003558223
45089.58805806222,47,579.9361031129763,132992.04433115578,49,1,2753.2942917767696
56237.40823745118,58,606.5686156913498,199816.08889987765,243,2,949.1415587615072
14456.205601888127,24,532.6335691196349,212709.73728391025,249,0,2424.5737028318654
16741.213891325264,49,667.8096884772584,307219.1491863971,303,0,2279.9022230224973
63602.35956870782,22,711.200940273634,216528.06498660968,87,2,2356.9283004269755
40630.483404140774,20,661.7648430569029,137253.90830424268,349,4,2542.6522216068847
32579.06430984409,69,753.2720317843217,187768.60225900947,341,1,2259.6068718063957
43547.39557262711,45,662.2182051031119,166903.6241342904,238,4,2887.7171074118087
36030.02306721229,58,750.0448182332094,200648.38867240743,271,2,3561.0029623016917
44493.85941509368,43,689.7185058183744,286517.79431505,253,1,2760.9536263941072
49529.48457174933,41,591.1866731769044,223976.2568038419,168,3,2656.716369668992
67163.29301435557,48,544.9853212362976,243933.7726293335,224,0,2368.6830084383437
59980.559707846456,47,662.5445157942991,159842.25467697502,102,3,2191.6725022556448
57850.42960184926,60,650.4395180095672,286362.1267249876,300,2,2143.0313085417624
62079.20338995948,46,783.1895058968051,152969.7986695668,198,2,1431.414731062824
67185.98529847822,32,840.4964058083674,281602.8648931663,330,0,2752.512184914549
62952.01806456769,40,665.409875175246,233258.4141068142,24,0,1793.174531598081
49298.619985680176,43,699.2115244921797,188408.68453033394,126,4,1915.7023146324473
40036.535490691764,63,637.9949975846297,162332.03945664648,226,4,2691.521888054469
52647.569014614906,18,536.8736919452008,178150.70143647093,124,0,1466.3633204286734
75667.91647651653,33,743.07691927844,153626.98420378554,58,2,1691.958968362475
54042.89679276625,38,731.7767394780271,227800.11444183704,359,1,728.4608318860332
59487.72320159499,57,483.61338835581137,214357.3714012086,41,0,1584.0764881923506
68799.26558999834,38,671.2611985690064,208938.81386263046,311,2,1219.9113840032314
50882.19545799011,51,411.12767308533125,160978.71675516732,213,2,1489.7178099340167
47938.4817459842,43,600.6610026398603,137996.13196849482,311,1,1158.8489647766728
53397.93194797676,18,603.4367406100906,189778.23631642762,199,2,1101.1885842447723
59904.4968877511,27,597.4628263519822,222789.9956673764,201,2,-21.028183027539626
8179.439258174025,62,732.3760686535527,116923.82857855437,26,4,1440.552275256859
40211.57190542859,42,480.3639412320354,217352.22131651538,251,0,2326.7517942894697
37751.04112705473,20,624.0374846601867,290671.2475099498,183,3,1389.9502158710748
65534.39184343032,35,724.9207982831774,217551.02525886078,20,3,2353.2512640851555
37345.837699217416,40,849.4668690636902,212519.43901203133,346,4,1180.0359401720189
22428.33586532825,20,720.390740200595,186478.65574431658,62,1,1741.7834435192026
45931.90407029009,66,602.1046178874045,215035.46104950603,266,3,37.385398969886865
45945.35838789764,68,566.332049839936,216107.03641697523,303,4,1369.8721482656983
84012.6896218457,59,656.5133543085643,225138.0974890102,147,2,1790.86518886223
69384.43347885356,31,618.8509651367634,198577.87162390313,164,3,2345.267275901441
60117.349681083724,32,649.2828048429772,324395.5717399295,142,2,2884.2228520176423
39807.57177229949,44,807.0593790011216,238393.95881502752,137,4,2423.6278099558835
57668.01469655839,61,653.3019108924927,207672.0867227737,192,4,2283.7645400173096
61448.3323849475,63,621.2829141472175,220207.03466975893,37,3,2577.4582937338964
47802.685459373904,35,543.6919747970915,157356.62230248397,122,1,1777.164480844925
54542.96896072103,51,752.256213943623,266382.0894934076,74,4,1633.858884833288
62732.87236654482,32,813.0737302285172,190968.86747874127,347,0,2295.1984388661276
66039.48281526257,24,525.2531598136372,232766.07709183916,133,3,1851.3231726956908
61625.85431898989,48,768.1993059095444,220922.1647988008,297,0,2765.599609962566
50911.96684463853,41,751.6911645707557,183773.8235245685,132,4,1666.9352984992474
46320.047609783505,53,782.1807347131538,199759.46022456622,327,0,2918.428319509042
65875.170320844,47,790.8554740917107,163323.94034178724,313,1,3104.3308604901576
55852.199853138,34,678.2639114571515,241004.18016987777,48,4,1902.0729854800586
16522.695671398687,55,637.1487619496489,183834.1870992886,218,1,1325.2758781077366
58642.900986979475,35,706.589241640207,201165.64564401784,244,3,1444.7320958282712
57481.990874255214,36,664.0591020524331,169424.62027564255,256,1,1248.4686966474906
96367.5354564425,36,707.9063077088533,237698.1108508999,258,3,2297.622469093907
47349.293419228066,59,627.9614922968625,191212.36858772335,82,3,965.2286562933045
56279.319479135294,48,734.830346202355,270179.94249155757,246,0,933.6891808821349
69819.35769844666,50,539.0246593664386,199280.4666955656,137,3,1346.8740896649729
48701.69568309843,51,732.4427374330168,160690.97391270322,302,2,2037.849870551292
46361.549815008126,29,762.5108011609063,169055.93224733323,262,3,444.87118559962414
60510.030395303686,49,625.2166311247231,293962.6093928319,289,1,1567.5606100139194
48381.81317418566,37,673.0966067720105,241853.96121534402,310,4,1900.2854758090484
57880.89791660037,56,707.6204047739055,231892.77399758936,49,0,852.6213148192694
68179.02962087584,69,703.03901307518,272884.1153342964,184,4,3039.96362242133
25568.581096522033,66,774.6767093585499,243487.4880632648,21,2,2721.364538624145
24045.07573302858,50,704.9463318094051,270907.31110539683,124,4,3340.399449217223
45918.17952175248,47,602.1136412144098,194439.34029035212,81,0,2665.760851568015
45559.82801251921,26,647.4150480850313,221875.5329283138,76,2,666.9528844347196
62337.722903601854,46,596.6263062308182,221967.8242379585,143,2,1999.4636506099857
31047.769522125196,47,666.4887520704415,239985.3333462778,81,4,1963.1043043314194
54791.34436008077,59,535.2910700958872,155564.2686108332,353,2,1615.214769380499
62707.47442251218,33,691.4576215203646,305936.7330909303,86,1,1381.4893875772955
41727.72809333526,36,631.8758172466413,176992.1593571096,40,1,1018.3044434859261
39327.47322979222,32,699.978246420314,196091.1352999756,89,4,2015.931722210656
50280.74568781268,42,538.4814934743114,182763.59621159983,63,1,2503.742978378005
59122.00452211863,66,648.965958843178,316989.1499486548,318,1,1076.2457024807545
65423.150327799114,42,520.5253090514527,211549.86647160386,277,1,1610.7538272542924
61876.866895575375,58,586.7582203499541,161613.3634000191,271,1,489.7617855218141
53519.65918284483,23,879.2135252020505,116760.01374394362,161,2,711.8294772527815
53043.562337858246,40,724.8533032364016,256385.49236449105,283,0,2519.814895503084
70363.82747742126,19,603.8847275341104,182447.12879284352,286,1,2824.59356829942
60284.33356494561,64,646.8131127364799,301691.29333020875,40,3,2220.4059515615145
29772.52654916451,54,660.5752098098972,151974.5872877593,333,3,1883.484527776058
47453.341756750924,61,605.411265391575,205001.81299234158,117,2,3587.1022724784166
52712.86754720178,28,456.4421560694864,191820.50025827633,181,2,2250.9750231437965
51695.4017188042,45,708.610029159296,145015.3816987421,224,0,2177.4614485840716
52545.422835864054,19,482.34298012418367,234128.14465424043,312,3,2502.478879136019
32716.402795713075,61,714.6342505716503,271570.7383054944,229,3,2253.635229028331
48133.02897689367,31,636.3535545435199,267837.8191152646,200,3,1894.4209724722548
67402.89300663283,64,560.9960017933431,114369.88416042992,92,4,1643.8676251330776
46172.813462608785,56,606.4614285057636,172419.25398794652,344,2,1395.9179600343543
34331.401223831934,65,482.1557039036282,221809.4746805756,309,3,2450.350922811881
59799.9083219657,68,738.9263915292588,187269.34951060673,222,2,1302.2844555768743
73448.0867948431,33,673.8707958615541,283599.79907281575,42,1,1485.0534094762454
40439.93456127845,20,841.3987210905918,209297.57381469425,34,0,1693.372543725805
44600.785564583166,24,552.8386919426257,145009.1998960614,352,1,1587.034854449404
63114.53871888219,69,642.7953566361025,201462.01853316568,282,3,2828.885378402513
66153.97881103377,40,494.59488668767995,223510.57406029632,192,1,980.5141341880282
61931.247810617686,53,604.3445461072046,231639.55574043794,302,0,2220.70779004134
64610.67025129185,49,504.65826639073606,157656.46700426398,218,0,2470.267102057835
39026.68461364297,52,839.2344184497802,170739.20925889895,40,2,2931.492122703786
60566.09551865638,54,562.3234028461853,304987.4515154807,45,4,2926.570626057931
66275.0353057619,56,651.0177364369107,331473.5733340414,260,2,2350.301990808976
69024.51735969842,47,786.6577625250369,114645.73695859613,260,2,1635.4817795197446
42591.68908735193,30,672.9571253585017,194568.8769038691,151,2,2042.3124787366485
62186.27949918654,28,702.281869064119,228168.55249829282,25,2,2525.52868780263
23947.02871964791,26,553.7822676254483,167615.20396166304,302,2,3131.01621461799
56801.61429027727,37,439.2035955867475,249029.19861318424,85,3,1857.8416334192389
40222.81905937706,51,561.0869401869413,230020.08016631575,180,1,1527.3385673275566
38327.98959097577,31,646.9703698962816,252918.92630678986,319,0,1511.3406470569957
44770.53510023442,41,670.9648086886295,204027.17397527586,188,4,2299.7491250630337
69372.17697976016,20,568.7169115941379,134813.73643575324,213,0,1027.988692774245
55745.77124783398,52,490.8478458996241,192512.4861667776,65,1,1432.331302526664
34474.28030698882,21,594.8347650123562,173168.9622204785,288,3,2873.0189365446386
21566.6907509575,24,494.04275651179137,239487.62145943922,181,4,1173.902113339512
73057.30062986659,23,751.4131016263807,176574.51727249633,62,0,1802.159979894749
47177.49212405592,65,768.1926841928283,173036.11221179736,320,0,1249.3859233820747
45911.078407308356,38,619.5156490844724,174088.10218730028,92,1,829.1113510932003
12595.5178514461,40,743.4719679586001,61158.901654106274,223,0,2814.8250788691344
52931.50129700238,45,554.4308332614501,184607.7757485527,32,1,2747.056282087078
60914.080148616624,20,589.4432371273834,236669.53794969877,37,0,2111.487009662372
59082.30589384631,48,688.0679270769929,163034.40352346806,240,3,2830.2341720436925
30776.892182693155,61,659.8322281068686,123402.41250959814,259,1,2830.274536578526
55584.39181991161,27,637.2265378440223,215072.03645592625,216,0,2981.141844357472
57673.47611703284,58,626.3123682649548,209634.2182572058,355,1,1434.7438061994935
43766.53130391381,53,618.1306740513849,141757.70326329538,244,2,2983.58388694953
54714.49715351577,32,830.8482039773936,231139.05075472454,244,2,2305.505455025297
53436.8102792952,45,570.7041744637168,178667.1167712866,82,4,1296.5269318631322
22834.313910236724,32,565.1839478352995,105592.83490011682,130,3,3194.4453692148813
44739.15316187503,37,686.3427649187297,107804.34953619451,261,0,1168.4239311805707
55995.3844946424,24,801.3005478077616,259570.51873655483,189,0,1708.9570449409925
48870.148950007155,52,607.1864943865666,132906.8753406398,46,4,2805.9821487182994
54906.58724783928,31,528.0798663599653,165616.30578924998,170,4,2586.899484560384
38928.863267038934,35,709.0303289313772,164835.31087049155,50,1,1098.4616026815443
31085.65316944491,52,648.2068273885159,180843.60948501775,27,3,2989.400395724114
57837.10459955261,18,703.6004187231125,216193.80832829958,339,4,970.976760300458
55504.335782207156,40,605.162898638313,177512.5149316325,106,2,2038.221273705061
40066.62449468172,38,637.1518386197642,222111.52682993282,186,0,1349.7981269580112
43397.53651619499,67,612.4876853172246,180740.87387202168,100,0,1544.5163330729142
41779.950290120694,42,619.0385381857427,234787.14615442048,348,0,1988.668027590457
65379.224086957576,46,688.613266184286,273871.8147799158,211,4,1992.7466868067372
42798.51333645857,46,792.2211163108877,248629.8485783018,164,0,3831.0944144484215
45998.97132353746,54,692.916904462822,152571.21543808322,38,2,1674.0513114261098
68085.88102465158,38,735.4407515610562,311883.83064196754,17,2,2672.5280910637093
69639.10212830198,65,623.2911464670265,255562.1063358714,249,2,2260.5664431871405
63227.370430448675,32,564.8081122317236,214110.4307058439,237,2,1465.1437083027631
52541.8914021565,31,490.3453705013827,139486.77595124432,307,4,1035.7686762235921
28088.926360611586,26,637.5631621802047,289236.0756649952,319,1,1013.8161905408607
60678.9906305217,37,556.7221443819141,221975.65619632712,94,2,2580.034893350754
73073.94577136735,23,725.5101530103831,170164.66075395572,350,3,1103.7140791127204
43068.985413580966,33,565.976592008961,87524.1943507431,158,0,2809.5652943901205
26120.398202086904,23,642.8845436488148,175644.1127866399,322,2,3499.8070273141648
49600.37964957938,27,460.61496424883217,222579.1590828076,257,1,2535.9433539465545
74264.66651193079,54,750.2089498118102,173001.38833180722,343,4,2368.0402938918555
52815.859847747626,43,591.1319931807894,197844.59961836948,202,1,2254.537153274029
44518.966931148825,30,737.9701293099093,237641.68496083887,144,4,485.3488078094183
51482.591509887934,42,640.0823137780317,172494.8890472728,216,4,1781.358126871681
54677.86506577171,26,698.4478974344684,240909.66902809675,108,2,1425.7374665042712
32971.39957150364,48,690.3761845395456,166842.48519427088,356,0,3015.966571149065
54227.64956003076,65,694.4874323128284,128016.60195980393,330,1,1776.6974071244167
81330.36655421129,20,632.0438958846004,252258.94989611208,93,2,1690.70660106035
74572.44596148357,40,736.2243502992615,167716.1743810769,41,2,2841.1599564278995
73352.08136769378,47,704.0913711495328,162671.00274616908,82,1,2000.3665185068548
53448.50189525032,33,619.6637357984991,279684.8433782386,353,0,1640.3363357145583
29939.21089532801,41,556.9435352793921,171700.08667858594,215,0,1983.4022368726605
42635.57450905762,67,855.7089909678452,210010.7949873166,194,2,3201.9151024482044
27089.767188444453,22,735.3539024996078,251934.11217267776,64,0,1379.0058077505275
34113.50004246013,20,574.1503690555595,230559.6101922238,50,0,3445.692191895263
51272.17317957267,62,477.91592833418093,111022.95464395202,267,0,2802.554915840662
69758.67162513657,37,722.7513840004749,235821.23120100834,45,4,1407.0903088789137
57614.13467227892,68,764.7468449529474,187706.92853387728,351,1,1285.6554867133914
28938.495978406245,53,612.3172783172329,243241.2406392418,115,1,1062.985143054841
62205.73288892183,41,690.5842779372517,142550.8306650672,133,0,1913.0221027252176
60641.56024216626,60,579.1118408079365,199620.80852146074,350,4,1857.1070720439668
46412.31389871943,48,483.72612296701936,267226.7665098023,36,3,1907.326485226387
37343.12484893439,24,733.0354277757384,169838.97926695473,279,3,2543.5842738215188
59226.298499672994,20,604.2381754347872,245916.88029401965,322,0,1834.6012432095565
45500.54297672843,63,779.4145684326108,208639.6313205027,37,4,1885.0655443178273
54178.75818524503,19,740.743169654712,295187.1774450121,357,0,1505.4721599792779
44377.01419173349,38,697.50986096283,158705.9610523041,270,4,973.4263744907037
78106.04575013017,48,680.6036147925192,128336.2911538514,159,2,1183.0544972582668
39170.43393030616,61,705.3583613255299,198487.76670211944,289,4,2105.35246737259
37964.771676241595,53,676.2111029239902,242549.2595562898,259,3,1559.5790880599807
70018.55288307392,20,479.93169850390194,172359.88990597165,15,0,859.645167427231
39560.90828586073,45,769.7596617568786,221095.25365698332,256,2,2995.8820815852364
48471.31692181946,41,724.4661032634351,170109.44352419738,340,2,1147.0011542145705
49164.21944160425,50,533.4953919772013,130430.67579321175,165,1,3328.9012622891014
78389.02293225387,36,593.655512170578,156947.61545678772,340,0,1890.6733425392558
57615.59390651589,40,588.4767649581464,147915.6505247151,90,1,3401.033346305192
42409.4529241911,25,562.3056321702422,144450.4971315223,246,2,2526.766606776936
90177.37009515171,49,843.3803289437652,246715.672381921,30,2,1210.2106868385385
46068.02978424729,23,782.9106685354404,256328.70801354857,332,2,1840.4575758460887
47921.08805202992,64,630.6260418758303,144894.96346683835,118,4,761.0148794864638
19130.582522381734,22,609.7152969978797,243733.67450782243,301,0,1404.8239874756446
40296.282619973834,51,624.3399810680633,209576.14825767712,201,0,3184.382062593495
35147.10235533791,53,555.5781323228974,231060.89951844062,153,4,2942.085780683163
46556.40180239109,49,581.244592251757,160827.54267588732,148,4,2602.1995727320236
59789.77198047018,68,796.253820123838,258113.15887333243,299,3,-266.3248441097221
63415.81583083696,21,743.2568163556623,181515.751326964,359,1,2886.8201873517455
39555.04316588996,32,620.3617841792227,93548.76892025581,51,2,2010.485667795096
39451.430250243946,69,846.2586598624167,159159.75297497015,241,0,821.929465422063
64226.04303617233,69,671.8472428069333,211985.12987146102,260,1,2972.2544472902673
58296.060537970465,44,742.1330168145284,337149.62315187627,64,3,873.2317092628205
79370.58154330349,52,634.6361715326078,154309.24494666466,31,0,1609.8632446184295
56666.83700432902,24,621.4300662388866,219929.01068335975,277,0,1208.4339343032743
23846.383083193585,51,580.4360210992162,135322.4684516871,317,0,1331.160401377966
53730.47651143264,53,588.3247144980475,250653.38890864875,196,1,1137.7310585435478
24894.59181057398,28,602.0883346500758,199770.12790619922,32,1,1252.3071317064268
47912.71328624202,68,668.3439955714597,154504.4185156497,23,3,1977.5366967705988
65260.76887563247,68,663.5415596928103,188865.94564210164,160,4,2239.5550581386615
33752.41353873818,58,646.015936428817,247068.17489053353,127,2,1047.6636857160956
45170.26097320308,29,606.3092793651297,41476.33664542163,245,1,1708.8126101696007
64015.84760033893,35,782.5516556094888,164003.88314473524,255,4,1721.068656164217
22362.303057588855,31,433.28225726504303,225738.3449313166,174,1,1357.3174625710012
57949.926428017774,47,481.0405724955316,210527.11845826058,308,2,1465.8891234206185
62209.763832207245,55,654.0381121264992,188769.1850129614,92,1,2094.2721081873888
42266.89331616184,25,536.5369894545373,242510.5204483465,186,1,2807.3713723894743
43127.24559429467,29,558.3018912018381,205292.24664523138,182,0,1686.678886842782
43195.36479925166,30,654.5485348304951,188696.73427773136,244,3,2165.7326125340837
50075.45773606978,28,533.1078592098337,267042.0933165589,229,4,1703.0329599837137
54522.65953764451,23,575.4578829067435,132164.1128311361,246,4,2904.0380062339104
43072.44443041209,24,626.1263941532721,269190.7447561434,310,0,2720.3383433270637
49871.339523510775,57,658.007826762397,182663.65889881825,348,0,2489.506040246213
29392.75836666626,66,700.7183929805387,121803.32456421247,290,2,2572.78333877643
60205.242309705216,32,537.292931189686,213944.0133697642,140,0,3228.6955079836002
54084.28103623114,48,839.9007452626972,228932.83430032793,133,2,2325.375573298853
43360.110005397815,43,511.2496782483603,104768.45455525804,67,2,1673.6415404817699
32084.425254237973,66,397.06944115420083,120784.5818669209,313,3,3200.9931629551825
62238.50820941959,31,614.5003379425747,176744.25047695392,139,0,2083.2112468341325
56920.852122458076,62,836.7624598318818,200128.4617838062,41,3,2877.5371588497237
37652.04411460401,28,620.114695241203,209758.5063234026,23,2,2571.4740124156747
48922.46361178792,22,745.93507758052,213024.87602490795,46,3,1496.4495612749752
51325.4863691526,35,753.9928178886095,193550.84806846688,282,3,1767.4640505776526
44491.109435081686,53,547.3013943106605,200130.58962365138,336,4,2131.2903327630565
43111.230155934085,67,601.4187235013347,315978.6203529203,120,4,1627.9754654462192
56082.98204177216,35,679.1675612559685,232199.8279112824,162,2,662.9604753607043
52221.77167377039,57,597.0863260233305,245110.3628681902,261,3,1880.9968988036792
39921.779329214376,32,593.55650295078,179353.7840922479,32,2,1933.6038099659584
54772.25474138368,25,805.6609294980752,178245.06218914164,347,3,1593.862330233933
56237.29129259238,61,706.0842269996248,264442.28311175766,269,1,2796.1677012473574
43432.90472460032,28,710.4308265484862,240771.17615564092,308,1,2852.028269264265
68146.4638975561,32,520.0654937413998,279490.80926929263,246,3,2306.770928818515
38851.86141908364,46,619.9373401124484,302450.4722394096,332,3,2128.3163674871485
61536.020713639955,60,554.2054894415608,227458.01363675683,330,3,2060.0209771683867
36257.48018796691,24,640.1792237925001,159225.27493300947,254,2,1618.9766843718867
70777.76018814642,28,670.3054882342581,187701.20276132785,334,2,-237.81890797497317
56294.95052339659,63,696.7326818801095,201164.54125899784,112,4,1953.9621830757183
72088.21299579204,49,590.8165198083327,213225.75866810462,188,1,2165.5266359332377
67254.47923916907,44,739.075024885185,176498.80423929033,25,1,2562.0882325898906
67369.78675495536,49,644.3618925344592,172368.1443690449,82,4,320.59077018734524
47822.19475397967,49,777.9335772602544,162244.9231968379,91,0,2067.4316152201773
44391.10914189532,19,617.5682397399008,188840.34014636066,277,2,2418.755927317523
58236.26371930783,66,629.47853041594,156564.6582353559,71,3,3650.769040190454
43610.312585360276,53,743.0805947841279,201845.34936931418,77,1,2316.9169590968613
71947.08767169522,25,632.8094315614401,140150.2460873166,78,4,2510.6817325124666
65348.078290481346,69,760.3865762754161,240485.26067353028,72,2,692.4296211233047
40883.01095586735,35,408.03738140445046,169542.44627552418,86,4,2355.5805595146535
47101.10126950526,56,673.1567272860606,214177.6997478412,118,2,1869.1178966826765
70956.60023119167,63,591.2824224674646,102487.9457849729,137,1,2213.4148308510635
38151.369619443154,42,671.970903289654,135140.3480849142,176,2,2259.188157180369
37323.44030962929,59,642.838954253854,185635.5521993442,12,4,1242.109283287733
70681.70147797956,58,645.6169982274218,237484.5084080434,185,3,2941.27428032701
64380.397888564505,27,691.0654280961674,227169.31259199267,210,2,2585.3188314913114
50661.76413479299,42,712.5484323245141,324648.70636242395,228,1,1610.9266990305462
49583.77444198115,22,530.6183527081927,150197.9702490948,83,1,2645.6185928126347
52984.80574272355,38,560.672945579281,242011.5667510672,202,0,2056.0934612023334
50113.904319246736,40,583.8203099723991,95433.43168454555,317,0,2937.3720497537747
71430.30711572248,22,725.7047607332772,149727.58762643882,46,4,2720.6309622885265
42058.28399223715,36,616.4041100195846,136779.48552961322,128,1,2225.0321669623213
50953.614207123035,62,673.1547971647989,206211.42235884076,334,0,1387.5738983213569
44327.10170514942,61,629.6634861895966,238739.3832534792,242,3,2353.215307375481
46991.362414079056,31,637.0605345735146,199837.53989734527,197,1,2288.0145268917445
46118.66788327832,21,947.6217255618228,129104.0516865212,300,3,2520.521750173938
46856.47814695195,50,692.2359259326628,214578.44079172614,258,4,1486.4774028758557
40460.389517958676,25,652.3801536583026,291781.65480691096,322,1,2007.658959593002
57516.05470796304,40,576.7422775756279,243065.57430276865,127,3,3804.648635691376
51505.21618960605,43,707.5758220153637,151988.54559379024,348,4,2290.7026593147857
52263.88173829156,49,594.1214540026315,251107.41063001548,118,1,3545.5911957426924
32721.736410092475,52,570.1708790347792,151283.43324758817,70,1,1039.8225999905087
54337.06263493109,34,392.18991199040175,182064.41661942302,89,4,2719.7057492683216
63425.770995506646,33,532.1772755811306,208922.6795826322,49,2,2186.4177171074025
35877.74226728408,61,539.2008963592325,251485.58758401312,268,2,3349.2572496565526
27497.812006713117,52,489.99727959789925,199585.0545910037,159,1,2145.9167832717685
47560.04455557268,24,592.5657775535126,140177.79647190066,291,1,2626.324380466712
42666.97992797623,47,638.4216914206831,145168.2425734892,37,2,1407.7333120543249
77722.31140312065,50,700.4586214861376,269887.6048861807,89,2,1323.4007734224592
61157.94599617462,24,450.7318447229356,259542.95734329592,269,3,2364.170355437593
45746.54258311063,31,782.6626263100679,257414.38936686638,198,1,2468.258400466059
34065.59673604528,43,620.9187576299796,244811.57372200827,150,4,3123.5856036182645
75651.71109169401,28,574.7778624460517,170352.30713486698,171,2,1991.5215875516126
47585.72274318153,64,702.2873443876367,243847.30385095003,170,2,1505.9497528486127
42919.708002449624,66,719.602890206,225548.66130649683,276,2,2176.0581699540194
56539.918166013376,52,504.30437843352627,250729.69041963344,102,2,2871.209257837074
59746.862655436715,48,645.0582713119412,232625.636738652,204,1,2332.4364910367576
28878.976490838864,35,721.679561946874,310654.454378503,254,0,2455.143684559755
47134.17095713078,48,751.8158476332097,216105.45480682046,296,1,1752.0115220638058
49378.073157381885,22,470.68381724436824,155729.39163472885,84,3,901.5216118091528
29595.735842395115,36,774.0606484760049,219778.46196318392,144,4,1147.0701103691113
33829.87585551868,58,571.8911438831732,193202.02701862346,167,3,2834.768298080664
39759.61739025788,26,841.6125377637344,221362.60492742335,286,4,2074.8844913109997
37147.67815599333,60,612.126981666651,221222.8089717411,200,1,1579.8101803602472
63519.46840157893,23,547.2797274376144,259261.81515347946,300,0,2003.2591639833136
39928.88743763554,47,588.7547161255048,224833.90528417614,249,0,1145.6679541602248
42329.394716116,50,789.428530186084,236150.5882903672,83,1,1297.436142764514
58440.479218026536,59,558.0062377466598,137813.22261515766,94,1,695.2575877286768
30532.849990418785,19,860.7388899861094,163606.79002602582,77,0,2182.3253804286555
26651.45614535601,69,759.9540484476524,195616.91282532472,306,1,2239.0292787329286
51237.13090437674,55,616.4246102666185,189252.57389804535,162,3,595.9440154169747
23273.955197906842,18,711.177827981797,168258.33229381085,16,0,1512.3728620286986
68544.18697022967,58,588.6653012214629,130261.00921074407,237,0,1074.3440040916753
41582.51619409979,52,667.4074110630634,231649.55956539628,76,1,1772.4831952731913
50655.38273121257,66,599.9881967467134,209346.82462319342,357,3,1845.7609331598305
51132.318468208774,48,781.1239240467761,163081.65873474034,177,0,2369.4130959147783
38121.86192440972,68,633.9515737363031,254378.26420232147,298,3,1436.7707186406515
49192.82498391111,42,641.5076569754852,226227.5099665656,267,1,2400.21195469682
47825.02983060677,43,584.8668185604286,247083.46002345288,288,1,1489.168981119615
42962.944985780894,36,675.3261399743989,248534.00088415592,28,0,426.6224584810666
45870.29399638354,60,596.0037824651749,232829.2730195239,271,0,2058.4226317947146
61972.81108465046,52,501.6565591539485,243155.2636185675,12,3,3252.39006533727
62313.52801163739,52,599.2873329551481,189206.4809583516,268,2,1265.9535319521879
14968.769269104268,69,681.2755870210946,250367.82317253487,237,0,3223.3540718264585
58531.77312744557,19,741.6581094295736,203946.8700685348,112,2,2661.028948909687
69750.24531478218,53,693.2144667870159,301232.1771011465,315,4,1335.6915238106267
53509.50838460116,36,662.643005012759,241244.61211871126,315,3,3015.533990558077
23026.048915940555,19,554.4968340401235,170233.88754543825,25,2,2797.986575982143
35559.986450033546,54,699.3406775467984,231243.82679654993,131,4,2065.6221060290436
49784.03837678502,44,751.8953755496319,233234.44968558423,320,4,2385.712161308406
65810.29100246687,27,494.47773548800046,272714.3983743678,173,2,1126.7377580425311
44355.11706385104,28,924.5173529827937,91573.9710233981,315,2,3018.8328064354755
58458.218758980016,21,788.5564400054211,140167.65588199356,26,2,2778.6465980221847
48866.157144246245,55,793.3093627241851,173151.29517885268,139,2,3161.83723248959
32188.570857140236,52,605.7694644646145,291500.1398533378,29,0,1578.8898920136517
67163.88096915823,24,616.3450062499506,205510.106264333,156,4,2346.7771630911534
67040.17898656585,45,599.0160586417414,184177.91091766438,257,0,3265.7501713752044
78756.93561334285,23,655.7747390072511,259697.3534435695,40,3,1555.8420024579073
54600.89856308327,34,694.460489915667,146699.78419291478,161,3,1264.9708573921907
87094.48786161492,32,759.5095959487967,206428.8545396595,138,4,1975.3505484447494
35370.53386888862,24,733.3838652772682,254656.4205056587,176,0,1713.5804045441803
33138.22536786836,29,799.0374548727251,167128.89415963413,306,4,3754.56588685937
33640.54708328884,52,651.5002658382062,189024.00622030618,224,1,3211.190721551973
37276.14292476422,42,756.4945834705808,205111.28183560606,193,4,1654.4656911078832
53243.14010093283,32,842.7865967257251,161300.75982736156,350,0,1457.381950024696
63175.95631478283,29,592.6153173007448,157178.34776706167,138,4,735.0829363202986
42147.2869235548,62,758.0744159350824,171367.3627087872,310,4,3196.8622256385893
41244.62240793005,30,558.4773682708741,250519.421774429,343,0,2692.0777892732103
59358.45422295407,47,628.0798803149083,153006.89005645426,159,3,1841.9516738226885
46358.03262914655,61,649.7309824809347,264809.77791321295,100,1,2127.3272165099393
44903.2760036052,57,752.3732721243509,157577.0357745331,201,1,2509.0421674707773
43394.95825552294,68,668.1052858845259,242393.50100716797,311,4,2421.7839728596678
41952.10686773557,18,638.5856511809872,179335.1158355753,340,0,1155.5483926265915
28458.70846908979,57,833.727281059503,189405.47807519173,303,0,2171.982121121315
32733.544415859782,20,634.8963404853953,115485.21297817414,217,4,1251.165983422109
48674.14246448872,69,744.2041646970264,173555.69601700245,68,0,1943.5638471933312
68039.65939997631,55,654.0917083309772,242905.74855232058,241,0,2529.305807841998
49494.746267159615,54,559.9297838898098,189874.8707024469,302,1,806.3452085635129
45969.61021064761,49,722.0700758219704,121749.31158254838,98,4,2423.911352692056
48902.1481710512,46,694.2199030494143,213337.8782342938,51,0,3178.766973472666
52214.98517815492,18,767.1532455037941,194938.4052019712,77,3,1790.5257393996842
56950.04612201519,60,422.2817010190241,182761.4069903772,15,3,1923.7427760265516
46167.96685212674,55,391.89731338369234,182264.28304310702,234,4,1455.907334779939
73987.96138706182,27,764.3259635831413,167653.10240453013,332,0,2826.101247881191
58243.27344201824,26,729.4147850907208,185838.45890027168,158,1,1815.411101588631
86740.26487994588,54,680.1585844310393,226875.81554057135,245,4,2626.308040993823
54105.44867553499,59,688.5692152710881,190413.938269916,88,3,1782.1502824017718
54944.25041778572,59,723.8323501521071,116188.12045494135,104,1,757.8705297641936
57161.03925896644,53,594.0615187783442,229920.19852676275,15,4,2753.084918355063
32382.659786019478,59,700.0633483278509,189533.92699839413,21,3,1861.8418244184877
75909.98308830816,57,487.01588838276456,131422.16583574447,69,2,1861.7692851032698
54450.75097950214,66,633.806576936526,227642.9374165403,305,0,3661.3071872778573
47784.458385459824,55,875.9345678984544,226196.75189568163,266,2,1243.1516237108733
53807.15742894819,18,893.5005026845936,224116.58061815222,52,1,1604.5939565118915
68304.51019419245,34,760.2226746810807,191601.67638361265,263,0,1037.0733897477296
40828.63090138302,35,695.4780313167781,210882.88015274453,255,4,2604.4588723192974
46362.81654941747,27,714.2823903068786,252087.96908401692,99,4,2353.140589680484
72929.87144354866,32,553.532596935037,170506.96166525115,213,2,2253.9023784147216
73951.74596680196,51,617.8685604054896,233369.7913323029,240,3,2881.7848838228338
22004.986781651416,69,544.8638269995353,187287.93200490167,14,3,1056.0001164284154
35348.085649715744,23,617.1104294442814,237646.71322960427,237,2,2588.950793818112
54555.54389140183,55,792.1240031306213,223002.72424651717,134,2,1073.113684420381
43433.88476723876,63,565.6500838771001,216467.21649871394,219,4,2603.5618804900305
49838.486081866846,58,655.646669571135,138038.65035221726,176,0,1269.504129130296
60456.56729445228,64,562.2370897573513,250980.96469153612,270,4,1445.857589622149
40759.62683582879,43,531.4783047385959,157569.66569134506,206,2,-225.89597030085133
58861.623598137136,31,691.6795540831489,183388.19724538628,84,1,2723.041860669282
57946.612341842,65,652.0439414032664,210011.91493136724,173,3,961.4463045567863
35599.56825931409,35,533.4876084677819,149961.90562040504,98,0,1296.2858018247139
42587.762817536124,34,654.0711811399443,129098.99704603016,152,3,1898.080457000532
36164.209384371454,36,657.9922829680614,225373.69475362435,343,3,988.7102678215554
57994.52788319911,57,470.5463200778729,180370.11416534177,124,0,1457.024771844377
42496.336580687326,26,627.7971727355851,96197.93839208997,137,4,1344.1350469860392
57936.56271348355,36,643.3769064689386,236641.86290886873,22,1,3525.8898336187904
63943.7254231257,53,754.6098258171331,185102.74922210368,281,3,3146.465748173041
81740.4615538102,61,884.8854831838215,236866.10518434088,170,1,1253.6332700873152
36246.41146994269,67,681.1118350712708,257163.87207763203,20,2,873.1979706532215
37283.666631586384,39,632.7618644718041,221671.57895543438,34,0,3442.4174888799103
54603.977789872886,37,717.5162776681112,184074.94707944468,193,2,2693.8469219245376
78892.75150637889,40,561.963002432472,241368.33651253156,265,3,2700.1937534434123
40015.37641662707,41,634.602496534585,182046.47988358862,92,1,1318.9302607099416
43670.208542606626,69,798.0399946653995,173150.71545086047,234,3,1291.1182453683737
45779.38310376797,25,691.501013134875,128370.62871467047,171,0,1021.2882975262124
60022.725862393374,29,707.4890016864548,197439.80593994484,195,1,1466.1710590679413
47450.34157019456,33,662.0608472371486,219173.307725378,280,4,905.774255068565
50863.565663906316,33,833.996366938591,163197.78918638354,168,1,1901.1098823800885
43481.78651707867,64,642.9346597749965,210948.15520041352,200,4,3095.726244433062
26312.5804485806,32,662.8622756545475,240158.80864760012,152,2,1168.958156026979
64290.89914397094,65,848.955318073406,295659.33531025826,18,4,2948.0214950877858
82845.56775066636,23,778.8180053369913,217628.14927269172,312,3,1922.8292953578946
27851.85035070404,69,632.755723681484,313533.15153398726,31,4,2662.9308339091303
56990.75857340363,59,611.2068748519197,209029.54219745594,39,4,1101.5724448696158
59563.51209514335,68,707.1938088174104,166694.74819847444,176,2,1605.6190001153727
77276.8554527009,37,536.2311989665521,253543.47287655048,293,0,1604.3998797537724
50129.36489408796,67,759.5857432576155,182283.83537618237,54,0,1930.6541384425477
61014.42755678274,36,683.0300678831669,262291.61661591905,188,1,2016.5932701454283
59815.00821627297,40,571.130517335882,244021.97459099125,132,1,851.7929540746572
60643.73220270164,37,519.6803816241845,195140.64769371558,136,1,1975.2082416946394
44391.731357062505,21,744.3603308446568,186946.99887051538,354,3,1907.7469470241645
44556.355681096546,24,706.5213363599484,140234.89736797792,38,0,1250.418278527413
64639.53390400538,28,669.5102638288763,111893.85639238855,193,0,2681.2245020173996
51548.23927063674,19,572.4354382796105,150830.38923231733,298,3,1343.2311503610772
49381.12490137532,47,623.1154477344746,185284.45855120022,238,0,2533.466555048846
55621.08131821999,56,651.8429844014319,127442.50840876062,111,4,530.6374264288418
51498.16057986882,52,457.4663618445557,180482.44563837923,352,3,3016.649022514346
69118.52451606393,63,732.3639546759116,220869.15963094786,226,1,1943.1214154624538
42098.37347119789,32,472.08833818870767,181420.09185971442,302,3,1987.4037689774136
27965.704199259413,28,554.1378436095293,159482.42738358202,48,0,1832.5991335977585
60521.676693280475,64,610.2118794045846,181615.23999977484,182,1,2131.2708447782006
25797.00536229389,67,659.0147266618676,153852.81551301386,186,0,2719.027980945209
42335.276648587795,61,569.5641728379885,161699.7005486844,83,0,2968.3387493601494
51950.06096089499,52,793.7550406247885,142477.94093783505,253,0,3903.6690621335038
52735.768876552764,68,717.8686473670521,196924.23663743603,324,3,1030.4928629236438
60580.494083192985,28,752.3960198325252,199663.18883982458,157,0,1029.9587856157043
63100.08155355893,33,593.9940936016818,139773.4046658331,357,1,1939.6696797162551
27559.14349374557,61,818.2221021716169,192684.20298307453,193,2,2611.176589463389
54130.044258000424,48,532.3140089431479,202907.11389767358,247,3,2532.0371526489703
43710.20091600415,26,680.7188420654826,204486.63456708283,343,4,768.2648487177341
43528.51526797078,19,453.0922153468463,235223.48927824493,264,1,2061.5439258103493
52968.179571714594,33,865.9790240236757,94267.03684384532,87,3,2902.6408288490275
65628.36852766371,19,756.7000316084332,94946.94699945585,148,4,2986.813300729819
19051.210998525996,60,526.8099125779436,201911.2429702918,12,2,1796.6687648951215
68042.9341721679,47,725.6318933558894,172195.7035260819,40,1,2404.0572187278203
68418.40082055825,24,657.1730384898773,187792.77644159808,106,4,3065.0908913762833
44145.03183962764,58,692.0140442326165,199827.7521726973,184,1,1643.336145252932
38035.3981003657,21,686.7304255988524,178967.28217684253,236,3,2446.4337937718415
49861.366773845824,22,610.878682739516,256540.9846357383,113,3,2522.7848412941203
34210.77979675299,57,559.0348053697476,202513.54128995884,41,2,2498.2321854462302
15816.904401683161,63,771.8463221513981,94116.05304018653,67,0,2211.7684443660546
38986.71388140187,32,560.3018688337698,242581.47123038914,127,2,2277.5707272319387
62627.600530742086,60,657.8073742223445,231859.92596178775,258,2,1132.2102137493416
43241.23168287637,50,675.6075856299681,228223.2915035468,56,3,2477.5636271971966
37269.0344034464,25,562.4681342622928,186131.16076564306,150,4,1362.6291659573153
70352.96730591076,48,655.4446815534915,276835.91880307614,270,1,1082.0999906449026
51610.23815289337,62,427.9182016943429,180096.25752914953,83,3,2507.2182623957897
68839.52905203988,38,523.0385686490787,204172.50238632382,141,2,1230.4173133471631
54746.52783269556,56,590.6981777141717,190106.3745769026,34,0,1405.8218140410208
42170.48348633372,20,631.9148547614424,209239.72990326094,337,0,2582.3845327003464
18125.55581634567,55,557.6836881355556,205334.54261577138,194,1,2267.3929396912304
42084.15055352142,42,609.8982634453295,154015.4765476025,122,0,2191.015342512765
30742.341509866783,32,786.7423546840514,168318.12214891135,302,1,493.5659792035244
52596.32859731833,50,557.3090973019857,191695.01225284184,224,4,1640.5236690015417
36104.041702344126,57,580.4673396833864,292920.5357874589,267,4,1878.7012498253462
72314.18771966352,65,774.5725178993089,162031.66032013594,154,3,1747.3831859484055
57386.34849578225,39,716.7257672082151,221739.12516524774,84,0,1876.9511547960767
66409.19561368265,58,648.3419217861467,296420.00243140303,269,2,701.9053592787582
41940.74352122257,57,827.3564675925874,235218.215729283,18,3,1098.8453630945382
29321.230841348006,23,658.4128333161577,258841.02555368704,12,2,3008.249366703484
51058.17953195007,25,693.6593929144765,218322.01681138555,346,4,1976.795465443238
56408.8977229196,59,609.9103444680942,196603.71741300926,215,1,1557.3098157858883
35270.40475649404,58,743.3136250270455,181021.67484159535,301,4,2792.969873443002
50844.85646982499,65,839.9682942251757,126193.98751829354,98,2,1872.225441776365
43883.53456738331,54,618.5301926002344,139726.76404899056,325,0,2735.507132255099
57911.1090045954,25,585.701375536754,181218.596436053,292,1,2566.4367950633364
60397.29795122459,18,615.1250954358496,277140.10872968007,258,0,1889.4097663632294
43333.90244076461,65,682.9962072046378,199711.3714055143,322,0,2121.579309347759
58026.246045601394,37,589.1864549664473,196659.29218923146,278,4,1978.4658957458762
59902.671823409764,60,534.9654668465698,175125.93328021542,39,2,2968.9569687074236
54674.75140887438,61,770.4242834197146,237968.55560378393,305,3,1608.114969971225
58977.64057689786,38,673.3203974661119,164093.72356167855,13,0,333.29385808688016
49058.87439004138,31,556.1651660149082,192995.3140850023,25,0,3234.5199198471037
52089.32366297866,40,711.0540924749172,205121.55507030978,27,3,3574.37249284228
4365.050731295698,51,764.8948871428474,266576.3169963458,213,1,872.8256704096209
46481.65042888588,66,472.1163619108782,174706.7291529493,217,4,3368.076758057878
73067.48041160563,41,577.8963123511612,256807.34950190497,327,4,2416.17618794198
58101.07528059826,59,726.9897032092784,331065.77075124125,20,0,2880.5474702113584
31388.903401738262,28,765.8317504618841,228147.60102212252,302,3,1474.0950585820767
53305.40218252174,43,774.9334938379923,178294.79510910992,261,2,3317.782652180539
76742.338311369,68,630.2567710450414,205761.21390042952,138,1,2270.355853321795
60705.64758325796,27,687.6733953027648,186919.75235865865,354,4,597.4710091169852
24747.975929286833,67,797.8588955489502,242650.0323709048,314,2,1982.4836980588982
64734.712102711506,62,452.90572141177427,252772.78618416906,80,3,3043.0520527182134
56165.26642585306,67,434.8362165913936,238189.5328258363,196,1,3259.724016928687
82993.57621485266,50,513.7151721379223,259900.6803162623,146,0,1253.4819128323386
41048.98813806475,52,588.0686153708502,245998.6304935022,250,0,1286.7709693318052
29544.44021647432,62,645.2640997081883,231797.85810847784,292,1,2276.3775089468586
52699.987933491706,68,734.5265820864325,207103.29944136515,201,2,2087.2533509164105
44094.92060920362,38,641.8144182186842,238786.34207299893,291,1,3696.3281857546262
49055.135970472635,52,690.9807773779387,200011.56618093894,103,4,1291.6683534880253
48912.674567064976,31,742.3359095316508,179104.47278667186,231,2,3163.0587787555974
74418.00403782641,63,710.0943426997429,221362.1382247579,181,1,1335.1121016457546
62641.35210831696,56,655.2670325929531,220383.0206261079,29,1,1470.0007294029406
34795.17160137743,34,492.6763166380498,136403.3283721878,314,4,1787.2797648703113
61559.88084655813,47,620.4714789621047,144142.93471399337,261,3,2915.947073979928
43891.586212947266,67,699.3454547880991,210247.66654394823,158,2,2019.9762222466495
45803.94357539988,50,599.0133914928592,292212.5841550388,287,3,1514.61383381119
32939.624143291156,45,744.2168030104694,260126.7247812733,113,2,2450.2489273900383
48901.75511222981,31,657.6457965228524,190778.39651663488,247,0,2507.444953790247
61676.35447344046,39,580.9931631261938,209152.16424197075,71,1,2403.155465835592
88712.73950269815,19,606.6361841285566,181392.1402597785,218,1,2054.4818767917363
56683.67576249207,37,660.5311051078049,179969.29558777108,232,0,1598.394334446995
27714.665378227073,42,791.358075016199,282617.4514440726,270,1,2184.994586365971
83310.3281406124,22,621.7919994731465,356703.6849195729,324,3,3207.234499586091
34275.44621210545,60,845.4638847627017,192633.6108998465,352,0,2098.570793363503
39869.49793349874,55,657.5437805447001,130316.54915777958,134,2,2441.1687568392867
31247.77484692014,23,670.9424617974645,328396.3212227155,48,4,1010.7732085283466
50029.23847505156,50,740.962986701213,268669.8879222744,65,3,1141.5547564622716
61080.56723395726,68,890.1340547203641,225026.03210122607,35,0,1164.3248894251797
42136.99442286084,67,711.4018558813755,236708.91366335395,86,2,1516.302466261132
34097.044660927684,63,605.6240167887106,223758.48734567914,240,2,2526.855299297379
39078.705344186965,46,386.24057216481987,282262.5406867395,324,3,1819.5891630054732
69390.18869138579,34,611.0121991689889,206262.66752682728,67,1,2788.0900645089937
37046.86225372524,68,650.2581266936376,169716.845992916,224,1,1121.9252038770271
36219.967466763366,19,631.0807551877655,128208.77034177854,326,0,1222.3063904035098
71568.9706915751,53,787.1725390741613,62745.34661795563,202,0,2541.2771452915836
75184.45695134593,23,597.6990956646569,189380.7502410569,324,0,330.5983811869112
62160.05576930572,23,561.6277856744471,188262.6517711018,67,1,3211.8882221488984
79344.66413357302,38,736.3658080237358,172135.730015374,183,4,2667.5357452867784
64621.30020249214,47,415.2538199872785,136302.19821714994,258,3,1185.3484060949431
14051.510308399658,63,543.2512672895261,225343.53395088698,141,3,3021.2053925927135
42382.76105410588,35,571.8275642091929,266937.36621209775,352,0,2752.2313553115955
71998.34880516253,18,669.0796522750907,189907.66041487898,194,2,2619.6008045952008
71009.12769859043,39,775.8017577934365,161998.89768051362,188,0,827.9109235431888
35981.95610143716,45,553.4901998641083,223619.86817657982,53,3,1988.058387559332
34121.04161290318,67,673.4556998034528,163074.1546420738,124,1,1261.4144527119922
59659.55467545417,45,456.96792865054493,236153.45127797112,305,0,1631.4330896259164
65288.21651102912,60,583.5780568313726,180496.85224504242,218,1,992.5609795698651
50488.91943977764,52,535.6501519976813,208113.47937903603,50,1,2611.6023169887217
47080.13209976128,43,706.4008044286891,183363.04999862766,336,4,2812.976841461771
64867.95795227167,52,615.1742219213281,192804.59867038403,170,4,2110.2370639796136
61140.678925360866,56,727.478111988926,164496.78822215987,159,4,1099.7991001463392
53556.1139973266,35,454.81634003548857,227358.8889730524,257,0,2822.7026517738586
32759.273426268213,62,609.1666136403132,134452.64573768424,239,1,1603.1364142312846
32686.066864852433,18,857.3221832776024,175347.2937433165,338,3,2293.773815319462
33736.39192236743,24,605.8127254026895,251120.65277018002,283,0,2167.2172962519094
29962.327667109967,25,727.9791401160829,178061.4815144923,116,1,1669.699400741752
57442.5016373931,51,816.1939875574191,172214.63129693049,196,0,1740.6138503170405
45598.57481957371,30,718.515344799439,246524.4909345266,130,0,1801.5223342134016
57804.31472051918,55,741.1878216635836,159614.3637682334,203,0,2242.9171805994206
28467.858635189466,44,627.7526718472534,199054.83495571523,243,3,2404.950386710361
60430.42911547519,60,837.2686463807461,248537.20697932492,293,2,2113.4821833110527
43345.69612073469,56,552.4264457560059,209015.4185367438,329,4,865.6433948448939
50003.38165468874,39,581.1578901147933,161584.2408928491,109,1,2238.6672904086017
79296.24732993473,49,535.5804171244365,96028.39481379099,264,1,2441.666685717614
48435.25015345432,31,648.2268797667118,197094.3580096796,190,0,2474.0059891432434
35150.068800069756,60,607.9713613382437,273701.0957302325,35,3,3361.645341749422
47605.798132279684,43,533.600490973178,131666.37353519982,291,0,2019.4136333430547
31204.16261787876,65,615.5787554893072,215446.5168578049,198,4,1468.9573095345454
69929.99712281753,44,815.6656219429384,180994.60357000795,159,3,3777.4834560936592
45269.64829043156,67,765.0776653328744,254891.58780939892,310,3,1490.5140185743523
39747.12513681765,24,769.3700605356212,193775.68122493566,104,3,1051.2282171921893
62887.1600233578,31,856.8255390689565,126792.59280523132,21,0,1124.6274235977144
73970.95317129638,58,471.1153649903546,124952.00131729011,47,0,1453.9503589263102
22937.827748774078,47,724.9304465807469,286874.7651624358,279,2,2859.764983012733
25904.596177142266,53,728.1461931700492,158012.17860553708,113,2,873.9357834407613
51224.28734761014,38,580.8755164727877,162439.31621025718,197,0,2072.6146428537018
58248.27725773229,66,694.9146887312579,188771.68900524563,200,1,1450.7531520424718
50844.86868872393,61,555.4475742442887,151400.52225771296,224,4,2550.7446886920948
26388.24970578439,58,515.0109821119905,173376.43283114347,52,1,697.2928204067782
40433.497591912186,56,640.1202170315457,188002.59706485752,55,1,2563.387463471884
29268.519799633516,69,703.7292129132478,218823.1675099054,32,4,3340.0176271214214
45958.04228335198,43,643.4552911567074,104907.55363348284,284,2,1588.6447607938462
54352.66471799404,66,679.2515710641613,152301.80734584702,149,3,2286.0084192456234
26282.62689345042,62,624.3193118732387,248606.9632263805,348,1,1946.9765581429513
74015.79130854669,19,731.0975731023663,254213.0527109574,306,2,3135.951486149387
63697.914915058034,19,632.7032593281509,265718.3196094304,321,4,1237.4656159388692
21763.605269754487,32,448.37734225210204,216816.63027577623,187,3,3566.195333831633
57173.19568430449,54,701.7477274546266,197681.21178780682,93,4,2244.428137243778
49216.82814246413,61,647.0719577456555,197741.78426167122,182,0,2641.0809465431685
39730.45450800566,63,601.8292141309623,226358.21701285464,138,4,1840.574721415598
57059.27407026076,32,640.8332901543595,219909.653988818,228,3,1782.2275979031908
63189.30259085407,38,566.4346047340507,226430.63505578408,94,3,605.8267064334004
46002.12743806309,46,853.516101064213,196897.2819097383,357,0,1887.9045033743469
49709.85858490296,39,725.9409732562488,193552.9170535472,98,2,1728.0773954619638
45381.0877704786,55,761.7492107591829,150077.91358766524,37,1,1198.9661953627005
32040.46047410509,63,669.090547411118,139221.8694523658,184,2,2257.1024366588395
42081.662299147254,55,683.1851019977564,204768.8290241164,320,4,2819.501786691996
76762.26462648479,58,590.7640759355486,217987.20265740305,142,2,1881.0205025209696
78863.38361746748,66,639.3252898356836,126006.77152076256,312,4,2335.6980488122417
28378.191708400358,63,834.8155303277913,143182.49872327692,228,1,2676.651944788911
50325.32171430122,24,744.3048026924334,204664.42351108973,204,2,1696.5811889899865
41348.92291273245,56,620.5657787754138,160137.0995352518,133,2,2484.9760486245145
48389.60940695515,32,729.7636919135641,196680.81300580327,58,0,1314.6662526146497
45038.94171808315,60,467.80021593691583,116174.85249655372,204,3,3179.5549301205947
46064.82845371898,19,509.03454785548377,133552.93611585157,357,1,1897.433589700812
39232.583258443294,20,701.0541836981007,201584.90836488723,16,2,186.20465086352283
44566.65104346288,26,724.2645888953416,341055.8602562904,191,2,1858.8344671479922
44175.23461025108,37,693.6402446696865,189470.98258114402,295,0,1315.2540595131622
50106.53220682741,62,671.6366898474535,256087.50166663286,243,1,2338.072657104446
60841.91894996434,46,715.6147266842032,169712.62267462193,284,0,2907.8745090301336
52048.28645155366,26,619.709932157906,213479.8986792002,242,3,1050.5506538080756
27386.21901835662,69,699.8357298393578,125840.42945556808,184,4,1273.5530707240218
55635.21515894708,69,705.9711045428277,212239.46847217067,178,1,1598.1126015961488
48003.27340767611,30,507.2803919004217,164498.72410634777,275,1,1868.7632403080293
83695.69353645926,69,833.4097472785588,188453.57278571808,286,2,1600.1148505178917
78907.71906169184,24,728.4924598520342,123250.62690916337,229,3,1341.9645707989944
21158.337049447066,50,676.6229988784944,59594.471260736434,39,0,859.6748127532751
54478.92372096625,54,815.0550083060092,210511.2483364811,255,3,884.1253653616293
23689.734256379135,37,535.1701077172685,291822.2297459446,165,3,2119.0822093110896
27998.870723047985,35,651.0524235162833,198281.2024889417,178,3,399.86061261423424
44731.867589518515,32,642.289288003739,121899.7403313739,167,1,2133.0534062863067
44160.60556676031,49,795.8526408079979,172101.41014251547,256,2,1082.273520225101
65278.215852138776,68,578.4257899006706,217396.9470391993,341,1,2988.2641073832174
73538.64378413581,47,668.6333403164014,144292.34040492988,29,1,2338.1560519907675
36134.46464460845,53,474.0241937480332,234973.45953550335,352,3,1875.416741009844
42719.979921519705,35,642.2314785578504,216681.76879152187,197,2,2091.2965722371523
65971.88311238668,24,454.94183277733725,237664.3700883541,178,2,2019.337943676616
55490.63775571158,58,623.4382132125583,94013.72330153553,225,3,2022.3055987832126
43059.70431262503,21,674.1019042445057,152859.9207058264,83,3,871.7845427143673
43621.48180371517,53,550.5832248576753,148810.64062095073,220,2,329.2517655302056
68337.39708432797,46,556.2649298621244,281754.7278706501,166,1,3091.472200225415
38331.20703039599,32,779.0635323354222,223427.1802066229,276,1,1327.8166462938138
70162.79480344552,40,760.8204434709758,215694.1574033654,126,4,2006.4122634195633
38374.82969522863,48,539.1599951278863,220161.47807940797,98,0,2369.584566701404
71059.40942405799,48,424.82487432057763,210125.50045505245,192,2,223.04501646084486
45748.04693579239,33,714.1726563585012,302996.51621331385,23,0,1412.052349853351
36646.084329633995,59,538.9294126877998,328338.45911713503,200,4,2709.938877300172
35048.341020591004,42,601.7801123938264,226517.41790508915,295,1,1366.2497481370542
41228.2596181197,41,793.5834888165839,161787.68667815352,267,3,1753.6522215646994
57990.78927730421,59,638.8648259676502,225470.03087098387,58,1,1847.282189334839
62701.79012260285,32,536.5694738631909,154376.84590293159,125,2,880.2725401736568
58871.00363625126,31,685.7275095813337,257282.2666905849,90,3,554.5550696392331
54075.6187173471,29,760.0553107431082,260209.90665133417,87,1,2129.337094888696
30011.24907031333,51,761.2791735797085,272772.2411228926,181,1,3112.441720873601
56195.24064198609,43,697.6990207577384,265960.2650978195,42,0,1142.439304065832
47646.96773127425,53,575.4450129680697,166655.63132382173,241,0,2718.12881115039
43244.87436500768,53,634.4177999007828,156841.11457380315,178,1,1025.3222002732136
35439.120020446935,59,812.0149677735277,108337.96684325224,65,1,1375.8215570781222
32437.908468606412,65,645.692865634916,212485.17358312078,256,0,2729.6293022412833
54739.25290494862,53,450.42212007164994,226068.80942328833,15,3,2547.517373243075
67238.80836189768,26,744.1747277098606,193154.18075968412,164,3,1719.9001379923686
37668.34185592533,65,668.33268205367,199320.5799526976,227,2,1210.9652967061552
49345.11575340318,30,447.72273506948954,183762.48992649646,358,0,1680.295312631087
38389.00753972756,34,594.0560198459926,188975.2222603792,171,0,2484.9760151156156
78511.2467817181,20,722.067208971872,190971.56754882625,76,2,785.2739401683505
40004.206600352474,68,723.2564408986686,140448.90323405224,25,2,3110.8779536183874
39640.56372854429,37,703.7005496676896,262018.9723822162,344,1,2145.0317619765915
50323.79797133059,24,455.4935931500522,153944.76305404195,315,0,1135.6449462583853
29139.770152281893,24,612.7945623026311,174854.0706832154,241,3,2994.6051882102274
65633.13519029526,65,578.501850634694,155381.9208051131,137,2,2097.5885001407946
44578.48430578246,24,556.2024521804567,178496.7308243347,236,2,2403.380289985483
42171.551565222944,67,582.8354948056873,196491.16346139376,77,2,-323.5472834979623
47222.12100701934,49,532.6527236114584,105361.98038539969,140,1,1189.6503942078552
60532.36601329998,50,810.4620120370323,145223.5015398223,44,2,1949.0724941968717
53615.696707987736,57,591.4779709125092,227636.34604779468,138,0,2382.012139869142
43536.44337505565,29,617.9176908313017,131344.85986907553,99,3,1490.7415771735477
28863.39003298612,38,809.3585946669566,225324.96317453307,224,2,2713.4891828651853
85621.66638723612,35,681.2443633844814,157587.3684478911,70,0,2335.372553316276
36399.86154435155,49,464.80968371987194,186408.20919325761,328,0,439.39680213407655
31538.432301000266,59,712.074332068942,145097.51176013285,294,0,1888.1607611247787
32776.598254214536,47,654.6593788119982,272991.13442719134,197,1,3403.932324628484
43656.94569167991,26,583.3242777551588,164398.2772388909,352,0,1717.3862349729975
43175.803119837525,26,752.4532495745597,147820.951946187,13,1,2155.6444595940598
67125.72180887384,66,782.7078930883473,198224.03313299475,139,4,1616.6538092383196
66426.28234928678,52,631.1680162960066,154646.350986579,207,0,1583.3460704029694
66174.40291992335,22,646.0695127285843,163281.07060640212,351,2,3150.3191732837904
34647.42706842996,22,717.8440638282951,227911.35852967604,172,2,3030.781954440871
66223.72988130491,32,405.3825413732804,220707.9162489779,207,3,1795.7212467933145
27169.2931211996,51,778.00290705616,137839.41123348364,238,3,3209.4838526020585
53924.53952285642,53,728.3346066968875,128422.91577530357,211,0,2012.6645154722337
67684.15950982236,44,758.7773620347452,197326.59784402282,26,4,-45.888998464561155
51891.59663973885,22,638.2672537699814,241306.0940210463,12,1,1869.6554911626897
70713.19967639254,57,628.8128059083441,186727.2319969613,147,3,2676.638965753723
46781.00613127462,39,556.8655620701328,140155.0565338456,256,0,2611.2731514362285
59914.260726638946,47,781.9849506628848,302179.9534013324,281,4,3465.3830234073084
50415.53422601781,29,638.2284782824523,204997.8722589054,57,1,2376.729137696469
18962.48034767772,48,717.3553075054768,129063.59186192628,324,2,1981.4655147754374
49653.95697720802,33,725.0038813143259,117092.51148882155,308,3,1836.7219695477947
54451.35349648079,39,547.2198256763506,41732.732110815065,200,4,858.4385884585256
39182.29721513893,21,738.4398042620727,288313.6640793383,146,2,2736.242489917863
54099.39248199274,22,673.04475759926,281660.8126215739,290,4,2303.3975455085742
41718.18630447416,51,615.7006417960013,229183.17055882423,342,3,2625.8512144062374
43953.86735620828,60,617.7190144220508,204391.2417388745,88,2,2580.560207893553
49609.00393463464,54,696.5934320058661,151767.85438547548,316,3,1054.7480764741188
48106.17026098205,43,885.2239518170322,149798.00282623747,184,2,2043.1567934492587
43174.3569674729,62,469.1075427014573,170271.04553558136,334,1,126.96727883959329
44395.359799787206,37,551.198472266959,205546.02219779915,148,0,1148.8213281024173
24945.285822568167,63,734.132347729362,157078.774100059,355,2,2449.0413261359818
43136.03866289032,52,633.0573235257132,173752.37455462292,102,2,1305.9634881062912
23669.503501816736,49,836.0844478546693,245870.14535574504,183,4,1002.7445347676963
48121.86749998967,37,599.4709370942103,208585.22966106632,24,3,2669.3571160615675
51293.4715707906,64,696.3524302030622,248023.69545159076,112,2,646.0753003061695
63044.63932861187,30,477.1498918513512,172676.06311919226,20,1,2862.682635306658
54278.09377715201,39,715.9532504642946,217915.42485907854,50,4,3076.751382077896
60587.445031230025,57,526.4277993660603,168410.96606998978,295,3,1908.2119067965477
45375.58105522054,50,630.1826638268298,199403.4634401246,162,2,3549.589275492239
46099.0759430656,34,734.7827382722834,287742.53756587213,141,2,947.262845132849
56140.29915766167,40,682.6767510976476,218164.62024438987,310,0,2785.237620271694
51488.82360471338,48,687.5778154478818,170482.40970184776,39,2,2609.6856860022585
28906.42109926053,44,587.0696709599436,176840.0665668613,70,0,1024.5812442208635
53563.21197505867,22,780.1991784567881,197867.82341249278,231,0,1683.439436503729
55433.559918006715,50,708.3349873969175,190548.86668954673,352,1,2611.0497713091404
43320.82000199929,44,719.9588847505001,139268.47573093936,236,3,1700.711630361856
68929.52811789465,41,679.5608385336686,262826.58614222513,71,4,3093.6909078005992
41906.70110101627,60,772.1377458090521,121042.96628062867,35,0,1024.6639683949759
19938.60645052807,59,553.0579420924155,218434.6293304044,177,4,1060.648076717831
55873.22280655447,65,526.7311114738689,286919.265087213,167,0,1920.5568657951935
23590.10523663852,19,591.7238549690989,226866.51258217302,342,4,2075.5475977609512
42151.043506162685,49,604.0367130099162,215183.40193602815,158,2,2247.6476151595166
56927.97282896988,23,741.1164321528702,186214.2228324029,350,0,3176.3242965220606
69893.0997877938,58,718.2676325279257,157015.72559923326,134,4,1172.2309803483295
59503.09468572466,39,571.1559221211583,163061.67191088124,27,1,1173.9306899746684
61532.36411597455,26,685.0974083896843,225567.65303922605,77,1,1354.8225330976318
50708.18283991755,53,576.2291433608358,137158.36126475252,279,4,2872.1557376398596
36779.756461363766,52,751.3217939132825,231004.58185325336,29,1,2680.0587807220195
20173.391924767744,66,578.8598112101068,206643.0139035033,252,4,1648.5521092110841
39496.63901506023,67,682.5837621575256,193345.59473252873,234,0,1587.9106073275545
73782.92180047842,37,617.8727710866808,179118.8056432636,359,2,3085.075404285649
68278.66314626811,58,539.5226273036332,226757.26555424763,43,1,1286.7082778450208
67805.27049929499,61,592.2610065026003,175803.89595599173,180,0,968.051697053922
36278.65777433372,53,655.844218132205,200210.64572190156,217,2,2920.293155359327
39975.50918203368,45,668.2657171087033,108328.70242328137,198,4,2337.059900564122
62924.48718680715,45,644.7944562567549,198900.75609019186,107,2,2062.341935286076
50249.35823768327,56,636.9254009961682,160964.64306856977,353,1,3037.3727373202537
66146.07538877169,41,528.5660598868528,254838.63316800637,306,2,1844.3008548256973
47703.82420116291,58,689.7419781503163,220457.88095589113,141,0,1602.229525213742
54392.67079253155,36,766.4919008098485,347776.1677947416,263,3,1949.0169819895539
46983.45982781396,52,572.0824453349289,163998.0444057315,345,1,1906.5042942852056
38821.69079798636,35,801.4788231598944,182087.16559376905,251,2,931.9909563549431
25620.58871061293,33,770.0761220845717,191799.61759774206,325,0,1668.226965369878
45934.89949019539,24,763.7400021635348,242926.15238297588,226,0,2152.960191414941
27730.01540524857,19,483.2305784985075,197587.12455947846,64,2,407.70157308354237
78177.5918810231,66,548.9097469543321,185282.56572241252,353,3,2692.196168694425
46373.26882578057,34,702.0506275578372,204933.99311047667,149,0,2229.0733272694133
61246.82518757653,55,716.8790151728631,193967.49033476633,272,3,2842.7821825837727
80468.68703158727,62,548.9374840206414,153541.96184292663,278,4,772.2736683986907
45331.57973841202,39,634.1765158321454,244474.82276305725,299,4,1586.379552043159
45224.73698792749,30,540.5099293972228,246883.13003341833,222,0,1473.9849764394733
30682.585522970672,38,639.4957674056905,244916.56802566283,284,1,979.4844285095792
51662.68110012243,67,480.9914852034929,163909.55580107064,169,3,2607.954235709279
47857.81311335817,26,516.454994540481,175324.00689934785,342,2,3062.553456125699
58534.56074383728,19,706.4445903470466,202417.98832996836,358,1,1841.3270258911887
66947.93347107005,64,745.5958760024931,166396.4090280933,265,2,928.78710623147
65161.53540303377,45,618.3101581923125,249789.7386565732,174,0,2194.7648111709777
46234.867439895424,48,556.7270915465945,226537.08526037578,195,2,2042.4119935522012
29383.24405611577,32,637.8789101741388,233215.52473861672,176,1,2008.104277846032
47325.09188437299,18,553.4341388835172,225270.66324209826,157,2,1969.8311689172485
38641.146563118775,48,823.3315413955581,198867.604052123,343,4,2158.6868717210955
46298.4852666726,69,771.0868297324944,255266.62734027638,149,3,1323.6919233182616
31103.943725510595,49,866.2390925018658,274928.2644089253,93,0,2060.4873588421824
74499.71890086256,68,621.932486081836,329995.49461955426,259,0,1645.7255200644977
36957.31110136327,64,525.2002143153396,126576.13566344629,193,2,952.7598463235202
70336.77540310948,62,665.7799833229986,216608.53874190766,305,0,1835.053795066729
31887.763328375746,36,654.8367009856172,111938.45644960625,161,4,2732.7029557547676
43275.228124040936,22,763.6637161948232,151719.57905839552,190,1,356.00345316473704
38649.31911014064,50,690.6913651488804,276292.5066326228,240,1,2451.026592929441
42266.094948951686,61,649.1620928627967,258014.49495709367,177,1,3365.1769607198794
68281.7763116273,38,742.6488934139039,201261.94675642683,330,4,2665.210472459697
51051.64328959541,61,580.5537359594571,130023.03932903348,164,0,2952.030797348165
56553.508936122154,41,561.085165777816,284618.2565818572,13,0,2771.2826518477323
58023.763204561066,53,928.6838805455695,172711.26363118071,85,0,2381.7946786920234
35861.13728121674,38,478.03370986954246,109997.4453757017,252,1,3371.1127941643435
32296.160414462644,48,680.6291313348898,328102.5633771976,319,1,717.0293877368574
37566.947331356794,40,566.38505865505,225046.16393305134,78,3,1957.819588594
45410.89141769449,27,630.5236375296456,136817.30322475583,208,2,1913.8993778309073
50279.787050425955,65,726.4389876179091,154014.5776999268,297,4,2941.5251623897657
55075.920509286516,26,701.0796239675681,165666.28992767615,214,4,1286.4369201466548
63392.26884650829,62,737.7804153797226,150161.84051538614,320,0,1737.8269112187718
34823.75356740105,59,509.27779725261314,148069.92973633073,190,2,1940.827247961234
43042.139236983836,55,718.0969370790114,237354.91815137444,156,2,2635.8599538738813
36367.48851185125,61,401.90971538287454,139025.41628779212,140,1,2085.396799130985
51780.90686366034,48,584.7490425413075,176710.22086930828,189,0,1096.4465570725263
76240.06455667673,68,702.1739935845058,202294.7185110472,271,0,1755.7612824467906
24708.762814828977,22,545.0937419313506,205191.55478798875,310,3,2485.1429597719966
51739.30456251464,58,612.4970421228849,128291.06122847127,306,1,2376.769782821228
66168.80520823404,22,756.2958564898161,218217.44553545205,209,0,2226.3343935623984
24411.879341903634,67,909.3680829638893,159924.47833664043,142,3,2318.016570263663
42889.897451503486,54,609.4386546273269,232285.95416889447,136,0,2111.533727392839
45443.57445623513,60,946.2290893168797,227409.4188669167,77,2,1082.2793179615805
27258.575296935407,41,753.1622101788942,219890.71542946843,164,4,2012.271608800911
78515.567913925,45,557.8766367368003,201941.9128617407,259,0,2391.032970883561
52803.554302007906,33,548.7236844081169,212618.52640769235,345,0,2653.104283383029
43457.09716444922,23,523.9747826381359,162045.6333642144,193,2,1896.6131180898951
31099.656194923213,39,797.7564902864676,267045.1436017739,292,3,2311.561537939637
56411.223770156605,48,692.7957723832255,145975.72981157107,185,3,1396.2655788644397
55704.75179578541,60,597.4110926524406,215153.02395130298,123,4,922.0124493720168
62546.06810883281,63,748.446205905078,263705.4086976487,233,3,866.9986564137012
40908.066846580135,27,659.2066327131075,128490.76633220466,127,1,2156.0676949545004
61632.406198366574,48,510.90004738736803,268651.07634681184,97,2,396.3684854163382
62785.44597662707,26,611.2011392144384,308564.80745010055,86,1,2392.0296114354023
46003.08130842109,58,578.5997901391336,96060.44277148576,338,2,1478.1572732452087
26672.099800485008,69,734.1031418817845,301456.8505598862,299,0,2483.9644826993226
55857.875777042165,27,722.5835903217802,135684.21468519565,75,0,2861.0984481686023
67582.55953079395,45,632.5108474372012,230547.90227069793,213,1,1926.0906090820108
69878.57755620831,44,637.3559522401042,177631.78098181676,282,2,1862.0419999607393
57405.33923586802,62,515.764831686256,236977.58968949513,335,3,2001.5978014268703
55427.41737006511,30,770.477166990503,186469.16309642972,171,2,2734.3207063551936
34435.266902099844,51,591.1358584166454,157014.80947611295,55,4,100.64059756385677
43995.905183083676,34,808.1929688149862,171161.11774993112,165,0,2339.936373615157
47802.88469502148,53,560.2194940162187,140904.8363285791,102,3,2016.1626296262614
50106.806308198495,18,488.58231082095836,162000.55177869892,100,3,925.4246493021351
43811.90563621261,36,582.920215096935,231294.41400110986,266,4,-210.81376027978786
66426.28612402012,32,725.0967603615014,210930.85548681763,344,1,2322.1226295015485
53089.86026493288,59,582.4556076664505,242988.88633005985,192,0,1468.7641549886775
41089.128694726016,61,698.6639392582333,213282.51566943817,330,3,1631.1656158650953
23842.48439900036,31,706.6595089534683,241581.50391248288,195,3,364.2551733000164
65638.07622162969,41,521.034279096593,257222.77539058478,47,2,1728.515677245142
59053.02672986515,30,623.4379613762761,183176.6795233533,17,0,1707.5481329172326
70872.96027188536,57,699.1328403781571,172254.78467843853,91,2,2248.360199098118
70268.24257299546,62,587.7006841605496,148088.89423587322,271,1,2534.324295565699
35964.0785708462,38,496.0146171195441,150422.46481723123,117,1,2707.729781073834
61735.980365783296,34,626.489989941896,125055.08503994296,264,2,1966.5981534044836
43438.6363750129,43,539.450169118336,156190.2355721068,290,2,2465.684392755981
47650.021839939815,19,826.9808296963439,214296.83952327215,33,0,453.00430519463634
31249.985027790764,30,668.1560441123793,193348.16458775802,218,4,-32.60168756813323
46021.367923135156,50,664.5687228855845,159632.6187773248,328,1,3981.802513246458
42693.96683173981,25,582.793456269966,206376.80221164424,151,1,2378.420348554615
60930.631381607425,59,899.7394010132675,259114.483680914,151,3,2017.1894840212108
45754.7316503566,59,502.14134689338766,227559.81544936268,279,0,2160.091780192089
38920.44418613401,26,637.6954141843657,232534.05644979878,30,0,2380.9002876788218
29941.805134275215,50,786.8769796291949,246597.85877756856,122,4,1520.8752277138517
74865.74161388061,32,599.4956590342729,287891.1275805411,30,0,2575.553753948973
72623.3954841524,54,644.106643004218,250414.9807088645,122,0,2217.4697862942458
48927.67431467368,49,572.3337165067418,210645.55236694854,349,0,1842.833280376487
49480.97176364395,23,638.2543685754289,250809.95763090442,354,0,1446.9478789015127
55630.42810532283,22,764.1224067591405,189910.3300214715,234,4,874.6602608148198
40923.41507068689,60,472.8482996230948,243658.3590157387,325,3,1966.1233212389225
23918.75120927616,24,613.8137507113743,199008.150323741,90,4,1208.8286499671951
39895.9223979439,48,678.7691314862417,216314.5973943977,146,3,2846.3225611215826
28155.528706257235,65,793.8927032442618,250608.09272405875,31,4,1846.7860880634862
43672.32651700939,56,544.5267254666069,194821.002263597,156,4,2055.670229145209
48767.35598442524,35,796.4702248398407,151590.08188573184,79,1,2382.6504050293606
26672.34476377471,20,587.5329399393819,117187.76616766013,164,3,2221.039340269392
36941.10310671269,28,673.1273166082086,219881.6368107284,86,3,3573.941819338478
44369.18970031288,58,662.9115267551974,208514.447927797,233,1,2519.373716904826
54559.02904915619,68,874.6874200257128,181428.27711939492,277,4,2032.1283643927486
36578.80098597263,34,915.8618480012933,196616.89574366738,337,0,2202.04253818873
25685.715069617858,25,648.6758944482305,127064.27005239602,209,4,3152.517654006123
30107.711881733143,62,603.1707509054471,223676.05792088053,165,3,1162.081486811326
42113.20434223952,36,620.9154211901279,180264.60070264174,260,3,1484.7131868946753
63600.78954133149,60,700.2997037653344,247677.7311247063,339,0,2194.536876587312
53674.99643841449,31,773.9414832227255,240259.06577941822,82,4,1262.8730581555355
48888.85718660046,52,590.9775165715572,178153.798285543,159,3,1485.8688176436344
73726.95613583832,69,802.7191688128682,241617.71252409468,46,4,2178.5559084416063
59674.74353492563,32,603.0594741232378,245924.75677851267,327,3,934.2484900199083
35897.1057763493,33,760.0625535805215,177482.11334119484,83,2,2377.1594154791387
34254.33833947356,62,745.8869951114556,222153.68928909124,158,4,1341.9650452111
10227.13915309497,19,530.9664956540851,167738.72635628862,201,0,1953.8818602548743
51437.772324707184,30,744.5752332535699,212286.2993964877,200,3,3290.847859070478
74438.73471035142,58,635.7518946179887,239930.22764737328,352,4,2484.701612346649
45148.204259599326,45,732.7967654770897,242083.14032956594,71,3,1603.2777907430623
62026.94312539815,26,494.722603055334,182539.66596702687,144,0,678.5705400998056
44361.06401231373,54,618.8404309763034,180380.18151276035,341,0,1363.0005946087085
34686.07903674008,43,648.5026805163286,222009.83065189642,163,3,2097.1571656546184
65771.6535087069,46,724.4012585565171,220488.3884714719,92,1,1034.6135025036497
36844.35095681202,46,428.23718158095346,223704.77906617237,227,1,2562.770071059437
35966.68947104987,35,780.3795189520273,206779.09793499488,160,2,2437.8778678639515
34463.69805716297,61,731.6655160337529,189193.95646458914,165,2,2758.2248444314328
61345.908568316154,47,704.462009937743,145155.31448292374,231,4,2855.7835715695846
49848.190233884794,52,723.7736874582779,278042.70266610355,89,4,1968.1605838370403
14099.778314887233,40,655.7509812489058,174037.68051060877,290,3,2597.285613724179
45947.72445563921,29,577.6242694898461,108552.1864861767,322,2,1569.34331701351
71971.64556939181,40,597.2811861438137,274389.1345283964,304,4,2158.5693048629723
71267.0211900348,18,600.9508058332224,158503.53814328896,112,3,2354.0413002305104
46582.62012798149,28,551.8503022020957,171621.52630721658,241,2,2519.109404014762
73893.30312797976,69,688.6623171936682,210229.01210700753,159,4,3495.697024449487
60950.60928517747,19,669.2378621348043,177023.50360473868,88,0,1005.1001748786208
83239.17503717315,49,693.3329578866068,145748.67680205184,170,3,3402.184942309062
63730.261315653435,58,497.12843241494187,241692.4665764105,122,1,895.4440589332348
49452.01337773259,41,629.5844054555355,267704.04353991064,188,0,1743.6698843633333
52366.00548659778,48,535.4462191077504,276355.7281553452,60,0,2440.560555459194
45754.3754992706,52,584.3794896416188,153380.30701949025,357,1,2546.391193223043
52991.807683322906,31,344.26546125608513,193467.99931105154,238,3,2635.921843884651
45817.20581887778,56,678.3043777431367,229936.69226860467,359,4,1746.1893501858947
47048.79977893419,42,496.27782242988155,262346.20462398237,141,2,2151.244492185992
31815.07522058551,19,687.0694269164281,263293.0490305458,162,3,3165.113779634952
69894.55867370775,41,561.4180699471902,226018.5159479222,92,3,1187.5702523590908
8231.447144907484,39,625.2280536109196,179966.2292482225,44,0,1458.5674015858804
30900.603860164287,61,624.7904280291017,130799.23813744503,125,4,2792.735943545933
57896.078068474606,18,550.9880223039984,144323.49398904073,60,2,1682.8066638423932
53562.15834740964,67,548.1462130613324,278467.95747034386,240,4,2218.8540635216023
64456.61101298528,42,558.7545886896424,144036.44678548822,341,4,2837.9067365632673
31736.692035406533,19,582.111419977284,182687.6692494797,128,4,1486.9529137574384
45454.18486356046,43,839.1744226802145,169895.08289654742,319,2,2493.1355010723705
44106.773987912784,60,598.6598090527625,147096.75086299228,236,2,1498.8739743936094
52556.203620422326,56,535.9986178037963,244951.66111312638,332,2,1943.8528542938793
79080.63844859414,44,723.9138705855624,232142.14679466133,43,4,1785.2948237839025
51201.4559033696,60,574.92387635316,282599.5798120087,89,3,1239.373394149686
67329.42208013055,45,702.68875534675,240926.1512816401,232,3,2513.4968894374915
62411.04187903275,48,934.7986630688218,155910.24847267615,209,2,1158.370870032782
62361.80909358308,50,619.2987993804263,128492.47004226485,128,2,2164.2294163964602
48824.11074981077,30,749.0698420365073,264444.85941900034,354,3,1977.318756745382
58284.80635902482,49,722.3520646281668,101491.62592476878,75,0,1307.3979546217502
42792.93271225694,44,693.7213372634661,224497.14469133934,159,2,3576.2693923839815
73184.30639208094,67,603.6349762072001,173835.27332764425,148,0,2052.0688103521998
46343.014481298116,37,724.3703672500118,143611.4123648093,148,3,1199.021566479199
33525.521684678664,51,574.1178351169821,199500.23877323463,56,4,1184.2154502618157
55205.49592961254,30,563.8143588788683,203228.3618823821,126,3,1775.56154573609
43951.68404115239,39,633.444602047997,176809.5602801107,357,1,2402.8562855953346
52019.440579466085,45,611.8282421897823,275457.13696473965,30,4,2403.600351499255
38594.9633801519,28,572.9927627674176,219430.26198398694,250,4,2516.5037112436075
21933.362993812258,27,624.3462136642087,271394.73216644634,250,2,3378.0882829441425
38923.596823538486,25,693.0180904309435,169259.9683388875,210,3,1968.427694087863
42756.23425820783,46,700.1444243789542,243703.98618313484,37,2,1258.5316303741893
43382.1730743571,37,612.8664299693739,250640.82969141126,335,3,2274.066202559709
70625.89065574875,25,702.5237771595345,107985.98784375394,332,1,1635.7152220717321
75482.88289670277,39,556.1311911737639,196431.9610403088,221,0,3359.5513472165358
44409.08366001223,45,638.5957791559994,204566.94966463506,264,2,1229.7728205078147
53841.66784243365,26,676.5009386652878,248259.92575154325,138,3,2756.309631559903
59206.29516046975,32,568.5936759883568,137195.02972382415,303,0,1967.9934724318452
63040.751036543625,23,848.8075101095283,211507.5287656404,113,3,3246.59199842376
33338.887921343005,40,724.965287542843,206920.58085306795,258,3,861.2726983698908
69465.77453614981,65,641.0897908501912,170230.98427905203,49,4,2013.3751556777327
45733.87867973089,64,516.6326091010947,181778.08297995647,278,0,3024.8096706677798
50868.844319518175,34,582.8500969799027,236186.2936724771,69,1,2436.573308093272
46867.01748780773,27,555.6050011725243,202309.39248700746,303,2,2518.546610475383
29187.019174776273,32,560.8815839342094,159394.88820487435,240,0,2083.439461871776
67320.29718587201,23,775.3011502764074,141457.1396655778,64,1,2058.9128694483197
62381.29490546479,60,677.8805077254266,134385.15647213097,79,3,1813.4041963010704
30126.23995585022,22,650.2932729256743,286311.55103954766,169,2,555.7577200685391
43973.298431187446,60,613.5066099315449,108650.02140390844,102,2,2628.2357486333094
67259.29251549198,39,756.1254616353045,219930.82773725377,70,1,2116.8664712737645
58115.92455603788,62,682.905748625239,198350.958897226,175,2,236.8868068416391
60943.23987125615,50,589.7861327579551,279132.398694598,27,4,2162.5572037670877
49033.59315834178,26,473.4108257180841,134421.2804795758,128,0,566.8788656503705
48470.378807507346,21,621.5241455069261,220059.15014847548,109,0,1875.5063661837323
36185.54439988893,45,697.8962029137964,207370.8055545585,132,4,3419.8611698512336
59308.940319951784,27,592.1941649003354,210259.12344720346,260,0,993.0110156327759
58744.169995489,27,567.5363277604603,229945.38138908704,295,4,4050.104863490148
41117.9639326136,46,745.337278014642,238154.89611052585,295,0,1298.6561135895245
61328.66151200772,42,416.2664550770437,198444.6515100111,326,4,1755.6007828341023
63647.73348632121,23,861.4634804276692,283037.40189019387,131,0,1821.5056166868335
17265.919534553235,60,447.99734291252656,206598.84182487655,187,4,1049.65453160379
53761.07235792767,24,719.4575053026722,211632.51254541136,308,4,3736.1561450117947
20089.054648899877,39,828.3295845018971,256694.2356582787,105,0,1614.710867410403
74630.05710682852,37,650.8747388465019,178996.839183141,344,4,2520.9980217427533
61922.37774696459,39,614.0533074375247,250820.80404636313,75,1,2956.3831644925663
51113.46051216701,19,623.3267575337217,168327.12457457298,284,1,589.3718936443527
43334.829927263185,28,595.4891159672586,218858.14448849682,173,0,2242.6640565858397
38550.39630543696,62,591.6491941692781,178220.84874792615,330,1,3344.1235644462486
61100.109033539884,53,652.2513437568198,160731.33375439147,254,4,3338.0324446731483
61452.54419916624,24,738.2477589562766,119178.23792514823,262,3,647.3632988268423
57181.24328314409,43,618.1927825511023,226466.45372832337,111,4,2432.0296176538122
67467.39599000863,23,663.8577699987743,204898.9377429472,149,4,1951.8181292470886
105466.86684874247,49,609.1424098205836,178319.55662713028,307,4,1744.1374883102246
47616.583369596636,41,672.4499767915725,67948.9202094819,321,4,1417.8075797551774
69145.65910505662,46,542.8632696871466,139654.15716490784,238,3,3163.531564430148
61184.709241488556,29,694.2317856677242,112646.12958566545,170,4,1125.360814519335
43885.23907215699,28,552.3020077777056,220974.8080632967,227,1,2526.7310256352116
15160.864800838172,67,463.3016460748845,168759.60984357458,27,1,1144.691723494106
43109.84948379007,55,674.9014944172467,211822.8379379729,16,1,1856.5097255169683
55571.73870054806,32,852.8174110690323,229148.08698847686,166,1,2513.8279224155694
81126.22717453993,58,541.9366062467003,201218.80050301825,19,0,3664.5326193858227
26659.01314210085,32,406.60748183396726,149205.01542224106,113,1,1606.6857199959356
32592.199425915125,61,798.1849519348211,189891.0752263443,134,3,854.2104549782662
34627.50190740197,48,753.1705306578075,121685.01379805541,113,0,1104.2314226632081
60508.71307386644,41,705.7178331570949,249512.5221154574,279,0,2393.5645000969457
52817.17161103885,45,664.3539597281637,133732.18316450482,281,0,2189.577626508191
52272.69312631087,63,483.6072214945949,216725.62565013664,256,4,3400.2078975159648
64803.231007259776,64,558.6599452837011,213300.71131274273,179,4,1203.0329730193878
19408.42078239042,52,630.0700836118723,177898.43227834642,29,3,1891.919455932193
33811.389682151006,25,712.7313091630987,263717.7746538799,219,3,2695.7735836889306
62027.86782879025,33,546.3194107266942,94486.68979489416,98,3,1696.8897100966483
71464.55404526542,66,473.7077886779161,219798.56666184877,183,4,1647.1224797728328
63888.46122879085,44,772.4136478038818,182812.06669103206,141,0,2054.8399810446426
44837.093274292754,26,644.6143193656259,145029.02806221682,281,0,2451.074875925308
65898.72375238262,58,686.5374970182265,226297.2572439773,223,1,2757.9342444800586
64875.62433525516,59,641.4572019416903,121955.89831729971,49,4,1905.0353857433045
61122.396932526244,27,739.328604041629,213143.17978899687,267,4,1864.5139918053821
39158.15238124522,47,724.8591075505191,162100.43918244442,111,0,1053.1969801647613
35840.67890530205,68,539.711190954231,239231.50809010392,255,1,1793.55911660854
69525.93262245951,49,549.8165436878114,177243.27753874616,28,3,2476.73886480596
41049.03661561253,61,728.8787121565763,156380.47561403958,188,4,2709.6121268671577
54627.159449190185,19,717.9442106681097,186198.84156546032,222,1,2539.7078841511425
50379.79727776805,20,695.16853041488,205364.2021347415,350,0,3166.0872625003744
53061.113279925594,65,731.8912569561996,242379.06888544362,184,2,2882.994625353859
63612.65614302891,52,533.7835867441488,265834.56071599823,77,1,1941.9654248441584
73195.20334497932,69,727.140163521914,136011.15317746936,32,1,3232.729704883177
40597.358790708124,24,795.7943309699333,217586.9514176727,202,4,1863.702670239177
39317.2618214831,53,572.89128396884,139297.47228390453,190,3,2082.729770778682
53003.495406783164,51,628.6204931658716,183832.09386344432,97,2,1811.3789011844335
46549.09682328381,47,689.7460005179604,175841.07512099543,146,1,1846.3076422566894
55091.26819605973,45,679.7589033051333,240908.49012025335,112,2,1660.4621963995246
64710.09338573559,33,691.0021421835597,150975.09543681712,105,3,1354.5011414657004
72075.674870281,44,648.525530689958,247462.232687314,299,0,2371.352041932134
57605.93968554203,49,746.1699048291729,132778.32517032453,230,4,573.5994952674994
66865.17588468929,47,742.1275963155059,177091.83944728965,57,0,2335.9251498997373
53884.31118293739,57,802.8676054080445,207905.46394884848,36,4,2097.532219883613
61646.16578565902,47,804.0039330827151,154309.71452431733,171,1,2661.4700720208784
72155.30676277552,51,636.1372956485461,197997.73716681873,156,2,2522.5196118036993
50731.7816282706,24,591.2336269153864,229628.1508749813,299,2,3550.6205328653177
53467.958097173585,59,893.9006927372794,159310.60410289382,258,2,2661.197370753751
53319.988057267015,42,895.0053961715821,271975.1742985317,115,0,3582.088074122984
43146.40677345988,26,618.0327178011446,286631.88896373555,111,2,2511.5147282709845
42845.591442015546,32,826.9411082945634,217628.0760713555,85,4,2100.4118485075373
59274.343856992804,34,650.4303149660512,119749.7851289178,187,1,2339.9908693280113
47724.84288970613,42,548.3884770749189,242909.59226361808,34,4,1067.9613555241626
72704.65268055844,52,712.3688933913909,200000.66727205063,289,4,1486.7426778351173
57588.96707468604,53,489.7777724379283,228923.6228265865,301,4,2808.341250047862
20405.831760743735,45,667.657265983808,153164.09573648157,160,4,1262.541314480461
39570.68240716476,23,678.9512592660276,227517.24569344288,310,0,2062.3490932059135
74456.51996283213,44,823.6654942303418,221047.22389703078,310,2,1428.0589106625935
25426.146438307816,41,593.0486531480656,267505.8479560802,311,1,2233.456867784681
32315.465874582052,20,561.1083901138253,150870.83589046428,157,2,1908.397101961125
56007.57894731875,20,405.72792209538954,222462.2487918032,192,3,1932.7580127450294
72271.68996815344,39,767.0200700626643,150028.2810440389,256,4,2432.524040274848
41844.294126810164,44,762.4984173745453,95090.93754415096,275,1,1438.0534890432627
61671.8027150415,48,540.0380373966552,217802.30235052016,295,0,2551.225705276888
47106.608253122824,60,824.5081674735908,125776.10893426882,188,4,2519.378369285424
22639.869515981867,47,652.1567135426062,241586.41775919497,279,0,2576.0946509521855
48186.88047652281,33,691.1570742355898,156706.58105458805,160,0,829.0673779859583
64179.42840585593,47,744.0770519577136,164881.25799755403,22,2,1887.534244887774
65193.16196023815,28,631.7830176755364,259946.8740524862,280,0,913.5776498579207
60690.30071420011,43,514.6039374025927,194458.46645655215,171,3,2580.535061207206
44641.688185586216,67,671.1427307950529,251618.82365760132,172,4,925.437190243236
32364.649410069007,27,505.544002051487,200924.38812664957,270,2,1702.752627813892
38159.19573406878,24,704.8172974332672,219671.04402673134,16,0,2858.858641919689
53926.81482226424,38,679.6455209708417,199522.89540618108,242,2,2075.398925382459
74541.93122381199,37,750.2917022554645,206678.85115966923,133,3,2949.933941994494
50230.441316708246,35,505.21866244158264,212991.54020781364,98,0,2109.3365024296418
38946.410606211146,35,622.5034174353011,154496.7128169175,239,0,2200.2792081152656
69439.47025271953,62,752.9034244720092,147046.00832286975,311,3,2748.2534570403736
42876.44071332226,37,540.4992019204992,81447.38129396198,15,4,1863.733950714707
35773.907884861444,22,597.6257111294609,179285.94585753608,116,4,1786.222631139226
33610.462940905636,50,728.4668028344784,204314.28244031212,313,1,1453.2394511678149
52224.20382220295,50,655.1572069289778,135094.54805661205,149,0,1599.9058719983097
44709.79757089234,34,652.5005965081521,208685.64412873166,176,1,1518.2319569375704
25978.429414374437,25,698.8289667454732,179685.19918946413,26,4,722.704531600494
42018.275065791764,49,782.4929759904929,106640.87382420406,161,4,2643.545226558741
44965.611342418124,37,684.4374076709234,199593.13843669504,29,1,2682.9342625567915
42951.684138327,50,580.3170392859616,221957.14815153266,106,0,3629.5319552356414
53462.29248931113,22,785.4164734208923,201231.7758842633,117,3,2292.433846845041
57219.17829528577,40,692.158251306277,293423.3944375282,350,2,1167.6770113512687
50038.96540870716,59,739.1312037543202,240072.1717844291,35,3,990.0581282679531
62559.81617704087,61,859.195840645214,180569.70809507117,59,4,2061.77956509494
30055.37122927977,58,503.26309445452745,252974.41237243428,119,0,1429.4268969027712
44161.16248522373,65,494.2910215953919,184373.9979862384,30,4,2882.423776692297
48085.61425297538,45,737.0590551550001,242977.27956197673,145,4,1137.1366979644285
65494.419720382706,45,457.63060441361745,185044.7383910782,224,4,1830.626305246452
53650.44013729973,36,747.538342939329,190187.43159002156,98,0,1870.0819028187875
59119.2947024072,32,698.0280712962146,201707.41773636776,157,1,978.4536664832988
74116.06681452175,26,680.8627469210957,259790.2491629137,174,3,2268.2351904359803
71921.68674227528,48,819.0669970465282,152248.44233978682,76,1,1331.1490049162903
52734.94709492796,41,614.1831398646088,172706.67187079697,67,0,1559.4507625499837
29533.76503866478,35,536.4400856120751,220496.21049273483,154,2,1395.030956312321
54790.46095153149,39,646.6528779185505,288827.70324658096,56,4,1270.695384945112
41584.42634022528,54,592.9752666599704,114563.39992800559,318,1,1891.4370941940801
44710.77771768578,51,766.7798263680788,234213.27570422034,321,0,1880.8424276251806
60303.97696951136,67,683.4859995410504,153498.21230812327,175,3,1374.7799802839652
47874.381188426734,60,553.7408553257051,300671.8986094532,33,1,2467.8805351054393
56607.74136476601,63,615.1140571884216,228599.11573145736,354,4,1288.0173688802415
59290.4827679414,19,739.4792814752402,219405.57534777894,85,0,1944.1795252946079
42775.172358389,33,620.857923870753,167500.9908723969,274,1,764.4226452791361
30348.680031824566,36,525.0793796768817,163616.6619301119,76,1,1904.0088757012306
17738.818111077206,26,543.8864534514139,272389.38343275536,73,3,2740.6010474217155
57259.82649089926,46,517.1961189568499,265095.2523232301,82,1,1481.2838424592078
55894.456104863784,59,643.1809706141927,178252.23254170245,251,4,1887.5090322865005
52320.825308290514,50,655.7002089224226,168602.90872972473,226,0,3333.506007712641
42130.83636988999,41,623.8021951727966,180798.29633327277,272,1,2156.2098410263184
39819.33454953063,23,624.5671968674934,258255.0345071694,15,3,2565.6209804470923
29633.29294192387,48,541.6819398820613,169615.13052674243,271,1,1749.329882143224
45654.34813816371,46,725.3536687463645,159742.49343791287,156,4,2917.529870055001
30702.942775985055,42,784.5688488825009,264956.48440739745,334,2,-527.654226283571
53894.43728573764,68,483.2516226011455,176894.05760120478,75,1,206.46404079617196
30261.629391011586,43,556.388124449898,179827.71104012986,73,3,421.6561443583141
57082.683021631674,43,772.2306789887868,253113.14796329086,113,2,2455.5272647020247
42240.40803159685,33,694.7325624381286,177957.39441528675,343,2,2504.795562755579
37852.40891375402,27,736.5270986708044,280181.1312908761,12,0,1229.2050920929387
73817.57024313434,37,616.6679407924408,222793.9931669839,340,2,3117.3630237942716
37052.08682546811,65,740.07438607696,255171.18837204552,150,3,1436.5752902966706
59298.29334597541,35,746.992588731066,184229.60036921717,242,4,2044.5244910748024
45651.65879169833,62,647.8398730941007,211378.88307883285,135,0,1086.4848733199774
46918.4823314158,38,661.8674028435236,196252.79513275457,103,1,2611.3264675075234
52078.84179157144,36,687.3883590359364,223276.95809418082,236,2,2491.957642103336
33521.097622289344,54,660.1009531611938,297070.96284540556,344,3,3513.3092916567075
21034.06982636445,24,619.8653305661261,257827.23587454873,109,2,2917.9549357955148
50674.608516152395,50,692.3192477921871,189384.73626605168,237,2,2155.036463187199
43594.92890907399,28,584.2969451643241,168280.37455648519,188,3,2653.4274665912744
35007.83695897331,28,833.79783547633,135864.58737945813,273,3,2083.0006576537844
52631.97239772992,64,520.2002905842617,213751.3186482459,193,3,2598.44005994401
51001.92199961706,43,671.3801775022959,164348.39654353468,352,1,1046.2787761001548
50418.23838726883,56,671.2694407225665,143013.85678603535,205,1,2805.061850696556
42836.63433096035,22,431.703306491805,286452.6377764244,147,0,2547.5886345742247
46725.61121625646,69,582.6172890874242,235325.3724688118,47,1,4611.425985409506
49294.08241224374,54,702.5228198092997,201324.72372117537,114,0,1354.7967412018088
40414.58264411017,69,830.4390786793057,214826.29687747065,270,1,2201.9130504970512
74845.90657920785,49,636.7902823709924,142561.71943708626,245,1,2340.3634664035008
62308.235198667426,41,714.7902223023838,75237.43908722536,39,0,1731.6477891127508
51216.68204100199,57,768.5538014980639,286475.43720152264,328,4,360.0254561247614
60066.847889540106,62,567.8696124463559,243652.7188082643,20,3,1875.751946288797
67271.87066379616,31,584.4322357834973,138715.37713226402,273,3,1981.8338889584036
78897.98963138444,66,592.0467806814692,237095.0211669681,134,1,2173.978193722032
67690.77640489751,38,693.6542407242908,194332.54669648546,276,4,2690.5326793904987
36391.93417219305,39,692.215464336057,221608.91348946604,157,2,2852.230671689139
20327.458554923185,49,628.4105113852153,200713.59904802105,128,2,2938.8153818832097
78040.43991769318,25,878.8119167369119,175733.9460229122,244,2,2595.518858417022
56633.42808936613,30,757.8793201336238,234046.28033584188,191,2,1563.9000242934337
27272.50253720536,49,680.1305436804028,240008.99055487174,304,0,3578.0834293007556
17448.361472100758,25,846.2878743035526,170740.04105895007,308,3,1477.1190197646633
47946.70961368763,65,545.8930146652328,171658.86434516852,345,3,2112.814678734243
62719.852160919094,43,604.0283237275781,214764.2263601121,153,3,1984.3917547876058
54346.180214218184,36,734.9536316704264,216910.13336086535,68,3,2210.3466631705883
21878.43418136748,57,787.8353591736341,324916.50315945194,95,4,2492.6322244641133
62807.88366411961,23,736.3536012221833,267439.16662518453,83,1,2664.2782367740874
44648.176187815996,41,569.302509536642,149826.47674180736,276,3,1293.7889539591554
21865.830345158465,51,756.1289207811592,243264.63592530607,155,2,1142.7064105922595
74926.81661378608,64,684.8344412153078,201121.02648295724,296,4,1393.4200081641284
60574.332315384876,54,628.016074488838,111051.12022711193,216,1,1486.231127689021
32445.532042369538,36,666.8591363167507,229672.6352904124,63,0,4065.166111351248
55923.56754131857,43,552.5188308114316,192405.4533554744,158,2,2041.3442002317154
49434.9458195849,52,556.7173942846601,179226.5532480407,232,2,1975.0523635329637
51420.68200607198,37,589.2054244034023,195000.78901075624,23,3,1574.7484395981942
54372.407708989536,65,690.8214138077429,249008.12183848364,297,2,1583.86430206663
33541.31725073783,28,768.5770584982038,255165.55715451343,235,1,1972.1905016148407
59412.89661519135,39,627.6697051849408,124820.52679652272,222,0,1339.6667076343826
62943.72742145089,18,526.0178414775979,278786.31923056085,139,0,2775.1048329157943
42028.6646084793,55,650.1516081475406,228403.25976954855,26,2,3321.655846626111
44948.0229032349,43,672.6776829420874,179714.049464312,20,2,1734.7921089329345
58564.380385529934,19,714.7234464047752,215111.14487361917,16,4,4106.745884557808
61189.655821594526,53,619.8133839484329,151483.31489026395,226,3,3183.0868812603876
50609.75681416525,39,389.3656942020496,221214.94680794282,46,2,2042.542008735305
64443.65116201504,58,581.5543344752518,256149.88080932433,134,3,1482.960115963529
40891.241117813435,39,682.31455463976,218347.09053459356,349,0,2679.9822391750345
61941.23836791811,27,775.310604110381,291039.0711601944,136,3,1045.3610323009536
75116.32587385323,35,675.9828570191323,240101.23161636986,212,0,1937.2779263398463
59595.652257961716,68,524.7496957618075,159937.6399286054,184,0,1938.2345214734128
64270.55988084128,59,599.155083586289,117350.92911957469,112,4,2974.0495037020223
61017.616629344455,63,703.8857887488498,224197.70294255344,107,4,2439.7621476684217
44119.92246781885,35,706.7446402471394,293407.0405471241,248,0,1541.5636616067954
51198.085195389154,38,745.847506649968,243356.7065951593,352,2,2076.8591678802927
55747.97407665176,30,589.4126586523738,199465.22246882744,196,3,3388.0976073957536
48995.97020782901,44,747.7136764325348,326025.67213979363,321,1,3270.574832273693
35630.031629862075,32,450.11407957771064,206513.09607043274,214,2,2024.8035814115517
34764.43422401961,55,675.9793633264342,216526.21658027024,137,0,2136.3898782518722
50176.71346830771,49,564.7814212833009,156131.4696693587,44,1,2119.2350408719235
18567.459311679337,67,572.2330446681685,179793.17959214334,150,2,912.9804743636173
52709.97093975698,35,707.814251666515,175987.0564405711,24,2,3868.8563915656714
60419.59255284744,20,560.5609912964997,297129.2546036999,31,1,482.7080876623968
64363.21042713967,67,527.8529070515564,224910.60455372828,328,4,1581.1326366729418
57317.70208663803,68,619.1916354691297,228362.16918193636,269,2,2954.0492845773824
47743.45616967079,55,620.0208393449414,114044.29637339947,177,4,3088.7099096776446
65926.3913538681,22,745.014598580024,248777.76930191752,278,1,1992.877165461992
44963.67976522891,35,697.4127565636821,175160.1406020936,197,0,597.9844230844301
45190.37004383053,61,419.9491484318239,183806.69202676538,39,0,2345.747730788962
21507.516869165916,27,565.6581345839519,192494.68080265768,359,1,3021.2688396383464
35460.75172513254,25,594.789625533306,215336.41439055098,252,4,2572.838837915776
32849.54290914591,49,618.8345857582891,197234.11012981532,30,0,1812.518100106159
49325.01981085698,22,687.5420944192608,209412.47927295012,225,3,1500.6205060503619
58798.525476149385,55,761.5152273108216,220880.9721583109,329,0,2509.186135402544
40653.15204434018,21,649.2744169921175,178990.41159656085,137,3,1733.849853853563
53315.84006640111,31,496.9174958691117,138761.91737713214,74,3,2481.1609951746186
56710.29109390628,58,567.0004013024447,259914.49838385894,266,4,922.5444132317366
61492.035841099656,21,704.5242798426058,231887.2622400341,251,4,1614.7755452766105
23734.892919104102,20,702.7121506389368,178358.51048040958,193,4,1271.7228757222824
76144.87359144918,29,736.928528075135,174545.80991995335,94,1,1509.02734874227
24647.06408955149,45,508.0450130834395,242218.53159881552,286,0,2564.7913924312543
70948.15245858037,60,725.0353666300249,152966.34157926394,244,2,-69.95891451769057
68419.91511957491,67,544.3092643851878,202265.85156059818,123,1,1475.0037021643468
44826.522955309636,63,575.107845922422,264900.0237676323,357,3,388.25076478944993
83534.3472300219,46,738.3500153248004,185710.62895181237,295,2,1766.2615584811385
65790.43287885546,64,517.4957869154017,248274.8477676006,124,0,1063.0428558797469
16945.610904040863,34,615.6443113636989,201962.0105229976,189,0,2200.6372749233483
74074.63021129728,52,599.8623180402233,239430.75908790046,276,1,518.3880723177922
31533.156533877216,37,543.8240094793126,208090.97526222368,65,3,2572.5066003383636
33662.09446450291,32,698.3500138045968,128968.35583502719,123,4,1903.7491381013556
46611.827299417055,61,686.0882513976227,216999.39436454987,268,0,2468.020965590185
55840.250616376725,60,605.1931570960932,165145.87827038445,178,2,1108.889716223416
78710.58115291537,66,652.4310106898541,230775.0375768346,110,3,2624.068474016597
48651.01813853351,54,716.3495870663211,107644.02060020408,240,4,2001.0656708930894
50818.76562095305,68,865.4283146147217,159070.95011182065,174,1,2706.1501323618904
68165.89762484955,36,626.0156926637484,217454.64981920755,120,1,1081.4936325494305
31937.921069546996,19,819.6182859297122,117047.6895775871,281,4,2077.9987205672364
71738.126743959,26,660.50626914573,189259.16979533792,205,4,1118.545722897527
36386.58737580854,39,744.534840030271,210051.42305871207,338,4,2749.539215370145
41536.94471045945,47,642.2340157782047,-4160.393019134965,273,4,1342.6736107418305
70171.14981705562,69,632.3030902816845,264082.2192395575,199,0,1848.3706663496198
41161.09745015099,57,502.80342038050287,212525.0861298978,36,4,132.59037184790577
26602.933097665147,63,654.6502075459885,264659.2741444803,121,1,3078.87714969185
50412.17911020251,18,543.0581206946581,121111.70393747569,245,0,2229.7509544913214
69264.45220814658,55,547.8253691385007,228990.52456277603,275,1,1690.0437520322882
47267.807095258264,57,756.2204437299653,238419.68444854888,208,3,1482.0056834525535
29036.730890546478,23,612.6876056322777,167516.37824973778,293,3,2337.3434388376245
25987.875023314275,19,613.9618982195459,158095.18888606838,170,1,1440.8199279638793
43792.277304068775,35,626.234052920777,224238.22872252122,268,3,2019.4407345739633
44472.07979456417,20,574.1457012332489,162773.7622684224,124,3,2897.819607502576
72989.01863516861,65,632.3570700576724,165173.86866255544,216,3,2549.334730781492
45002.28316318738,61,767.2724377526762,212870.12685236562,289,0,2280.428932803042
58534.57469654187,34,795.5730610854707,219736.1283321926,28,2,835.3783039924358
67817.46326394651,43,731.7504069762717,229104.91511748114,130,4,2189.831733094167
53832.827501882384,68,753.6664319169449,197357.72274760983,203,2,1179.212091982576
46017.61005086224,61,693.2966400846609,206336.03325547357,314,3,1394.515457068652
18349.283465127046,39,640.1732476874255,290516.454074417,224,1,1734.1139710180591
76625.77133315038,63,756.8853222035732,146238.97686886636,164,1,2048.364449340032
49473.122785107655,32,733.054855490253,233142.88703995623,139,4,2339.2466766870193
38632.73365014879,28,745.2891519147545,107022.69075797155,342,3,1755.8881886248016
85256.47844355198,37,764.2135582115841,234675.76972821954,97,2,1332.3383049294841
44922.95269347506,46,818.9047225033796,288402.6952140568,195,2,757.1003492111779
46437.18556905659,62,698.8942970916193,215823.12050285618,310,1,1568.1175917888067
32352.206751638812,65,533.3658539411325,246050.72932702428,322,3,1885.1543707833641
38651.45793762901,60,626.5288518103625,219414.78646613745,92,3,2750.353607574842
50347.86778386961,52,541.3442225280744,268446.45792107435,357,0,1588.0448489250075
37479.84379897674,20,861.0275304414308,143133.99521279067,87,1,1896.9987478373316
28557.561771338715,60,629.8198544100239,193030.974311902,346,2,1308.4310515631385
43978.05942390181,36,809.3026743547973,269761.494901123,190,3,2041.5015632538996
47182.923532329936,48,745.9591357336603,214037.3312607729,77,2,2543.9421740872917
47799.077786033755,41,592.1113385877242,233741.3024269122,56,2,1652.8706922044116
53138.55823574071,47,665.6320411586618,180601.8272727359,312,3,3200.4294389314027
51532.42965862905,66,679.5782950929681,94060.23528908449,56,2,2256.0700096948335
29366.58633376841,66,659.2606349493235,184558.85189178624,321,0,3845.2855412637173
40830.53553699434,64,593.757098379361,187493.40364091966,354,0,2037.8696781856297
33266.82629886804,66,626.6973666096368,163235.18213915022,152,3,1682.9997042486161
61534.38672507905,48,570.4198865016482,249898.55063838532,186,4,2742.1051499102327
53695.23588492036,20,614.4723383288888,221243.95077122864,301,3,2564.8092699017784
49795.722201299905,51,760.7313233201602,140023.37082864516,122,1,864.2125644843486
47145.70373395618,27,461.4853245747832,199526.37381528108,349,0,2121.205498699455
16420.281575564542,44,681.4088956204503,116858.7617694948,171,0,1379.412348225023
53945.11113699409,61,727.2697092695328,163620.52648100862,344,2,2325.531056455706
42124.039749988195,20,682.1364707667559,148309.04556486383,349,0,961.7937881460027
51502.02434560753,36,661.6742223543579,175088.8134806935,356,4,1829.1521103991909
51850.39457909296,33,753.8991541498439,173832.73808494702,291,2,2493.8036446224673
27782.878494551594,33,669.4629668979834,142096.65746175734,16,0,1083.4889596176342
55432.56197314844,42,681.713289687586,233066.99598053092,96,0,1542.002890615812
60283.94929621543,28,759.5649322597117,198788.3893603747,41,2,1921.5113676243677
47338.378333378576,37,553.8029955811769,258939.9735891324,187,0,-469.57205248988475
42583.07100924139,22,652.5545304358731,169830.93158127097,121,3,2698.706029557533
58627.64159388163,21,875.4376351871407,242458.37847024662,284,4,968.4911628270327
42754.521688791756,31,770.6942325601866,274136.13138492923,316,2,1726.7131425040834
60915.55068755768,33,450.785576253591,227844.668354805,13,1,2448.686598208246
48887.29937246192,45,807.9842454966599,136299.4685570936,62,1,1320.8274208065195
52484.56294609255,54,538.8079461653065,294832.6493576999,251,2,3217.3872026665626
55734.22741853239,21,766.5540161515116,272414.4218937541,255,3,3132.8685674955886
71319.6226563711,36,765.1947091924239,216893.59738082348,57,0,844.0837208151854
75576.66183009939,43,643.0293448285272,272594.73758981546,22,3,1051.9507283695036
42524.17964804116,25,863.1048595031541,174295.03600863423,189,3,1852.8565076928237
13664.554779196551,57,774.5628209538775,167573.90957094126,93,0,1684.3432828973253
54040.92627564991,24,651.6658133342374,160124.67166138403,226,1,1418.0184253975544
81432.14658708607,59,770.4404566889973,209675.98602160788,320,4,3575.86007446519
37027.77055487142,31,628.5012398198008,246231.09739276706,130,3,920.9740966676784
39728.16338064448,27,775.458938754079,274893.2233500886,251,2,-577.4393729484318
65866.97704342073,23,644.5436095219044,204384.42342155162,265,3,2992.303123637066
33165.55287606797,32,704.1321943219341,236434.82548915042,96,2,3047.644678437176
64187.19448024393,39,443.57480509655727,104997.61650433771,88,2,2644.905298835366
39402.07829868804,35,681.97273194576,196486.8216420752,348,4,2453.3122520936795
76395.1042304891,25,625.5805302771233,193071.58217203504,192,0,2196.204443603972
46533.24167562347,32,661.9394959523402,193778.2058655274,245,3,2334.0521839093863
73891.32434153772,45,623.3350369826118,133910.94924172777,177,1,2633.9215645921518
50833.32031545752,28,434.3751526994604,147816.60854043384,33,3,2450.724531831295
43390.56897244572,59,761.5711621267703,276693.64162491675,297,3,2287.612314381499
34786.15766461368,68,606.342817165908,156239.22363886546,233,2,2140.2215241695126
50336.05552403794,54,748.9941279718389,203811.25422075362,221,0,2885.054226176906
35449.138192100734,36,747.400949040927,269847.6430247691,358,3,1920.4334531868246
43874.09244943345,56,854.0223085987386,197175.86628431827,102,4,1555.1136702634662
60208.33880271113,54,581.1031589148423,247408.804538679,345,1,1423.956812451238
54669.46405999844,63,502.9021902222439,273508.1627510478,51,4,2751.1103683332703
15772.812107979771,32,667.0088952534909,119259.27002839529,252,2,1802.9195902730698
51904.50710117635,62,668.2063221788261,147451.19344652756,76,4,2864.532121446577
68751.04021417748,33,566.4473649079043,133185.80444115843,167,1,1690.0370659752512
68149.02856586188,31,529.8444731032911,189319.34334438847,127,0,2706.779909152014
54560.97900541737,57,655.9286542434616,236370.78526478785,276,0,1467.5434039910413
83847.6377937943,64,731.3690573957825,147962.8821482822,46,4,2295.0685748795695
46102.826621240216,51,746.2706313499623,160787.24081713945,161,2,3181.6535303204505
67636.67808979907,54,544.7084322916969,238290.56256541057,220,0,2900.0612112214376
30698.29469803408,57,519.2996941263532,163709.66045359947,76,2,3492.706290726417
44808.440100456595,36,590.8586987643848,217127.09846327026,212,3,607.3103113308612
83327.33156043918,35,701.6307795994252,198383.77417769798,120,3,1935.9369270821726
57126.361942282805,43,799.2104779801675,123615.23188576203,248,2,1755.7669640639608
66604.81234567678,26,651.5785307806941,288186.88887308986,316,0,858.6451836452347
51367.233865501476,28,600.6891885089437,210329.42193923253,237,0,2286.316310343214
75067.30787981638,45,559.0038273212473,258475.86798810202,141,2,2249.917677330803
74057.00620088607,57,706.0957798074945,206158.86235389064,114,3,2378.8616609214637
61459.38624605574,38,639.7868422839431,193500.36968163645,144,2,2852.6721200388024
41887.426391043846,36,581.0704988234301,15377.781665863644,166,2,1942.260599293389
55911.51526283342,34,807.3582342430534,206521.94297959527,165,1,3054.68815063993
45038.48654277299,20,615.5780882092239,121776.33819318289,135,0,2695.4934421130924
35275.467666348944,47,559.0879736982548,132587.42357402347,130,4,1855.4296424181448
56137.978399100066,36,734.1319492013224,121946.96962278987,307,2,3831.0556545005265
61130.77163745186,24,585.1224452887265,147640.4234077091,162,3,1304.3042895584504
65411.79587848361,26,674.1610261808777,211589.64470412003,133,0,782.9766822433583
49404.65147525046,58,584.6163321454301,243407.8648636042,235,3,1464.1440097234113
34099.935452514255,56,636.6983221568652,165519.83749221778,193,1,2834.4360224239226
57516.96815206089,59,657.3837756334036,141557.16782705073,168,2,2760.084522878568
67708.99814818468,34,822.6796455007982,288670.1681043551,355,3,2015.821887612969
67594.74290761419,25,794.7013507913794,203783.94769869692,95,2,918.756888200325
59147.771445914004,32,650.9440265250178,158639.60599747373,188,2,1830.6345043258575
48090.835307686626,36,664.9187277699815,202954.41762051085,276,0,1717.093645351476
62528.27117209576,63,648.296143393295,204820.39773188232,210,1,1700.2785365016264
68282.83901804913,40,456.7968906319701,246576.83550989517,189,4,1251.6138086954302
30180.632513148626,65,721.4365118058437,199400.9308514153,92,0,3621.3097788322607
26904.197802995033,66,621.6504671746453,180704.27047954232,140,2,1093.5544779581792
56467.5927489996,51,708.9479291908126,211376.25452853035,192,2,2032.6379976956666
53038.6866805566,46,536.0595306991914,292926.1621170181,56,4,2826.526009608201
40753.304915477056,24,810.265350274015,378236.6950906704,195,2,2194.9644289200505
50289.26481772907,25,473.4901434088189,78337.43648822223,72,4,926.3332030964559
69052.34421386798,23,762.7591414700269,157584.149479768,46,0,2998.666819059213
33632.6810355264,33,554.6743303079962,175455.678366142,244,1,1470.8659973842005
54363.04946720079,32,589.8043701474818,234694.89821546446,143,1,2234.0636526929325
47943.664916087706,31,688.9226790466737,240723.89963958488,296,3,1998.163674769944
37608.48096540603,38,603.3454892733138,186903.20092198803,343,2,1712.0902351612679
73443.34878722485,30,805.8207818542382,126550.78473182568,105,2,1636.8937340141201
33365.361970596845,64,789.5449979589675,241861.74954585088,34,0,2078.684566199423
43370.04547837627,52,731.4016737668279,113930.84695352335,105,0,2557.34888062458
51487.66752754592,51,655.7549257606214,268192.214720272,38,4,1768.3218360336493
64956.85716471567,35,634.5962785068621,229634.97930559312,328,1,2799.1973896762693
61024.266459296385,63,542.1852581380392,229049.67482632992,225,3,2028.4342108585045
41811.62257263169,34,692.4112845647503,176680.67029338583,322,3,2873.79950258431
54218.864132778195,34,649.9158648248306,227956.26624040003,50,0,1866.2467190563677
55041.70331342859,42,610.9294494419049,218694.40892922832,311,1,1856.99614239405
36617.62244856611,56,761.1621932268522,196209.10216285178,248,1,1453.7454609373135
31214.205550902807,31,617.7833260667645,235114.94282609792,99,1,2204.974202923575
52883.88581685946,35,636.3520567356406,189929.90082249316,74,0,1344.5765518163373
41240.74364269403,29,610.6283693101651,199981.78513950462,281,3,2734.151621295159
66612.51697711916,25,682.6759479436075,198438.58340183576,301,2,3919.3753889833224
41975.80625684123,43,757.1183391063406,219093.97822365595,70,4,1242.6062390503946
54065.36748763895,65,685.5665052103539,202817.39339999005,96,0,942.3897801646733
42688.23062504013,34,517.6655169433102,183909.81013350433,67,3,2136.555470811273
58355.53475412233,35,486.60028134927495,178547.64800723718,156,0,702.3239287583806
30797.990287511642,49,675.4751554822803,139455.05108152944,277,3,2110.4597892036777
62627.751706208604,45,697.7188450449258,203184.62024184008,168,3,2139.9490099861364
45477.896434061804,31,627.430229470312,229838.36558398503,221,4,2239.7062538500886
69068.5729748811,69,618.498081095001,162218.04773559555,232,4,1779.1517161803688
38941.509088832645,52,659.7545437841962,120087.62244286682,89,1,1848.3721360978757
49969.13541116158,35,549.2216510056812,134296.57573503244,261,1,1978.466519978185
55910.231528711614,32,561.2076452332717,133964.48337818176,350,0,1386.8804796761742
61250.40690803214,65,550.563895853809,244922.99555680773,197,2,2770.848973501931
55375.63022511239,44,715.3011766849352,208220.4609314848,263,3,1722.8274877051977
16562.070672660397,28,680.9386442785743,223436.04226322623,353,1,525.7442247427048
63791.56526546266,69,709.0270610849291,201720.28433441775,33,2,2698.517780713185
53064.03634315504,26,654.0011034474662,256817.61748641217,224,1,1737.9523057797715
46449.83570770193,38,654.7727936938348,176901.96559311892,227,3,1716.731998521164
48586.94959821489,64,566.6562280380326,224594.51642834776,121,0,908.2204361589897
64090.147883049984,39,744.7986243245009,240389.20779785461,177,4,1709.3441282498627
32612.350754931627,29,814.5386487207799,196974.2367746293,139,2,499.14752004185675
38994.00238895811,65,558.4760059771128,314161.17957864894,175,0,2401.416571623939
39447.78642951217,43,438.3798636022718,310880.47838530806,188,4,1296.5659187110841
24913.02514976744,18,646.0952658382243,212915.14168416781,356,4,1372.1813427445932
37486.248509101504,53,656.1692590261658,242324.0202239304,286,0,2582.077552548647
68126.2739116042,38,701.294201805196,144324.70197911706,81,4,2823.065482457504
24825.698150628534,56,637.034339818255,181362.10916541674,334,4,2253.9249900346185
58734.01004751004,38,769.752837372068,142266.9647915864,212,3,2289.0624678458325
49782.64192549985,39,610.9585237669062,139565.91466423927,181,2,3029.9207269458902
41260.6418159087,32,648.0137850621938,158450.46109979253,100,2,1760.1426784732269
90592.42680843812,63,537.8595621991257,274330.11622984847,272,1,902.9795831646802
38196.89501318512,60,688.9846845615111,305989.2810194269,23,1,2082.736332486768
39363.812287086934,31,615.8588044957502,199713.07845084008,117,1,2890.186808391537
36953.46503149187,35,842.9082197171986,202349.78668369417,255,4,1175.0685134894552
45689.68250144059,69,455.437572559517,261664.80106143272,156,2,849.4034042775875
56756.401990157596,68,692.7628663721125,151282.65076401207,43,2,2352.2217122639227
61225.94244198288,24,590.9095092445641,138484.5698823517,76,1,3278.2673677881376
75319.62683893746,63,580.5690379616515,231618.8827495034,19,0,2807.101216365397
57823.36392880793,48,647.3025841883142,152743.96310653366,198,2,2907.4473366485
61737.886640688965,53,567.0249632863762,329001.59112051217,304,4,3886.350838356817
45882.990104529155,30,754.0541665141559,146777.76738350978,283,1,2113.467785287758
46592.853495884825,66,705.3093929233079,152674.0212633844,324,3,2156.1948272141253
63168.266679701504,49,651.4670884038327,175752.57879757427,16,3,2742.226978053147
57904.50503543002,24,513.2256390005455,189751.660240682,307,1,1919.9591923526325
25178.592601489494,57,804.8302337328059,148895.04475927787,49,1,1903.2164253459262
74130.38898395034,59,501.93255476292967,193711.50382577933,171,4,3373.9109700000836
51813.51511723151,43,532.2090540954142,270694.3019850471,100,0,1840.7961614526494
22482.247241504392,34,572.593544941383,200058.9612982481,352,0,2310.0804336302435
30097.300452673444,54,793.5488177088196,237586.91598839208,139,4,2004.3461373555083
43217.489767695726,20,968.8778502613911,86988.99013570338,169,0,3001.881814098936
32741.062056055776,42,692.2134423149744,207093.34319745604,205,4,1989.791292910546
47995.23239504258,59,591.1266173215022,245295.29557837892,164,3,987.8759072611505
55772.787872056906,44,736.83974577053,229952.7687380832,110,2,1524.5607645361151
65560.19210672364,18,641.1128483566355,179445.09049918002,195,4,1527.3965942664086
62753.95310900221,66,659.5598062234891,160576.76095384575,129,1,1387.6177426795275
42018.56219551942,66,552.5388434519343,254749.7039271022,51,2,3273.612585168361
46491.52586865335,22,611.884510897983,171876.50711890004,24,0,1913.5593167700406
57500.78378068227,54,611.5111077769207,161150.2322881331,50,4,942.0056089613468
34256.48942394131,19,743.939813994099,188076.2580978023,123,2,1305.7129826748828
49393.8178404518,18,538.7524657986023,256481.51891168527,240,4,3092.182402757293
55109.536742495446,46,647.9240818679763,267971.2507100634,226,1,1082.0897257178958
33050.205603812414,50,652.0739535634505,264723.59832974174,190,3,2593.1006096189835
59142.45754729544,63,569.6582782824191,144437.32316760687,249,4,3303.162618239373
41465.78453761039,20,629.6805145188703,211574.02441734992,136,2,1121.7824575674567
52680.33273676558,64,720.1819904880973,215361.47799233926,154,3,2432.8405774546645
54438.65778071536,37,528.883873571415,192889.17499575252,291,1,2784.7440788503563
52387.8512103665,53,611.738497128267,152995.89659554927,206,4,1602.4292864139265
89131.49257095638,33,657.6085631467512,181580.05871514138,301,4,2783.76792386438
72411.36566917312,69,683.9741994681256,200059.88481037345,28,2,1414.8089766452972
77755.26240904865,41,609.1784589208318,91712.63235982967,320,0,2235.711626207875
47561.7071299581,35,525.7298513186341,268431.53839083744,300,3,1549.349760617553
80594.33687688899,49,587.1263325120619,113792.31545584054,30,2,1890.5778283312634
62973.39821994656,34,648.9682869214446,211409.1225792613,138,1,1485.5269227607978
67315.60126812989,66,707.6144279108034,157074.8745963065,311,4,2515.26767917517
45924.887665791975,38,636.3151773751583,186536.38703547895,325,0,1428.2881390589705
33304.89203399122,36,591.5270948184802,217203.94809188266,220,1,959.145295098642
41171.969683189986,47,872.9641278954373,167616.9531865347,347,4,2284.765318825395
32431.435428332785,40,865.5113589694236,157571.6956869152,73,3,3347.1335000824943
33232.144730300846,59,713.9362515733677,267264.2623919756,139,0,2505.0890468984026
48350.61611028419,67,466.1466896209877,130776.14082638531,267,2,1177.1075699924697
51558.32989740892,60,791.7902540449963,146095.88837428807,227,0,1462.0380621449726
53352.65814073382,22,625.7782242044267,200286.16953433517,78,2,3167.9783807164836
45806.350670467014,23,656.0308675699716,234566.36880283555,116,3,2341.3173636263286
64350.11888276231,67,624.8219536501241,168333.553903176,62,3,2272.524314384433
61580.68660646079,22,941.7402294654148,186457.57942849217,111,1,2801.895456462934
59189.86228670854,30,489.93910819893154,156112.68434658222,40,0,2597.8203018320773
40468.47834456752,59,703.8373321212913,225759.7545589657,70,1,428.2413639556132
49485.00598924905,26,590.5550066131447,205772.95975756558,185,3,2813.269561115561
50887.99996836643,51,768.4353441211928,199613.14675107377,298,1,3372.3463094391145
32615.677969025855,69,469.08332847529437,221111.76412868637,69,3,894.8192292356391
58801.18289517598,54,745.036505934113,223156.72236588027,196,1,1547.6362194653852
70797.55393732555,64,701.7816349904687,144986.6942383818,210,2,2718.7146812655674
48414.56369352006,64,591.8136153728303,277105.6242165806,216,3,594.451853279006
59906.00786586383,22,583.6464176961151,251598.81623510597,95,4,1018.6771902713584
26062.870956744464,56,682.2088847783639,265492.4393799349,141,1,1529.2559008251264
85722.24660799891,55,679.6841473841507,169031.42801785897,129,1,2096.308723676374
46760.68098769076,64,684.8458235122582,210512.8577658743,26,3,863.5894458390562
34177.01128331862,28,700.0073915671384,205856.1510277283,190,2,1075.023419092687
51451.558051568805,18,599.9631721358721,63504.26708758826,140,1,1775.7677410039912
53489.387018129724,56,692.5873529970228,184403.81116904013,224,1,2745.87141273811
36853.17240643376,31,626.7686521511853,236977.33257385268,150,1,1357.8811516473238
22956.45092189156,45,677.8363817037824,238189.98067225976,166,1,1408.8960120096274
57214.07387505344,30,612.8804339764775,146828.69137653307,208,0,2248.0983043466513
44895.21888343284,52,482.6391439331599,134961.89388071717,214,1,2446.032458781672
39651.55434642834,67,737.3749013765732,229531.13753562592,86,0,774.4198261848278
61407.93440759815,41,733.3829949182062,193367.99892859661,72,3,2057.8600113709867
83386.11730143672,45,625.5860829845602,211175.4633041985,263,0,2013.1709047297575
56587.60330967078,66,577.9001921955389,149455.11110882837,322,2,1260.0841331482707
60424.9245518136,49,700.117313319321,237456.21151864715,221,0,690.2038444287484
58956.484343060474,38,639.7656200141452,210012.69882724178,110,2,2432.3371743057505
60030.979290299256,61,590.7827568812088,232204.7498536005,124,0,2091.226856635018
36779.45549972144,35,625.565155809721,303527.4979356202,163,2,3345.890039603452
45720.04450298779,38,597.2903848058305,145703.1489580553,61,4,538.7251504757448
51619.68143956204,59,733.4580265815205,239013.73489824162,86,2,3183.163492604705
16456.391274104877,33,676.1930297064271,252127.42412582628,37,3,3321.549628294143
46287.81255770921,18,650.5943937872223,218538.347470873,108,3,1711.0471439069656
63708.6415514501,54,566.4279580014281,199535.4999206162,209,3,2172.609420861569
45889.2100278111,40,899.5176047412779,207320.29944426837,228,0,1217.3939687015827
34171.15314624712,50,634.4192932538828,190398.13918483767,181,4,1592.7434704859184
26140.506436028896,23,736.974372171389,154929.4605937607,71,0,2875.2671463529177
81524.69427780207,45,710.5310716283134,227924.5843872413,151,2,3024.2728463916774
30604.210946860927,58,871.845206174196,152388.92109472578,176,1,2590.8089436920354
34972.94257216285,37,637.824096006173,183624.10054377906,147,3,1126.7862645667292
63614.04573643176,48,558.831796304912,217109.0275895058,207,3,1270.7611224136303
58034.77724060889,38,686.2499449345516,165114.58886298916,31,3,2033.991336668709
44639.174483792725,19,612.7380072399176,179107.45816897604,265,3,2202.605086212265
68357.2922610666,22,538.8278344917985,77151.64677395989,90,0,1846.6714434616365
38093.02246808814,53,631.3908840117774,201794.54348659382,208,3,3232.4038055034557
36874.34803957109,56,607.6355679174826,209248.91809107343,313,3,3092.440237398824
38793.67457430014,48,677.2893045935834,185913.92439683992,205,2,1000.0184240963556
59343.40671037473,64,426.9294687904895,157571.83285001817,104,0,2392.2659879890152
47015.91504640811,68,777.0786428157885,211063.8389274835,160,2,3171.3345672968726
53600.20490364946,69,693.0095111963697,149579.54131560522,294,0,1412.734862371025
47964.4845778851,36,687.9938428983448,232281.1542775514,334,0,2900.935969797484
65121.38985375007,52,769.9181813675808,154805.59964522233,316,0,2599.899058087653
44441.45995306729,38,687.1031942466108,125365.26103480323,202,0,4170.640132259992
42600.59199703998,26,665.17273128469,169041.8837303143,118,0,1528.6930479974042
92566.51956326155,60,796.620781706712,174592.99706789877,87,4,2203.4824495052817
37573.29194422507,68,738.4246570249443,158888.91180539437,263,2,2074.6179736137383
64091.60988119441,51,649.5161702828165,245620.9738152817,76,0,1801.422344787417
73035.79145969175,41,651.6086522707559,112942.25480949577,45,1,3117.321753964354
55520.39686947865,20,621.0094799983245,253016.3143983044,66,2,3812.503984444721
48049.31098388687,56,800.0225500428526,130577.26911798722,88,1,1518.076100341293
35158.08025524549,41,666.4541719618887,25801.95749367599,171,3,1905.0147353140744
57752.62257598823,56,701.5467025703465,255269.04488083752,148,1,2265.9065860652477
52716.848203255155,56,644.8986387836128,270680.6850627658,130,3,938.3217722969594
49304.16278277694,18,753.7482175001215,187856.71209628216,312,1,2979.8702289730845
42277.75071484389,23,716.7580451624403,256971.63243874992,224,4,2026.4430752700873
48827.61997859333,49,520.1708429212433,146453.77963355894,25,3,2272.842334669101
45611.75304186353,45,672.708248492205,173791.28614187712,80,3,2303.4492365146953
62053.08281802279,36,622.8506325893748,255568.03070690634,18,2,2583.3761846871917
29934.26432418617,49,627.7651778587941,177705.72997143187,80,1,1640.9213735404624
62520.36981963465,61,826.9376714168744,189020.12405938059,116,4,2541.684384107156
40548.81336163006,54,469.323738211512,225947.12703649243,204,1,2946.861393269437
50481.88131560553,37,491.8869385377402,247514.45580166593,250,1,2291.5038454824316
66226.77845066597,55,659.8618757485178,232923.16357358813,325,1,2905.692029923331
61327.90875784353,39,544.9504110755862,217088.65635870994,111,2,1934.6584159880717
35535.0153404018,23,730.9911366003474,212258.47332056155,69,4,1558.626924610147
64158.0312589994,29,575.5023603605442,174366.80571972765,228,4,1907.8798423728551
52345.92406980647,42,658.8871609223862,218158.11535424303,93,2,1734.1493320922573
34491.66088870372,56,632.0797860971502,224319.659556713,238,1,1941.6341594503751
38968.769163441684,39,680.8364265433825,239173.06861984413,269,4,2797.8050007897978
55830.761597084966,47,654.0020910552788,268453.6138323499,135,3,1814.3368348368908
57081.92661080156,52,665.3706118641107,166908.31092550087,244,4,895.2049839231436
59306.7847787043,37,570.1424399575468,276604.24221616506,82,2,924.7142995994138
49265.42377310071,53,531.9033823844984,166759.97690998338,331,2,2634.5627375010695
39460.602191990234,45,678.8196847411009,203460.14293102702,341,0,621.5623007075544
43302.11556328437,31,477.341758333075,190556.75362410845,224,0,2389.763817799527
39747.261707614445,19,514.4854059286148,151849.8728791165,199,1,3381.0540387349724
59491.520108144214,20,527.1573523871143,215671.6324166,92,0,3338.4708332159526
50086.59854861613,21,642.5561961607451,179375.40966360673,302,2,964.6603840910468
26205.113881167785,27,631.8477325769599,270870.98448623426,84,3,1475.559487932507
45947.63146683302,62,530.0663975942057,216756.69842438216,262,4,2239.5676975289934
60823.33877713745,38,708.4396851188636,102489.45154476355,247,2,2325.7043212482795
60222.3160117686,25,752.0474316488695,189483.57970699557,159,2,1181.7374834535276
61205.72257759076,31,386.5654942976345,181266.47155128533,266,3,1267.4248223164884
59424.50316325876,22,498.2188299451898,188058.53920499337,27,4,-104.20188549109389
73238.73095810763,28,648.6448553730304,122546.80068314448,48,0,3108.6992384585697
64470.34852193032,19,668.3633250837314,222230.01033044292,56,0,3098.4396686082964
58550.96995208668,23,582.8655121083779,119627.28056341237,87,2,2435.7732404472818
58969.15661200553,55,764.8107520003593,183219.36186636938,172,0,1939.8507086651998
48655.60008822066,38,636.3072264839485,160354.24886586482,146,0,1795.5789460772455
62301.495356598025,26,851.0114007976913,160727.42988161108,112,2,1433.7922922648886
40361.60651928227,65,686.3201496816021,267562.63840670075,155,2,1290.8480263476367
23771.00810069206,28,652.88600577837,227691.29567635886,34,4,455.3582659656647
27322.105862292174,26,661.9020244286821,171419.44965581255,248,4,2177.8055426994206
79615.7969159855,59,538.2484222982614,206607.6144079967,90,2,1417.9742695341968
50981.660036515845,44,659.5242539764512,185554.9310263914,205,2,635.5377633647988
46118.254685571876,48,548.0015878961045,211236.35883943067,140,2,1892.1022421919968
53386.855013091656,27,663.9714976231336,186351.5192650138,254,0,2741.5378831984262
32482.685392379026,50,538.5835272769157,233771.99827304497,52,1,355.1561987611194
47578.69548069857,24,618.313715269395,193754.87596211582,268,4,1897.9465882977622
44187.63960392365,69,659.7874605211305,157349.1884945395,162,1,1957.484133748118
54253.28044205846,19,663.3194138354539,192504.84841502717,320,0,3061.177598127192
52170.521269384706,40,494.7649569475201,252506.27622937018,311,0,1391.5638882579603
37862.36375188626,50,655.825713777979,170074.16512491615,89,4,2165.0091321760647
63765.93475048519,33,400.9699303133846,185737.6728691715,219,4,1643.246293828634
62419.826763497695,46,688.1460918477924,178032.14695521,277,3,1190.333681287194
59869.33911016799,42,764.4814058111571,222871.94077375083,202,3,2820.468238390435
41345.54638569331,67,681.3368011801213,161899.19253454325,281,2,1154.354233399458
43660.700066895835,30,569.0725100846402,175381.62389003183,325,2,1455.413481978823
50006.83137777023,34,759.2918741182862,289315.5271447363,327,1,2892.936417394887
26496.91712280279,24,644.5736202237098,224017.64440248342,221,4,1253.0580440812869
58368.617395777335,44,565.2338663426156,143262.78958938236,255,0,2033.5404852263775
44424.417973338546,51,738.1355685605033,345037.91275659716,164,1,2657.207794763194
43051.34617073112,32,535.90324716003,212533.22629376384,126,3,3096.9595535059248
45595.03794842318,66,760.5444616796086,256650.70587587688,195,0,2843.515195714841
45514.68081186922,31,736.2238537679175,188384.11250463285,26,4,1752.0663729264252
67503.81535109396,24,350.5480303683597,235812.42723930159,140,1,2825.509898137295
49555.59642378637,61,786.4102768265395,180495.7198619092,78,4,1470.9598745740611
34729.082611921345,55,461.8773773252882,204505.11265355977,218,3,2595.557264086146
42063.75593461838,39,722.5956586783773,185617.8889524157,82,0,2886.8833024068767
71899.4071164804,41,582.996442435822,192057.50257807414,40,3,2550.1604221329835
45237.56399780135,61,642.9051158036382,257259.6543483599,85,3,2512.466109339851
22260.212344065316,46,598.8050078313918,203558.69836742105,276,2,1876.8795999135643
34168.96586885358,29,625.2959346596701,189822.39836532949,301,0,1766.8099034116353
36418.468766050624,38,699.7466443926311,210552.52467325944,219,4,844.4110423129587
65027.24639420712,49,768.3137641990754,169716.48287849675,287,0,2012.148346677222
41282.55868769913,57,567.6861369379859,207438.29392046624,160,4,2229.6756222545837
48464.94401589991,52,657.9232718575382,120757.83499833662,257,2,3247.40778852532
40606.23930714726,53,805.0322906983935,204315.73901821923,142,3,1645.3075029278054
51552.90142655684,54,656.1098449054398,215905.50736848373,226,1,740.8328748360423
49643.09552807872,40,668.075926936784,169708.41453882997,13,4,1033.6263937887184
48015.645073900785,33,699.5773215374737,234934.6692605404,229,2,-102.46377599240304
33860.8234764932,52,593.2924312832475,202388.81573510225,134,0,1144.3257298582091
38569.2704791359,27,602.7138746867631,225539.71483046297,239,1,3637.176949290493
42246.51804227169,49,507.8927168162271,203264.63341252215,81,2,484.7133731202564
57840.994369930886,59,688.8796420122999,174251.93631676945,252,1,2733.2689459942685
62102.26199660892,28,513.6266143643207,305388.1119050978,200,3,1988.7369464726232
37669.63064466813,55,779.69992848178,205589.29046331465,270,4,2800.927094862573
38538.32700980719,21,736.7260151775868,213169.59385127175,327,1,1466.5388547405173
67494.75537979987,64,641.8863992614733,279320.60499816545,24,0,2861.4485340746714
26877.996713596454,32,513.0586503165841,189488.9022803257,249,3,1659.3454167711302
50768.99042562709,45,692.5928586106808,193791.85707998232,109,3,1901.6491396137087
47468.93703970502,48,809.3232632454943,126233.9668792099,337,4,2436.2507807484026
59777.5031922485,33,566.3343638303976,213103.41317581895,355,2,1335.784462324275
64504.34061091209,68,677.7592053813584,123652.30166269967,311,0,2698.705049907459
65978.61478397228,39,571.3594268965256,162571.88136246195,297,4,325.162552290579
47709.03205360748,69,615.753555240357,220469.13345167678,163,2,2421.180173061632
41414.313632174446,44,681.8000459868091,193959.71367449162,258,4,3813.2693144803575
49841.37175890179,21,481.6420853617045,193609.57656342888,339,1,3420.616530870586
64768.68506562856,25,552.6476807657956,196988.6301786949,235,4,2798.5500414644985
38264.18843697827,35,596.1735969703133,158993.76372389047,96,0,2426.781654197508
49751.098626759915,19,625.937688606963,211001.3833850235,308,3,1340.536151287391
43110.75411151943,22,829.0010933651947,222382.9969543066,185,0,815.3983253921274
36018.98491553381,41,738.6709232616838,140298.3137679372,225,4,2758.0928210984675
35483.10211959483,28,593.5152763483399,113885.13854900369,105,3,2555.5452463340894
66215.2191243448,56,523.9624725986158,102534.47280858087,271,4,2783.9425751121144
52455.11176739104,62,431.9095444489983,182898.34203632246,260,2,1989.3297959823399
45155.81271875898,68,534.4259684697296,207596.68999534007,18,1,1343.2538077779059
39709.96851611736,34,649.5346713153104,262576.2091098531,91,1,1674.1579796342128
53569.58362508932,39,648.9308699721768,203570.46719382514,73,0,2507.921477387626
62902.68759263822,65,609.6719784809991,163246.1394227288,269,1,1205.2952173987953
56231.12634619588,45,735.4992203464275,227139.48999475688,226,4,2225.0635803770724
57449.81458283483,44,599.8152852611736,200880.1511503743,163,0,2354.9944137757802
49622.29454321446,35,757.1477687200367,272305.8672580412,347,3,2827.2773262189357
40238.82728896675,36,612.8266696034989,223368.86949090776,357,1,2130.872823590115
39232.572105455336,36,679.5378035562246,228724.23084130388,220,0,2237.420210688995
59961.481221128015,56,575.7756166659967,246905.65778397268,145,3,2048.574162365047
68701.00828657279,54,725.1111993564235,244672.7066557026,237,2,1999.2179156083691
68829.27503397867,41,667.5289742672276,170313.95686114195,168,4,1616.8737772688842
59428.39505965775,42,695.2684440881292,186468.89515856514,90,2,2514.463536382683
25682.9471659057,20,834.0188150628953,203654.17402837888,52,1,3035.382530632689
59491.36967435112,35,755.886818117998,201430.70163122946,257,3,189.4020650363932
41411.7618983506,58,419.9355577201603,236776.61740069996,254,3,1435.2484970237197
16471.552654645035,20,606.353575643042,267779.2595563453,91,1,630.5049401705082
48416.77157318829,53,728.2713998561934,235718.53598483664,46,4,1494.7057298887278
33901.03077517527,46,657.8189446934473,267633.6817533702,75,3,2146.9268558896383
27104.729912201565,60,589.3956047999567,154218.67069469887,35,1,699.3524658346412
77683.78175283341,18,681.1567962934649,166534.66953857758,38,3,1042.816510093837
28355.223369576783,53,572.5921743778043,164025.55983995958,292,2,3227.5365796244014
39270.07454770226,65,657.5700030567938,302884.8440584079,281,2,353.1417942813614
22493.296061779984,41,867.5082381755508,196727.5294282233,43,0,1542.977230831093
49127.492707828475,20,598.3575915236075,246552.90001131193,292,1,2584.7694331450903
51183.27996896351,45,674.0481864847097,295415.696256418,310,3,1747.1852563584052
41096.21309694971,37,764.9165097250508,108059.54772651335,239,4,2510.900276041503
41645.56952764852,34,621.4139293427686,165287.5150752823,222,4,2132.5832085997235
55567.889922430324,20,622.6312970808431,170226.08787885553,310,0,2059.8449000826727
32989.09669717122,45,632.7225556856157,188603.83819996024,67,4,721.0330309491824
61554.759761127236,43,688.1162985635568,139891.3979025309,323,1,2988.3227647443964
56413.40300174616,22,479.296624400891,236635.691576448,152,3,1356.1466890910194
54881.710996409674,24,507.2318543291066,224084.14037711703,150,3,2604.0807146323236
53130.44039810775,54,643.2795079371964,262278.6159915507,98,4,2418.506506320923
62843.38449933782,31,575.2335411834599,136598.24341233436,300,2,1770.0515957610587
28307.774842256276,38,480.0560194243977,210095.55084357967,348,2,2474.897966618334
67456.99125631354,23,820.6014738555804,218095.11894650696,58,1,2130.8467094671414
45988.53833807988,46,576.3373938569642,201454.60007711296,31,2,1588.6926518868938
85012.51770616567,62,690.8483211518615,158015.36488386788,259,0,3581.5693837787157
4103.401375044741,63,628.22984618547,198133.73651638598,53,0,1215.1602602050866
82423.55265454359,51,549.5659969787766,225324.40397521612,272,2,3569.84559336456
61698.04306669745,29,537.438122789757,259136.71906908142,74,3,2338.8003626866894
49433.22329314041,62,805.9748015396821,159738.46142350184,163,1,1373.1418601636192
43486.89122948301,45,686.5215730270862,244355.3827570845,92,4,1499.587428829026
51077.91839671202,40,617.2547988230696,147372.42588828187,24,1,1975.2093210138864
46693.11335353873,48,665.1302062998923,255457.34608709806,237,0,2048.4432164546456
46320.41126498973,25,498.64580576100207,223358.56012993754,231,2,1015.6401347403709
57182.38395185323,66,625.3303492582534,145484.21297464252,343,3,1381.860449060112
44159.855635094646,32,642.0297963923674,190459.28935301388,120,2,638.2159564678959
47852.36396626747,39,658.7780215234872,144736.62470580358,278,2,-923.9435282255513
63768.84562489427,45,697.2519551235491,207102.9668056155,60,1,1314.2068852565167
58769.87071045098,62,689.2383967024264,276831.13452038413,347,0,2646.0479425637554
33196.768909693485,64,607.970905705722,262341.88295498054,289,2,2745.638233765679
65503.31590767036,31,715.9135500305506,263617.8946527211,83,1,2898.500662355362
79403.69174329046,48,547.6734442027887,217970.7709942796,240,3,1650.8647138536257
65774.25205631887,48,731.190716440252,279283.5252624288,191,0,3413.659323744335
50462.645102916016,62,553.8613003246144,189249.0232511628,249,0,550.0561457992301
25744.818749562037,35,603.2798122563897,212622.15113075663,172,3,320.51007064539294
40573.719286872096,35,522.9394161820445,180080.81453754992,275,3,3076.2498477750764
42470.22738306854,28,765.4776436358188,234766.47908816746,285,2,1143.8037443257826
50196.83684679661,26,669.0081352087245,156849.7522427375,103,1,2763.4294783172763
28752.98879475428,62,805.3141423410616,91444.06179081417,154,1,3296.1060822341783
42656.08539490452,52,601.5710075278331,163752.48348880923,221,0,1289.780952861994
61039.593076319616,19,836.749280737217,185125.44244562724,207,1,1811.6259843752096
76077.77176574318,58,607.277367666766,256390.26969737976,72,3,1105.2970027243618
67914.4205358097,24,829.4467516653552,191438.1379330838,37,4,2043.0734868514812
50825.06610143015,24,757.0042271214173,206806.34334790715,202,1,2679.2892000955408
73412.41146208213,26,645.9945107330044,366446.5792886649,37,0,3108.85650198177
46550.994916368734,32,770.0336748974727,260341.68889124008,111,4,1942.104104699115
52558.43444941429,47,708.6440851463842,202062.6965773465,314,3,1345.2027849089804
66469.61766601972,51,670.4059865661275,310495.59542282426,287,1,1254.8566818959866
20795.979605021377,62,844.9804907364953,212790.07103777907,209,3,2191.6512628391943
80500.21388408303,44,759.6946680076794,131198.55897314544,121,1,1395.379141733112
69691.11331966423,19,535.2940255789099,166532.46733473983,107,2,2765.5265653702922
39988.21536472989,56,684.7629104920563,165287.90521366647,101,0,1962.0962010017686
48850.15863103452,64,510.26170590738366,191906.1943407748,159,2,1397.094804674666
56286.21337084836,62,519.8459509327091,212502.51868179,261,4,2768.7886230300264
36110.4509149236,61,536.5762093937464,285118.51857120986,283,2,1914.1205619402988
51609.927638531735,48,559.97521696876,249571.54227747035,223,0,638.6440639760126
75092.72239077918,58,608.6980729854187,152377.6432082012,136,2,1406.01648923571
53988.69476178931,63,576.8137755858983,210863.70286599267,115,4,3084.371568544382
36377.77833608096,56,736.956389625752,217485.70528312153,16,3,2666.7416242088775
55578.387885000164,45,598.6991784478018,252206.21852754347,244,0,2534.4776636615325
38345.904099737876,27,696.7736918066695,132569.7323975788,302,1,1029.306492492327
40499.450619279654,40,642.0560588005794,68394.46288013156,91,2,2200.503146482328
55174.91702046766,18,499.56404902108125,179593.22496449054,64,3,91.37338434304274
20553.42819742481,66,517.1797818281387,220151.0026557509,184,3,1517.8691748130418
39821.023839815796,24,517.0463750418637,146335.1566441417,243,3,1657.3579688220393
41152.586784855484,27,634.6845579147695,276449.1454131424,154,0,2274.2702037960926
41140.35616957672,18,671.3498365569953,203351.88479144208,287,1,2097.3811461273644
37574.13497898931,38,591.2175387722299,205207.68258490736,190,0,2834.3288498302477
43835.43098556279,25,876.4600675064452,181532.58968783566,37,0,1688.3254700905823
63203.096162961665,21,685.2759885807518,231004.52127457046,184,3,1977.3521443609397
40977.53575906186,67,696.0064531312644,246810.35184747615,135,0,2424.3915300752747
72372.5526383888,19,740.2170313360881,176226.48375296782,19,3,2001.6316578189428
42240.30152390036,54,534.1148336557236,201669.63908893988,62,3,1580.7482355557404
35841.930289168566,37,699.615697355826,230438.87477653654,206,1,1981.7158528636862
16584.29625368423,55,611.3624289911602,176041.56847063766,103,0,1629.386132570338
51070.082080702916,33,579.3605467607763,252973.8150773882,70,3,2525.6676378951115
71516.37849658892,33,778.3088603239188,162790.81260244251,168,0,2388.872818544708
31638.221879155113,18,659.6164954172399,143714.05223344918,252,0,437.1884359128476
38201.146641862,42,678.5152663938243,239182.47000524512,40,0,2764.083626960342
67727.03891089572,48,631.017567301801,227510.3852969257,348,1,2076.7267604731464
54158.17884470577,28,596.8349224437816,197679.59540691346,71,0,3257.8583946098133
37436.82741398063,58,571.1925654198208,136505.44653475017,139,4,3014.836394363312
71513.45779322868,54,762.3260002992804,144744.84191109447,89,4,1308.1586009421603
34086.43317669808,34,736.654245886718,236340.1059794593,269,3,3286.5135909981072
51731.64170474358,53,550.4034075817011,280331.92814618576,148,2,2146.8996630858537
52596.92349567057,56,769.4215946075511,167743.46913685862,135,3,2879.2466208488345
39757.908547020466,24,422.8944691626461,241336.2990033259,71,2,1241.5026890578283
32594.720680853352,63,667.4046543500987,196376.4001888068,336,0,1726.672594817017
66118.87531709002,27,500.2685927626985,285148.5052119331,60,4,2054.7550249141304
66836.41190925313,24,509.7627806463572,155576.98748229071,277,3,2044.1333639876766
44931.72432808812,54,611.3141888637366,292480.22172213695,316,1,1533.049630430451
58788.35140333297,60,585.2139214807497,284951.0746771989,87,4,1576.1577335087366
49321.49760539492,33,626.9503064867274,150339.7703206019,357,0,2804.3973562795254
58259.69996297662,65,675.5126150893157,240824.63884295546,84,2,1999.3831582333526
34789.95748328278,34,681.9321944704872,212342.39747177117,332,0,602.3782697312608
54222.14583425217,26,652.5533244671643,267682.8048438816,107,3,2553.8507726210996
48951.709435652934,45,771.7836927577839,245634.77837096612,350,2,1452.7300571933583
53272.1987702158,48,866.7693949943267,230586.77919576073,30,0,2767.2441258787653
47068.2345597789,24,599.4334141198553,231171.71241377087,213,0,3150.5760067473225
57673.00543554389,41,523.4162481456225,168118.43317338187,52,1,584.2293612883352
71635.65922656914,31,577.3233007479718,234900.73479366023,30,4,690.329080226586
54611.245158432495,42,684.1771287696388,155831.80845414835,243,1,1862.5376139695313
37884.288196083646,18,579.6924703166383,229247.12660523452,215,3,1093.0505650833143
40331.089154057074,48,699.0900671237507,183467.36455071118,237,2,1601.3931044928634
23349.13050401233,55,470.9770526707663,162626.37527295158,313,2,4076.683638439449
72352.37907362626,22,581.8176807889945,176832.39441007667,341,2,2210.207527895001
29249.291764003676,61,518.5287572510947,200910.7031766947,308,4,1862.8026656468976
66818.38002089655,51,778.3315870823782,255534.36497367738,233,3,1128.3691346401474
62262.64046218775,29,707.4837421348892,186876.63134044115,60,0,1568.4555009212788
62908.54237534108,57,573.4052948642394,204891.42148190452,45,0,1116.0161821988727
72423.91024310631,41,718.9436451040318,127407.05772126044,247,3,1812.2797001498413
38162.45154401483,63,728.4539566991909,92512.03532264716,116,2,1880.9748385894204
64554.20649691463,37,711.7723807632767,262716.66128300456,120,0,622.4865108090685
36720.12667485511,55,669.140654839349,222798.13135605684,288,3,1520.9645096790223
53198.13250723703,59,694.3274090541721,219833.73005739533,226,4,3644.0386445449976
41191.50609279736,29,612.9581398717772,263533.91858341376,193,1,1515.443812617287
41149.58603575896,21,800.4684898729784,221649.4452992395,136,0,3634.4053923996657
29221.50400803073,19,674.044704748845,323073.7687394473,26,3,2906.4119475890216
56507.86573591349,39,737.0000088105716,230083.29539644785,157,2,1656.0063471231242
63981.05161161638,53,680.7714393228539,174897.05055355286,195,0,2453.7401057072866
33209.65496542023,27,575.4720443287932,161493.1798478974,223,3,2059.6588939780104
29841.31586389971,31,561.207284763313,261113.42679072448,323,2,1738.9960003935919
55781.47192631567,24,711.3504011908653,209803.10854869202,338,1,2042.2131671749737
72509.541399963,30,637.7619041182004,145032.35813311482,356,1,1189.6915197746207
56466.69370219792,40,601.0108334639558,134163.21564060438,123,4,1284.7989655990682
66390.91178395152,50,605.7609416339803,173600.64204739666,65,4,1792.6268285437543
42315.749118143074,25,590.1608863724473,298486.0259099805,236,1,1010.9885538644015
58415.65392326175,44,708.9661800906266,294756.5734587724,180,3,1744.6600663789407
52285.241024662006,48,615.6404616075276,119005.17058933615,217,1,3757.1312493007217
58026.141238568445,28,630.2634097641164,246897.74831359327,184,2,1757.097951558143
34645.81072589496,43,583.7984257528022,192078.15131507002,232,4,1678.720193687137
71638.18761871243,29,612.0471081379847,260819.09349102466,208,0,3489.114258540665
42633.87254776466,54,677.3533131094481,148185.40874278874,63,2,2585.7113980895347
59457.7621662658,40,781.7372381800634,101913.96404356482,20,4,1192.2356913217827
48236.54850806016,32,716.9938993906751,211202.524048926,207,4,758.34759603714
54484.76579170793,65,455.79451460660266,285893.38196702185,237,2,1020.9259584201271
76854.1094158905,34,803.0846109852507,117337.9342379012,335,1,1780.0468585787505
55333.14230296701,58,567.0137134361032,233223.9160279616,236,3,2470.224281407569
20515.2566252031,26,874.5906357411727,224227.85829994077,38,1,978.3525133424671
46548.00553811211,19,567.4467678931508,262372.45631849347,306,1,1441.0661793286565
38532.39457192486,58,845.7455022882724,190126.65436092802,74,3,700.1583756366467
59107.334664245864,18,588.826505861101,136737.89617506482,182,4,2240.6240523982465
46134.569428718336,55,651.1710370598545,215782.02086141554,172,0,1005.6170304261755
39412.19966165063,29,731.0659514471888,171140.5435373623,19,2,2479.854941464796
49212.21262661122,38,814.2557029708967,76755.56835249467,27,3,2396.675850927502
34117.94537772267,61,604.3311517212846,179330.32567242568,156,4,1804.6941088963415
67375.3587822846,35,788.4868628696548,160867.33323704757,249,3,1133.9216467536721
54458.768045148405,20,451.7362877465183,211432.3901667474,76,0,1291.860139075845
64199.71025362694,59,610.9539867578071,234255.6845547995,258,3,353.2916296022222
37685.64761051636,40,657.3954954046686,114476.99627911758,338,0,2495.164599668516
56017.451430473695,60,572.4182401130414,215418.26821222654,132,1,2551.0759342900783
43452.5366796358,68,630.0685520856656,193595.6769466667,216,2,976.4524168177882
26795.996906494383,38,656.6511271887971,263290.63098633126,91,1,1367.2326110085774
58930.30701370492,39,532.8481915127821,165702.96710284436,159,3,2019.2109332940493
60529.03955312849,51,414.77420039846515,71400.96270348468,238,3,1748.5351121200806
71177.95008538738,27,603.2101949334985,238165.61429697665,82,2,1502.8949427192927
46788.526842652,44,659.0348857673051,198349.31293806987,12,2,800.9286007506773
60103.36188861011,62,593.4319108064607,175036.9171333467,354,2,3131.0625619663324
58974.528561507155,46,711.871398749976,232516.25663783448,280,4,3916.0632390589626
46942.73305495646,18,806.9546867494873,148894.79696558777,246,3,2810.6120068859464
25270.65903705644,64,515.2210710349405,202058.8975882316,30,2,189.13267003884152
29150.20736802203,69,578.4341397073392,178997.26012886743,63,1,1300.227743897719
64046.07299421626,49,697.8313139174685,219420.99760582583,136,1,1425.358081643276
51552.43797742554,51,632.871031480105,207989.70307435028,158,1,943.4088985052942
71522.08670548057,66,544.4778743967405,225185.18838509807,78,1,2647.298556573497
59047.31888309947,30,686.330831664448,133463.4035661728,56,4,1678.4092900706012
54809.31786110406,21,624.7740517260563,251637.4891584238,54,1,2965.175482712293
48495.23168178789,26,591.469001729261,377047.2243370818,87,2,2900.7684678649243
55740.50559489423,23,581.2092031021513,144504.27212609118,116,2,2089.920907140373
64863.75240935503,18,729.2006709094821,269749.67723548564,171,4,2870.6106433106684
36593.37453839913,37,523.432514491929,209949.45691140785,285,1,1240.0719011848396
65459.27902469254,47,591.3373013381055,211378.1794356369,56,0,1216.224169833366
40811.148802246054,44,693.4223354148621,153856.2768328275,345,0,1960.4986935314334
49081.76481286748,33,490.1227445060209,304553.3011150377,338,0,936.9183832252393
61139.74601772223,66,871.3180773106355,182625.9371432117,159,4,1541.2147056459244
46535.92303120019,29,714.0545401007257,185225.0041016562,106,0,2474.9175371596
39823.588771961,33,495.3868334072055,147607.3461337416,119,0,3166.063025971538
33563.90686882401,56,508.64705416014476,243495.57920182054,67,4,2421.7204111604387
47917.86808890407,29,683.7906254269494,172402.13143496393,190,1,1129.1221175611593
63896.401861609724,38,751.2449639624278,196411.31825836512,162,3,2731.98984387961
75807.67486603282,36,635.6316405947762,175388.96643089844,352,4,2032.361969067045
49201.95909714654,58,606.8986119081351,200611.27978547898,351,0,1249.0453815133915
66296.72072207977,31,905.4736726296736,224330.74898398772,136,1,2062.8089695859835
59043.22013798028,59,695.1767425490422,241784.73435436544,265,4,1045.4391173506222
59132.42441924865,63,596.3970901455561,110750.0078240929,16,4,1691.5109089657915
46438.37007392641,20,831.8942883966278,209730.1267557378,333,2,331.7196265633854
54354.15992865898,63,474.7960952699847,167659.4787742278,87,1,1222.8559045546344
29957.2482035757,27,795.8081822282268,206907.53821889256,205,4,811.4031968746083
88319.22493528946,23,615.4993174155354,200612.83969122518,295,2,2183.407927129444
57976.191722665884,42,663.0900163229027,108523.29493738619,56,2,1283.1757381877014
63818.93812094466,34,655.3527470012065,141106.19304274913,247,1,1749.1066561947423
52170.41551723712,52,647.380726321609,183329.08279393823,208,0,2624.9211675399706
61560.41925144846,55,647.0577497219128,151480.6940847781,310,0,3458.862721141604
49923.51043148143,68,777.4972812289084,172041.97797178855,93,0,2298.835430798095
80194.92844726787,33,817.1830769239391,321253.6535911829,62,1,1868.7261975747206
49423.89036645357,65,503.77149071975407,250418.9803389639,173,3,3546.8723306275515
68321.62407192138,40,588.6861365191269,182034.62769575763,96,0,2968.031372506029
57941.27246437708,65,674.2040372947264,262869.3097992542,55,3,1835.9905867249106
53392.83605826509,40,604.1232614814,147767.64226074348,52,3,3809.4222050582803
56515.02230473488,54,672.047074865824,231787.28448462556,111,4,1169.781322841359
64255.98789544086,22,607.9594766141149,182353.33901317674,321,0,2705.2731909407325
56540.892543379196,38,729.4252900680342,165417.86293532274,160,0,2450.4217312654123
58575.34273175236,39,581.4245200252193,249270.8378453313,301,4,2470.63685766012
77419.714887989,54,454.3109699253474,238877.84585049356,55,2,1467.7028779247992
43545.425823301404,18,620.7238883143864,175573.24097423546,281,4,3238.758705409691
58736.364432978,19,771.3549835253192,181966.0653078966,80,4,2591.708829420426
46040.68883193248,65,554.1961269037365,250117.94264809007,83,0,1681.286055486853
34045.58364499573,35,523.7570386009756,124782.36852368564,247,1,1385.4977771079434
60885.397687127,44,628.1910563004726,306264.18415025156,304,1,2450.832802884769
50689.814026415035,54,604.4155765020064,131875.15331446932,97,1,1751.9187736097676
29594.682110913283,24,522.9278337350864,265667.0958803071,354,4,1248.3159646501263
29004.744412366188,60,797.5549514594979,270940.67051463533,256,0,597.622035224706
45216.88509165485,55,584.2897104109231,152778.15911965357,183,1,2951.406308966759
81055.72186606334,46,595.3427155145421,283965.377636953,321,2,2459.472122446836
52357.301604161774,34,792.116185535179,213331.27804104125,261,0,972.963722055249
58843.09769511047,21,659.3704103461138,148738.30652479737,314,0,954.3474179395978
63253.740577405915,23,697.5644961683212,236683.33015015005,148,3,1118.8308184375696
76289.06518133928,57,683.5090309764009,144564.1172349212,142,4,3586.078822485625
65849.93949390054,51,682.5643878587066,97939.97622046033,171,4,1541.1440779662128
88989.04470886994,19,613.0149752163892,333393.8830070132,202,2,2858.6120540063657
65379.132064099096,26,689.4114979118698,209900.6236466325,242,4,1215.3278746102692
49858.110012406505,69,729.5161040489766,90133.07351894313,277,0,2851.645376990612
56977.54419072291,32,463.604934448607,217644.50664067437,51,3,-60.81310365245963
52275.98311480748,38,676.9360246489538,238330.71612597528,279,3,2159.808742708252
70403.8129985745,58,448.7833913713622,200076.56424360507,359,0,2227.3093564180945
70230.98067596604,19,813.7125898841186,194568.2248380488,159,3,493.3402717537956
46414.64011879345,55,729.2222646745122,241852.04795782274,128,2,1570.8986702671227
44855.67820452124,29,660.3901297487877,217685.64434257403,276,0,1409.7099627440195
55892.990309214125,26,511.77895317567163,209444.56022772123,25,3,1708.7960770913924
35933.933341011216,24,494.7971017468219,157969.4995155767,289,1,1132.6891713671625
66211.91635371323,65,506.6975482307597,132043.49471172763,240,3,2041.2320608122875
66267.70989231128,56,646.9101953776754,247905.48187166027,40,3,1900.1162025452684
59602.641591832304,21,504.1729530093096,184081.76699148747,281,1,2493.5006313317926
51840.646429905064,53,625.1173212494334,167099.27857780588,206,2,2396.000894561757
35716.77172704651,53,782.4678588227238,190876.79525578936,195,1,1734.70845423487
67598.95456036707,59,732.1939667390777,159900.2699253714,101,3,2645.9002501000023
51981.74389341917,46,596.6692196859608,226476.41339688608,54,2,530.0621301947585
64855.24643913054,36,678.5322564857008,205699.6440472876,256,0,2634.1061418740933
51206.79174890011,50,584.5336179180711,176722.57816355367,135,1,2127.375880905524
20314.512783386,24,555.1027980794682,180577.9299502961,240,1,2907.2290612804954
67983.81418856581,62,644.2358378554065,199724.33360874874,228,3,639.9247848531963
38186.7447222663,65,546.2231260038106,146428.03456889433,245,2,2192.676758447088
24317.628756329403,67,629.7643964652059,227052.8202090342,194,4,1753.9207080962801
45741.10631877277,68,692.5853536373154,202225.71829978822,288,3,1876.6301189124351
41806.07621488481,30,854.359506420222,174488.30448408893,193,1,2006.0881395575343
70563.2963319456,20,568.8719159961985,147491.65694076437,185,1,2388.2963628600846
52933.369832977565,33,589.8473187138816,254579.9476257636,309,0,2376.007666614947
34355.43743205737,19,630.0475996944311,201085.27110386398,296,2,2303.7556771672103
76977.9465264634,57,793.6205720780006,208965.14681403607,256,3,1358.3645608414895
49272.480605849196,39,658.4880326322203,180781.99985170452,169,3,1216.9833157773342
75851.75685046165,44,676.3481911696441,237650.59478569066,266,3,1740.2462766675956
46972.81819510655,67,917.4394068151743,155924.32070126449,359,2,3344.805624611467
63110.668517786326,48,738.1250959996796,219363.3912543296,334,3,2598.423938398543
33447.483786692464,62,653.8857782862051,189088.32508836148,355,3,3217.4725054610526
47180.22837137268,27,634.1219835311382,210833.6369365765,231,4,2185.8598374214
21419.675626750493,48,616.6265837128807,167404.17721478615,137,1,515.4260913155558
41104.75093753894,64,573.977066605598,222096.5490481696,146,2,2076.0257137185035
54293.566825980146,56,659.2318354217527,192148.2792013538,357,1,2752.327334774286
67661.88985954298,18,647.9963012016418,286630.50970577844,189,0,2473.361298805271
77191.99865481748,64,814.4510642116284,135082.04891439923,73,2,2100.3915859624713
59712.405892461415,51,715.2857481666576,132226.02622430175,94,2,1631.801820636179
58239.37412816312,39,861.6703855867911,308886.40977032646,158,3,1102.0148220164479
33460.86514529976,63,760.8888903495335,221277.76534892965,93,0,2344.5711850225116
38476.97901528264,33,593.1127685034195,197240.59958181353,350,1,1573.5039776899014
71878.83440975443,32,535.8220974885969,157314.3294545126,186,3,2504.6519079809286
72612.22136521692,57,627.4263308110552,193179.53008395943,276,1,1656.4485142824142
50850.60199096139,28,857.0374250138715,249105.5019677889,308,4,2629.7640209191204
76075.87722176546,25,677.7476786001469,202295.80124525115,200,2,2251.363310012754
53304.3466216344,68,846.3763333464705,237910.91350001073,164,4,774.083876265975
32382.63097159911,67,549.6460455477967,189820.5432480438,223,0,2792.340047768956
47478.46635581383,36,893.0727008121587,115286.89274929215,236,4,3778.600882098898
30655.15258232848,29,778.3398008151712,302041.0345316592,333,3,3054.989005944981
54742.718881532484,41,694.7460875927646,74364.75165731895,250,0,3696.7769282612353
43592.45100792273,66,698.9621595481896,144880.640678408,15,4,2076.4043476705174
43856.65280890766,42,613.2081755430856,161026.58424714857,259,4,953.673118015005
40804.94696373442,29,621.4592203230324,222380.91937243752,351,4,2440.3007767292243
64289.19338988178,62,736.7134210150804,172212.67044502334,352,2,3417.1647315399496
71653.14778516385,49,483.64493787042016,125854.64187335334,45,3,1872.2071560447466
36906.48516963996,60,518.2949948362394,200478.44869971945,325,2,1849.1938730981728
5284.228038232388,38,575.7809628678207,232726.56676096923,315,0,2060.3224306980437
41234.078462936384,54,696.6806821051672,159462.3454090983,113,2,835.593407096382
58845.34025968935,41,582.348817409616,185759.308088371,155,2,2619.644545148617
39445.786497753135,41,716.3105825286189,163162.87713387975,287,2,2133.215272753556
56697.17437813481,30,545.0671665907391,245809.82444808344,207,0,4094.4509278585997
40026.801521258414,49,576.4063424906947,226783.7599538837,155,2,1132.1862461117603
78887.2616620237,64,734.0640755449143,281774.0861195667,102,4,1381.894475123122
62729.607953332554,42,782.508954396712,262765.79537816765,86,3,3308.7231385374625
45541.46893859203,25,583.1224677791457,258339.55074783534,200,1,2412.3369920747036
50075.44317144832,65,588.1702553592611,240393.0948075379,248,0,143.81329082979846
60180.443247677606,27,700.6910522214198,112633.83840539656,358,4,2803.2295093556677
49078.24095961351,67,676.2526555627738,311180.9652940814,358,4,1999.8541632031604
37112.99333201487,49,725.7565704634867,136452.27605578682,50,1,1799.943933224306
36573.52851071159,65,805.7222925223736,195972.03034172687,287,3,3392.144860434475
42438.75539978061,62,588.615231673917,91593.86378714323,266,0,783.4592809309092
59267.62694961512,20,782.805291346638,164078.0630099348,35,1,510.77674539208647
78490.40041112989,37,492.665298009421,207748.2972344673,342,3,1643.746887896171
63032.87148809628,37,777.0673319818358,205378.15053735374,83,4,1681.9806286553046
60708.90364795309,48,685.5445644643846,181447.70804111828,174,4,1719.459789786929
56279.21613769547,56,493.01567824768733,101267.22925294455,285,1,2736.648473572576
43416.5854361112,59,666.0335512618447,167490.5967016846,278,3,1316.258341673878
46154.81723704668,22,619.715470362919,210090.2573018115,218,1,2433.131480086655
29582.36552519355,65,633.6904434276948,155289.06169030713,205,0,3405.5598979101296
29232.06491592584,39,727.8318676827439,217196.4089081068,317,4,3044.40480811402
64091.74018663718,61,551.4723793501935,257595.42798614278,20,3,3114.650316420883
46722.301789464385,59,527.8291210786123,200204.3053942348,296,4,2225.833881210958
59005.88680805533,46,599.1402284819632,175914.87940169312,105,1,707.6831494563496
49456.43631365882,61,802.8555510861415,245524.9813690258,243,0,2049.681672740631
47906.3743437728,22,647.194045460432,211123.77688454656,112,3,1756.6783260051047
72584.70532025158,29,465.1763604135294,136949.8335985253,32,2,1263.7916038246658
55724.59003571167,42,679.4784922356042,172094.54180692224,71,3,2052.502189387508
39539.44428921741,28,702.4137550065443,203513.12099663622,100,2,2371.987724499753
71022.13398188128,23,813.7097393098168,236569.5747537557,223,1,2495.1434272759475
57332.13327875423,26,716.5540081552635,214494.26696769998,39,2,2416.0716492083657
55769.54490348878,35,679.7613679447467,134731.56775621313,189,3,2343.1861405533036
36362.082484197614,69,606.7004421408793,164993.74216964236,120,3,2589.380043563118
56766.97243468719,21,672.30926065653,206836.281303933,340,3,860.4799064027256
81020.72079955392,30,767.7749908254505,183812.6868644995,179,3,152.20805767435945
30392.752012102515,23,662.0082345806087,155548.3582778209,251,2,722.5163371995113
37153.62802414343,50,649.450376918002,203952.11785360298,276,1,2019.1245359347301
78925.25991721894,39,587.3753639381829,171882.63517565868,90,0,2636.2185406661856
43491.94820869814,34,598.5358187510344,202472.62386558377,356,4,1896.6190759050792
37807.7648919731,27,552.3294771136547,194727.56809870648,73,4,2870.1115806021926
34268.486826477456,33,613.8742947973734,193319.368772493,204,2,3357.5764617385375
68035.74687975118,45,679.4267579782145,246021.1543552614,173,1,1653.5984510745027
41459.0309045124,39,768.0577665654974,184793.34500256617,168,1,2221.7674267269795
40080.576407547815,60,685.8394275996235,230731.94288569933,91,0,1835.2218564037516
70419.31915129615,29,783.0471725264117,187869.93937642378,205,1,1842.575225124504
48513.76155490325,21,751.0079188240582,217633.35382980583,275,4,2512.6948785067643
35743.17494746462,59,871.1817680188295,164032.67826639293,115,4,1713.8028572104301
23607.135851554147,46,768.0477443562329,296790.4781348545,94,0,2744.5674395476867
62151.345501628035,65,576.036648603815,234723.7327637861,18,0,1494.1617346250487
58459.99795329188,57,683.7465300348043,282899.0677143473,309,4,1918.5388666053773
50611.289005400475,36,628.5174710268134,185750.99627975872,350,1,3005.765850777064
74527.18815236902,45,623.2105646106648,240526.87956843397,203,0,3343.628083075643
57962.39607772638,19,557.575577070341,108504.09323516735,143,1,1260.6731223700654
64520.70031142079,28,742.4707121025915,253386.75518111637,33,0,1365.5071213302735
58540.90044695644,27,735.6232205758546,194854.6292081164,141,3,2859.9835033017066
35024.59923501397,40,620.2467496181913,145096.6338027857,131,1,1935.7598164797187
34418.060650209096,69,581.1022155072576,239245.97047129605,230,0,2388.8265176115897
55496.333001579624,43,436.3782044079336,180722.48846919302,278,4,3537.553500891599
45733.55632142694,64,668.1085125410552,227011.8125849609,39,0,1736.4454917802047
48065.45982511859,57,672.3101465468421,175114.63564533816,247,2,2272.59864587099
16310.716997518772,63,622.8917253446958,203852.9987283156,317,0,1307.6342303884326
65454.87054101234,45,539.3015784035539,202626.73863697756,111,2,2650.6199299401105
55878.23629113115,33,560.3070647812094,170267.8343948823,135,0,1935.461354752548
32643.407035747165,31,730.5330086330019,258924.34577845113,276,1,2599.7435141960805
83271.98704343065,59,718.5498988651916,223844.55219229302,46,1,2830.8748994177404
62538.346525999994,52,731.5868934612372,162664.05033597653,354,1,1738.218026666945
46791.91195924121,41,688.469976770471,146120.80182982158,272,4,2196.6534565890506
57498.4544781859,51,614.7583193200808,171585.2842982733,349,0,2768.187762170803
61556.379074708566,59,768.6033174840437,188818.340121952,269,4,3214.0356493845393
53088.39272570529,55,610.9852386377536,195344.37237454674,230,4,1735.330283826938
42479.33692358014,44,690.3019190793802,112528.09002156203,204,4,2242.539730058626
36041.467584970975,65,541.4737539993079,164405.74324794443,43,3,2120.0703741059556
33150.656283806195,63,560.4684987701492,134026.11779002575,92,1,1676.2855326300712
47040.01729997836,35,576.9373231569522,172944.28767977084,49,2,-229.20628406275455
65022.58902565395,69,642.4265869854528,216251.60757139508,132,2,1879.4341967695445
26767.733997736617,35,531.2710282620153,153833.07909030985,169,1,802.5768731873598
28765.561051461063,19,647.405942734593,186448.21707781745,170,4,1461.116751264934
65216.5296000869,30,642.519209145087,253285.5960807305,239,2,2331.0219259132164
68806.71391236826,22,576.8624939289833,93019.88718974483,282,4,1335.2121888130598
83157.96234585013,62,754.6738296481692,224538.4420294089,337,4,2039.9166857027938
51133.64747199537,47,667.6050465178199,210434.8100432701,339,1,2009.6175334032757
22234.0161016788,35,551.8405921310383,104284.41053992108,324,0,3288.1953596146695
75109.6623829195,31,895.8877922178747,169103.53212434443,110,2,1041.5139579426523
47316.55699045317,50,803.606874113776,155293.3187462077,234,3,883.9446932892165
83274.73510754199,62,782.7637138502055,292636.4598806534,350,3,1932.9784582468726
48736.118131295145,21,743.3839838214091,206142.87686599005,77,4,3406.132203933789
56668.62372990745,40,426.76531549581944,244861.31833137493,198,2,2741.6620253640385
63413.603046527714,48,659.9783482621959,190642.3964314735,176,0,1259.4524335500887
36909.7850540551,29,589.8588078175401,315369.1899873319,58,1,3149.8903220202274
42932.158003437056,61,534.7319815297374,218047.783291455,160,1,2922.0457341060505
76810.0353977781,67,473.5233992338759,230769.82722879393,324,0,767.4104438862698
71734.1581962952,18,520.479703142527,192416.42611608212,86,3,1987.9808049705246
60295.60585156845,51,642.9726540785396,228518.25063882503,81,4,1548.3880789401849
56128.660336146124,55,691.1625304899381,263547.93673976336,151,4,2538.5646193061584
49733.32044271073,58,638.5671209351683,343129.5240179022,245,3,1806.2141810057353
60134.15835874709,53,706.9112247623441,275587.6207384488,157,0,2111.3712385127324
28439.107182301144,42,731.5333028693838,182480.847280962,292,2,2869.158264393179
63332.12458936023,22,697.4174760990685,100362.50723378148,314,0,2512.688354079307
56024.21971105449,54,752.8408187873222,189874.55148882148,274,3,3659.409954600455
41383.80903142383,65,849.7888676898698,177171.77012803924,109,3,2867.7303107990924
35018.85828150083,26,767.3166826144676,192170.44613761792,106,0,809.4408917592837
54350.40741877429,39,813.5593047997986,219189.8696903626,355,2,2673.568612121973
38294.29540286908,29,841.1803113254736,267172.59028398874,359,3,2227.707471019217
42776.242609219866,66,680.800456127885,284528.5028781301,157,0,1627.3203900759147
60237.29394901412,23,506.19913630986065,222992.7415023116,266,4,962.5638423114781
31001.45796209194,52,662.7925084694762,169075.54839099274,138,3,3104.2995781026316
46923.45384244484,54,645.9554178582148,224135.95416178732,330,4,2335.6959054624194
44111.11521526482,62,562.832182585561,182358.29295060516,72,1,2232.9787796018095
60642.70486737837,48,649.3486303901138,120879.73712597926,314,4,2721.4892961268724
41270.03601943764,43,678.1007295405337,246215.94149559856,135,1,1368.2248012671948
67861.66336818339,61,706.8731664653571,227907.22315540476,43,2,2667.054450467513
54963.61118226467,56,561.8913333168182,269043.06785899505,86,4,2578.461114742009
51398.82776409315,48,724.3518282191303,242502.4197047915,285,1,3077.5912858682764
58980.327497170336,53,680.6102697070537,143874.82948143425,52,0,-48.748211937067026
61345.57303926975,42,578.733359232578,190305.6283577995,296,3,602.0256867557671
28262.212260254517,64,838.4327231365174,288200.9005081117,50,0,1364.2505657015217
52658.884573031384,35,767.8233336411558,208090.0644058503,38,1,1512.9965140994216
71532.65050378256,61,686.0988515621151,239084.11716404694,338,2,2522.1301966909036
39430.522863770115,35,742.9062319888426,202279.78924568047,166,2,693.3091316737236
58544.73650282452,47,532.1584113987673,178106.7179192178,276,3,1775.310213675928
41428.40973311407,36,556.0452645551458,165542.41400856385,303,0,143.23080085056722
51282.71483586887,32,786.1420003006649,292209.1450318691,165,0,1333.413686838556
86369.7186356629,42,574.685198532819,153713.3328895299,293,0,1632.1604126942966
71220.22003418862,38,523.4926174137091,190373.675763075,88,3,2538.8545947785838
52205.58769004186,22,668.8339750298112,126819.8939428215,280,3,1978.1896558460678
23976.1449218809,61,591.1651839073415,112895.6774705514,47,1,1927.4980344598293
49561.11439195277,24,570.895273706383,241214.34376694975,272,4,2867.164714921536
54850.55641797381,53,705.018708310872,159561.7388311746,124,0,1618.8025835030548
53639.743560183284,24,755.695885359216,302065.2654030273,308,4,2741.02188557325
39376.64696646793,56,735.3096870559821,285729.5063501464,90,1,1536.944894892461
66168.53018393075,29,551.2789606618506,169228.7696825176,250,1,2914.1956953669937
53022.691026544555,39,668.4016778175495,134272.6295442455,327,3,1674.6153970615433
69067.52322009884,66,775.6830644770068,172227.8661203882,159,4,2732.469185889028
53321.532426802114,67,550.0636429181393,215558.02647458366,83,0,1681.4537159504657
30757.364446791464,39,763.9300589003757,216902.60988763013,128,3,2577.9296631992074
36863.370505382845,37,714.4761954074776,125623.6505939907,174,2,2280.5343982810596
33247.860483838565,68,645.2424573105382,194191.4514939734,185,3,3431.67659624584
86811.82251667039,32,567.93717583881,161691.38288948315,176,0,3103.4490736326857
65428.9342952014,29,829.5906523980993,242149.31250047658,58,3,389.04089407847846
53218.649586908374,52,350.79102848554373,277636.7439890504,295,1,1696.3385821164873
21339.885524024754,66,712.2277249912461,266845.19045687927,354,4,2054.0086144298425
30014.377446345265,56,739.054242122205,234658.54578689922,349,3,1638.3944271807277
59602.08254538417,63,714.927415641969,168153.80859444328,268,2,459.2747154891815
35098.53860457082,59,609.8310583301992,197150.19598262693,68,1,1434.1484723875842
25007.650778226092,47,670.3617255788378,211846.72928842212,252,2,2836.8671836150834
45371.581142205585,37,605.7587307288688,260971.79687717388,215,0,2301.683820376782
69823.48498002635,56,586.4288878347176,238418.56189730595,347,0,512.040420651959
67011.87154846522,41,582.3133304319341,271383.35932042287,82,3,2581.3828506494565
42918.63040057006,30,768.0884761391513,174463.06710862275,223,0,2908.6543617536404
49220.32975190031,33,624.3255171433348,233968.94400061842,275,2,1365.9700690308791
57819.0541330499,39,600.4313961115282,202542.87669045906,281,0,1889.1066588586987
20261.085990427975,34,532.0206086032912,270184.90361027524,352,4,2190.436353502785
53231.30203565054,51,723.0627386119746,202346.88156287922,174,4,1757.4781287990943
44466.02890297103,34,645.4366508809768,133926.0542557499,213,2,2126.92391828528
61199.29736774122,29,785.1896584019282,192755.92520797154,59,4,1777.0033601961165
73333.59854648309,44,576.5653981631866,173987.14475820065,231,3,922.4824946859253
42574.347993700816,57,662.7823420552152,275706.9243163389,111,4,2114.1272758121536
56194.32413179491,52,625.5260889367535,201668.66108353806,269,4,1595.1908657625545
38388.139112905104,61,459.4974209756616,163353.4433378624,230,1,2098.5026340362183
37601.56440304495,23,652.3171834650152,235892.33105002213,200,3,397.4181954529804
47655.436400882216,26,641.5319959168751,231686.47884430626,225,4,2707.5039800453374
49469.963720015505,29,628.5637390599974,176570.90143168223,159,1,891.632726586965
50531.48230685721,18,640.9167125662507,205325.0606408127,306,0,977.9778724545031
47328.694228907516,66,673.6792590548098,240746.45796286536,317,1,2069.5492958751734
35362.80341560074,18,590.3833326447311,219237.6999777686,179,2,1531.751103918395
61050.9813059528,19,713.0561814514375,204490.2008029206,79,4,2251.9825081066583
54646.10393668578,62,621.5719199824599,115655.51858102984,336,0,1573.4385535919423
41573.98476720294,24,707.1731330907609,227955.54979731207,130,2,-28.234767885248175
48606.7077088501,32,850.0484709401173,290125.5733528725,64,3,3486.891707944412
50127.72374887052,39,706.275268978233,221656.86119953194,268,2,2774.3083439788293
71128.62417401366,40,772.24956376556,185196.21666795926,356,3,2459.6845211414507
70287.06289043017,32,725.0778780170606,142349.99470790938,228,0,2475.368213690908
58098.602876540244,46,492.7176308470149,182668.06822152078,288,3,2574.607767301824
74202.59633641165,61,462.49922231331215,192810.33317920275,297,4,609.4003766620208
55113.1103434101,36,647.4524146190611,168201.8335596662,351,3,1517.1606688680013
49915.73491919702,24,660.7457160101869,204720.90420195524,324,1,2298.6378093035078
50750.312560559665,69,773.4934972947767,164544.42694856116,50,0,2459.090207310843
62741.750911724026,67,573.7441128013751,194633.16139564474,98,3,893.8713690450579
14331.52393065142,48,633.1913205662636,207765.92363060926,43,2,249.4840934435383
59543.73785716303,41,538.7292437414512,286741.7303219234,223,2,1362.8098639292539
63791.10735009589,32,699.5551923008372,250668.44687226496,133,1,1103.444800893386
36849.37013033543,35,714.9430863993286,161913.3510543561,316,3,1386.6956624471081
64337.86456315266,50,757.5131934759884,166387.5958065893,91,3,2393.1779180804365
84965.22747354492,55,799.913207375604,285861.7520775292,61,2,641.0286104844038
40074.32013113691,66,669.2339839154901,162293.04436762343,288,1,2666.3395143623998
38605.36729457664,31,697.6478796032169,196948.32504190164,142,4,2161.5045819381535
41330.83122542364,56,630.1954180693092,217021.07571423374,209,1,2438.0638229180913
81957.92485597412,39,866.611923806699,199455.65662966593,106,3,2625.669054559093
47160.60620029166,56,658.6089577141919,192890.9384421672,190,0,2806.5127044945693
48848.704796848884,21,502.9532602239339,135026.0195959851,318,1,979.1296040795856
42261.514654466235,28,791.2655601254849,232291.02856306214,240,0,1719.1415265052035
42325.664681084556,20,665.963397367668,245335.9714297976,190,0,1136.2847725642296
49152.58193850456,41,600.1168138206166,148086.27077992886,145,2,2050.770743361061
62003.61130616437,64,689.6489541561823,300864.27731869934,23,4,1455.1736166252767
57846.53099212361,67,681.069782863754,171386.07963465608,110,1,1856.693199911245
60511.79833500375,32,831.5493558471873,122554.33474362666,210,4,1911.3338633053559
71340.96298796264,61,628.3455343864326,216228.92831497482,56,3,1856.3364062100993
59149.175872598425,61,605.3976864183833,242365.14828958342,251,4,2219.3408900030613
69381.0933169591,56,819.4185083531643,201186.6049861233,42,2,1204.9170290852096
61607.1985939509,19,857.2870045397805,180420.7153542826,329,0,1495.075832316136
39857.51336174007,41,800.7152589905666,109551.66865109932,320,1,3470.448427580819
51968.80144398078,59,771.1779531015395,238420.43733501193,126,2,2446.700196451253
41760.66014272215,20,581.4538058082294,131304.41385997267,307,3,2828.8407915314656
34575.78286210197,53,631.137110801508,208478.30900816777,89,3,2962.389505906111
67710.80891242626,57,736.663359386185,237252.46879090706,127,3,3693.1343749423468
71812.0203739272,60,620.6407569642521,206929.33455310034,25,3,2417.270141062634
14902.539053805747,29,599.8708981902428,135160.0100312623,189,3,1675.677901205158
44519.42678089819,56,577.6391898522636,200273.97672115028,63,2,1765.384257613775
55096.372574344045,27,701.4121644928862,217182.2210207375,300,0,1149.8427385077857
37435.64953313195,26,571.0241921118142,218744.20694331703,343,0,2712.0340837875174
23772.900178338066,65,666.0465335299582,170183.12589952376,287,3,2452.990956702219
43170.83467213626,45,658.7646112951855,145317.8820047965,214,3,1347.7223007303717
66132.60903341074,56,412.4819385182526,160697.90418398252,308,3,1597.602994270142
59820.09302713054,38,657.0478344485078,183106.18115968377,278,3,2213.778793212521
56098.336208894936,35,712.5938372365684,163738.11835577837,39,0,2538.97495048059
38169.16932567269,29,732.5024345588558,227310.22888247378,12,1,1959.8096658207264
34072.05143377809,37,561.7273663536071,211424.12292987737,125,2,1446.2103987107625
72818.99432386807,26,775.9952780560068,222621.38332365293,335,2,1454.8736927211908
75375.77741056803,18,633.3832320362031,287497.4272765645,349,4,3083.848884776454
57480.107264531754,45,800.0135681389693,91426.7882145298,14,4,999.3031661553996
42047.21858717488,30,718.3484377205234,187597.9441280529,272,0,2895.137950041427
54935.292991692724,58,743.9971104656904,268977.10598255607,33,3,1555.8664336195234
69857.40652709559,57,688.8042079119989,202003.26957167743,228,2,1486.600108401561
37439.86758902911,44,790.6374791865179,142003.94565799212,219,0,2617.645983252304
34337.64039953102,53,632.9171962893236,172520.83124958823,209,3,1804.10373766496
35928.91653693015,47,592.5923618985584,50382.773619374435,34,2,2618.230545682407
62903.36770847391,63,745.5827382956966,79523.84601618836,275,0,1361.8666526397596
44694.63603930772,36,656.6388978616607,157456.1836304519,204,0,1950.1593272747166
62883.71269950872,32,835.6963933942542,174158.97325288868,208,4,2105.954094604922
63597.51659810149,53,563.0793026710171,211358.9575741058,170,3,2241.898182655452
31133.19699614343,51,651.7269119260868,183146.12345113416,178,2,3048.2542933414334
52165.57074552402,29,739.9436841576027,174190.138909282,128,1,1919.614861660843
46107.38315817279,27,599.9419139433292,183714.5105447812,146,2,2384.2351607368937
51641.37110235769,64,980.5772720166831,153909.6806845557,120,4,3378.433447117536
61376.098711353465,43,479.0046729681537,177645.8588300285,142,1,2263.1177550416674
65994.57846015405,49,646.4678399597382,196155.0817418112,335,1,2406.386607840216
58766.41013850511,21,686.7865942014944,173392.24313576132,55,2,1500.970315207438
51820.347089637224,22,820.4642496014726,225191.51729204573,343,4,2253.6936205034963
58691.877054532626,27,745.3649643302715,186688.94856730237,192,0,395.84109103797323
56191.12153343673,21,746.9923951796101,311321.5715667,345,4,1853.3191478137824
73840.38425573302,45,719.5977083434374,264474.23416580335,334,1,2252.3373636696165
52492.85255564931,22,641.716097519692,130693.80367228806,153,1,2334.4701301062787
54080.29434937583,47,579.9745228923146,110440.17220555378,305,1,3513.9371473854517
46319.828161320926,45,840.8504128581247,187074.40839886104,138,3,2966.3181298541435
57181.12673148559,53,687.4368932016158,191646.94913816723,219,3,2473.0919740685063
35621.48677822765,27,691.951129817637,197927.73100296903,244,3,1385.4876205540281
28338.25410839669,65,611.0500567125579,157844.0417663144,86,1,2419.114005771811
32770.134291344984,54,529.5307122162991,105851.26631715265,249,3,2277.278126237986
55837.00384219535,52,490.0245488025805,208007.0945525612,43,0,1461.3310897581978
32677.52812365008,69,693.525204554146,321486.45407782216,58,4,3030.4905346371597
75662.33139432641,24,575.7475639555088,177358.06821178322,205,0,3223.7973983492197
66996.01497134609,21,621.1945920441492,219476.1332301685,214,4,984.390955055836
44230.39152944488,60,743.6289373888008,251257.16261839838,343,3,1396.3081557310477
35649.35433592324,66,807.9616499080056,102280.6936064289,239,1,2214.9948096237686
47122.4722372506,39,717.5432998118383,215978.98359586636,296,4,2000.4551714928145
37441.97884387632,53,827.5200015452766,165882.55407845986,162,0,2175.8949194864185
59991.150084276705,22,605.7018938258378,242539.0946616468,193,2,2604.9063552820103
29995.60956355978,59,578.4659850972087,231760.78969032908,291,0,2981.369724311188
61648.84679855846,60,599.9706743653622,115667.45991671307,148,3,762.2218899362399
47993.149138567234,68,699.1706265445292,247658.9680260768,276,0,1084.731242889695
55398.97099865485,21,460.8503897577384,201459.16425518904,24,4,3094.466136667981
35482.54561416863,20,731.5074524978521,189218.1878409872,69,4,2186.5245309905026
66623.3510314842,55,756.5006323907651,119212.72820762366,347,4,3035.225564241122
55229.52084711888,25,725.7407710900159,204845.97813997348,258,0,1379.3604751453197
48584.83617079133,52,639.3433574155634,164209.3223082153,188,1,2830.838728510679
45171.8713760786,53,606.0689034760861,170761.19989539898,146,3,1191.9429492471857
42335.78402772384,32,600.9377913553279,190566.68973708258,179,3,1823.5299206538918
82947.31811957575,63,573.6688716189644,190403.58920575533,299,0,2538.383593507326
34460.32380520531,49,655.6438131753282,275481.72691179,154,1,3644.1209667261533
49241.573489108,36,535.0001282229036,137523.28294779826,125,4,2324.487452176845
29625.429168542894,53,461.0254694220107,242485.4969654035,254,2,1695.7381211809748
66451.7601905187,43,778.7844392404321,255873.92736827594,49,4,968.0132378760238
50104.17849538909,46,556.5576737016822,126954.38378857817,213,1,2948.555672180438
33724.84590265601,26,715.1685292330715,242961.49757346194,314,4,3029.0437840369887
60132.486890851746,61,614.3252308383044,187349.3383624859,332,4,1829.2073230803996
71811.11387787678,24,703.3937854400989,251393.32931037882,329,3,1952.5335880436787
38177.969856314914,33,676.6439164351816,190563.0296363657,334,1,1155.8183718444138
71085.94318091318,29,613.4760147764097,314244.74848196225,254,4,1714.2409764368017
53404.32299893246,60,520.3312212278846,197512.52053326095,28,0,2563.7517938104493
49413.66624038366,60,862.1542973105923,226492.73828205606,333,0,2146.5885228781885
68141.34518877423,57,717.4108713253174,209604.69201940965,173,2,1890.2678253461704
60458.51650718209,18,624.4723263809684,205310.22543589876,40,3,2278.4115026107793
51830.455130131944,36,665.6378905283746,185700.2469349092,26,0,1167.7137824554163
52951.86063658832,31,708.8886708085939,195757.24234422002,276,4,2386.0959201761025
64379.11757893209,60,791.3976184422686,122857.63034062926,23,0,1246.0040917277868
73584.95823145627,46,657.1837711551118,223420.13462825882,174,1,1793.546115257482
43645.01884083931,21,579.7069805289848,173003.06982800463,359,0,2233.327161783468
43813.31458109424,60,688.8547834234828,241041.46164417366,143,3,1949.5705490464236
59466.98868938378,54,598.2456263826014,152818.35778381227,207,0,2485.323794536684
57786.994096455834,56,558.5513428869767,180820.45997185362,206,4,2967.3537366709193
51977.62521612508,67,607.8565877222819,214603.1877480406,286,0,1905.4285580524088
65266.47797665556,36,786.8128934164397,166545.84015180613,144,1,2421.721892949872
54031.26851879152,65,473.7696457080171,239274.18101566975,46,1,2781.9158965682545
46379.25558061457,37,642.9296673225532,116780.07794248208,37,1,2883.11114012959
36393.90704355502,49,660.5494982570935,208356.1215121243,73,1,1142.978010049722
55397.43279101454,21,692.9686410450593,187181.696609362,290,3,3477.666570229912
35023.463050874285,55,623.0405539447924,200032.1028819713,101,2,1221.1897397937105
42534.80685203799,40,561.0063658747083,229146.28848806047,351,2,2249.9262704416797
71904.74127219187,38,647.5727286492473,188773.50332690252,89,4,952.6068120115212
54358.20895254639,36,692.156440883914,229400.70752391015,19,3,1833.0816445605815
60037.39440853571,50,574.0142247605788,175614.8274544918,220,2,3725.571264750404
39102.56428422684,42,713.3101189318267,340069.30366546067,332,1,2557.6009641364935
32856.405617057506,68,651.0297568530511,163625.2003195032,257,1,2850.292474366091
49571.359034172085,65,625.0974874123154,217614.5523182065,206,2,2732.1998453923693
75847.52412901918,27,600.3047066706321,155159.82125742364,294,3,2738.103754533222
18236.689285088873,54,531.5686699798325,104842.41646901828,106,1,1706.585418192574
72603.82189926002,57,630.4070429959072,251328.22002916498,39,3,1235.6123976332988
43642.30020935074,52,695.445790202073,290954.8533634938,332,2,1179.9498489889284
37670.63147043751,51,639.8018985386425,195926.80403673305,283,0,2252.097248336511
45088.726957341256,33,631.8276967484533,303210.5044242091,85,1,1105.2029449586873
37305.71770025797,46,714.7354445326539,190083.0642044175,108,1,1432.0056336323132
58876.202163154856,46,643.3105314969794,235144.5879487174,139,2,2391.335794992611
70026.35918818666,51,597.1376137642123,251344.98714067417,163,4,2026.2997924532976
49809.21988969822,52,676.319364963855,110830.01492018237,284,3,2351.791917673193
51677.59321684346,43,677.7532385244614,148074.95355190863,349,1,1489.8082644490441
65071.16445656204,52,676.0627343659798,232714.18449448835,336,1,1969.6282587547873
47962.8826489954,24,546.0602293388631,178621.80401217905,297,3,1456.7825346748436
77961.81909778909,69,606.8860710924042,239735.8143128793,47,2,1545.465060766521
56670.763824034475,55,759.8710421919193,198194.30195782348,207,0,2895.2342543537807
56160.41733550902,28,720.9096735901437,174021.19455358785,270,0,1998.7624769191098
58431.477260335174,53,595.2414652505563,268288.5165000118,221,3,2740.9972959470533
25668.717064660097,67,753.3401487895769,121539.59743815675,237,4,2598.4177815318476
75799.44198049595,62,878.0893453681625,181756.90881679018,281,3,1616.0675975147985
13630.79621883612,22,781.1194817253794,217305.40181207863,99,0,2201.6576801306705
43746.60774269961,56,738.2583861857422,253930.51317929238,207,0,370.4812723244622
48080.16533386577,51,501.6713093407655,213128.5028537489,197,1,913.4727445944984
55173.67027878696,46,603.255067415386,191097.98927115725,191,4,2047.647735886579
43829.04054397463,18,868.3878726447177,281290.77901366906,133,4,1385.18699477867
50885.06620045369,52,668.3420323621942,200389.95793564687,277,0,1150.1449284092746
58420.65551148967,43,475.39957508660206,250614.17783195493,343,2,2183.7525279733295
32848.50733507873,46,654.332898554087,225347.40839657834,17,0,1175.7876258685874
22156.709279241808,47,658.3643307531053,204873.0585422921,256,2,852.3912824398908
46805.93794677622,40,776.9949543282066,285749.2483241968,116,1,2356.907262787325
49217.637326966236,67,817.5118878837453,177896.0226843007,96,0,2700.974936575346
61154.824058731654,51,535.9124751297692,230804.15051107766,82,1,3575.1542361218694
78445.47930198726,54,615.757953649069,199681.18478472662,33,1,2793.4880579469145
48466.68538688026,66,541.9023957985316,232522.6666850318,173,2,3218.567119041698
69646.7194941443,34,659.44978004688,111072.86138011933,39,3,1703.773172696149
35682.15718692141,44,588.707697885074,218529.53338204933,168,0,1783.4379322944553
45010.405074107555,63,709.1440427626408,220827.8459927557,49,1,2747.0254295294135
38872.57263643435,28,567.882533908373,195265.65958605774,151,0,1291.0501870106186
35733.26415972927,26,471.25200423096226,206807.15903689654,160,1,2101.2560686031
39686.35780274903,69,586.4468115042698,187060.09256498562,70,0,3894.3470204272744
38321.29297127397,18,454.1211473629095,204485.400984714,168,4,1446.5672758250028
28562.85019882568,20,478.640752749608,209202.23627883923,137,4,2007.760775530362
36131.902792803434,30,693.9024709980034,152942.7135033151,253,2,2020.9044462481863
34343.246847485905,35,591.3339245851793,268280.70402835234,176,4,2688.684367990047
53041.51337990865,54,633.8972422312848,203408.2850274374,161,3,1249.3793307667493
44521.24039441889,54,672.1310915148438,140314.65166170438,241,3,2069.871680740307
56579.87617456331,56,612.0370075616901,248848.11008791463,25,1,2497.7330433223187
33918.22482220721,57,714.8457322033622,169909.0260824021,280,2,2211.5154976808835
66986.35086283776,56,606.360726715748,188979.4787763174,269,0,2247.6544779283236
58888.374612280284,51,758.2608386843713,190201.23434878804,191,2,2213.4304505058726
60072.37782779381,32,645.0126821738751,209937.42583545676,65,1,1366.4702397995823
48127.90645583001,64,705.2258340961705,211322.20224002787,155,1,1869.9458964598957
44451.58325404048,45,414.34325866625875,176860.3101699873,125,0,975.19715918477
56745.53601658978,47,580.6050327216255,143875.15920801298,209,4,-91.11475921911006
16933.484495695426,40,639.3751096322246,202068.33912678208,333,3,2169.8190918582645
62748.153762114154,24,643.7466099832529,279606.5046686474,283,4,1690.0470982191812
55982.61871445529,54,665.8077242998002,192481.06749624357,197,0,460.8523725277398
52580.504091105184,61,551.8483511555834,187184.38655804616,327,2,991.3338356622065
68890.81472389145,44,753.1758826273426,236140.95745375604,166,4,2582.240145725056
51693.50974344153,65,713.7511125055788,235914.3971282109,95,4,2441.7623249295557
64551.56377323929,34,593.1441841536425,193573.51343463862,260,2,1519.58551862315
53031.024093042244,21,773.5241100635236,151449.72462308974,73,3,1335.7401495869617
58247.96683445728,47,720.5940406903264,107239.4106295251,288,1,2160.0400079679166
38606.89986123165,51,611.1112794726349,224832.97155857465,351,4,2771.958369234838
70579.40300690333,68,710.6435199103462,188001.95579519524,194,2,1295.479690140595
65840.56733753394,20,600.1745623233469,215470.9747879382,200,0,1750.539879356457
57610.50858823286,43,769.5830598225275,162252.0279258569,143,0,2733.214972405197
22088.28738089074,40,794.7751773839718,212633.41070764285,230,3,1193.609749769345
60895.14654559373,58,696.856313177026,252838.27886076143,224,1,3156.1755446163243
53876.22564546832,22,751.9543127215522,201982.0151998828,38,4,2860.9624916572748
39342.16497916767,54,556.9177146260735,281547.0330879379,37,0,1240.7711322950204
72060.35155668163,31,659.9794982994023,162038.94437672762,119,2,1720.8535008057152
30969.344225821475,52,649.8836726735348,258792.5966046871,295,4,1913.1898877951758
60995.962558192696,46,569.0807275336279,208445.59584414138,332,1,3412.0268817945635
62759.75474628937,18,545.6818051558685,144293.35856913246,329,1,2397.7940920218643
73948.8870508262,69,598.884873829512,279443.10125163326,89,3,1472.9178421694573
20114.476773271414,29,645.1087048482059,211198.30210178625,166,1,2091.805983177768
50637.55895960601,66,580.4178000418649,228976.51606005285,251,4,1702.7028383164723
75102.41077462785,43,565.6510733178421,302747.8952293605,166,1,2098.785197795734
27732.080369904055,38,655.7511651686435,187826.1429250714,313,3,1403.296286962875
55208.86042722345,20,642.5809267736694,305159.9067319557,126,4,1106.4826738941651
45605.29440661811,29,746.9454933253556,223408.31768530965,95,0,2522.218788567144
34386.933800449995,32,368.2607819806877,212513.1803644203,230,1,2478.1529758941438
64947.39504847115,35,874.3580387352793,228325.25566680767,23,3,1834.3430702164428
47495.28207210196,59,531.3841176638493,130173.72689684757,14,0,2710.5957195514957
41105.39299586394,44,513.2850183208794,164509.36147729043,135,1,1960.8538880724777
47937.83281453981,32,558.1854440428699,222609.99208066319,128,1,2490.157753040546
36860.43865113523,39,552.2871073984235,204915.6230568732,341,3,1330.6479579979207
25677.177971885354,41,574.8336429671592,128530.43519681791,48,0,1965.276467462453
58880.58585581572,33,528.8546002161617,186695.9142907495,94,1,1234.9863190583978
64506.91483850072,51,782.2933600487819,176475.27901950746,233,4,2528.6998909970202
30805.884164631632,63,721.7302557059663,276079.0688516486,327,3,2655.735004820758
64495.97220801459,23,745.9911282261804,208298.28970813064,170,2,933.9643812411059
47056.450193082164,23,642.374595605808,162767.6320270747,80,3,2748.5761653048908
46720.58504816486,55,446.26993133214495,132085.04968608555,170,3,1559.6078406635195
40610.71230595502,19,521.2142666309938,191822.80646466682,209,0,1665.786275368606
56309.79449637043,39,490.81580198158576,187157.5339914775,73,2,1923.2763022926188
48837.65442491083,40,520.7640961501481,178364.55812192467,83,1,1807.395166920654
66188.57696937119,34,830.3751119161977,170053.93340528157,124,2,2878.751109682118
20175.58586899115,34,614.6631092701441,231373.10457686536,163,1,2441.9208586935733
53854.884691273335,65,656.8368054520434,163004.44141737313,290,2,1603.9692375910947
44838.72203453464,68,620.3232874067385,185694.3348873795,345,2,1988.215058963044
54679.397604705126,40,616.2480436224562,183194.25246084976,109,3,2011.2614263630664
50788.611786918606,61,714.7120300118775,241978.10098428148,342,4,973.4013445571768
49957.75529339228,58,727.4363159962866,149868.11628220495,200,0,1603.4433509976564
9892.99263227611,67,793.7124344780414,226524.41470735593,20,2,1890.1031047139516
46897.3796991815,66,609.8608072153485,189544.67171526773,210,3,1766.485560424615
59291.02296976151,26,789.7053555777367,176438.66475287348,341,3,2049.279096871964
44043.057519069116,39,497.4447315766761,174352.6728587599,193,3,3580.3783460437453
32872.128433622696,63,650.0930057584968,212797.6875209505,167,4,2161.81118033626
45237.61830173889,56,563.4530510360651,178116.50642546362,215,4,2797.1838556917933
47472.02458964656,67,616.9307769465513,198869.2148747858,235,1,1538.1827133285205
40467.52871035722,28,786.3069504322357,173035.49983549572,348,3,2992.2412335699573
39785.320137744755,35,715.0990568495951,235535.19836425805,133,0,1912.2709460399415
57407.99804996907,64,750.522829957923,247351.7455894996,201,3,2758.716986895656
61536.76563744447,69,536.2065162728247,252805.87673616892,107,2,1264.994121523451
52867.40744278663,20,750.5265125387676,248179.21944088917,189,2,1870.9989925508196
27805.203946936606,49,531.6068860137078,222514.14966543065,353,1,1292.5892159585392
43514.70148871842,64,644.9178003995141,269321.13611306995,267,2,1040.3769628033663
47766.761059073884,49,446.65326914484103,148499.3159905123,223,0,2443.6119923123656
49856.410945081145,26,701.9398867322145,153528.18233081442,258,4,2696.7504807060095
58206.982100528076,65,577.0977792735044,257844.31081892387,182,0,1835.4205782105323
43886.56279373913,51,632.0446154436999,204333.36119265965,30,2,2405.7571137614323
29138.445848452022,20,502.36094178072887,186253.85658160297,276,2,3668.121871372844
65507.71108337928,68,629.7268076434274,234300.09784808528,238,2,4181.345968191834
54968.64366973705,23,695.8395009350589,202755.55777078037,237,3,2454.1150343318163
58459.25906925468,27,755.442418680633,198819.43889947396,92,2,2863.1346592589775
43455.83073732907,19,672.7564654678873,251377.1613056315,17,0,2573.359238693601
41828.14341367796,47,763.6500231258574,217254.86259936992,358,2,3323.9550298019485
37282.22015105353,27,665.826876909345,187085.1153676253,178,2,3530.65920740999
58665.88633698787,47,775.7272371485284,216235.48349417598,74,2,1229.7251745776748
44129.555377071374,27,900.3299406683732,164074.87121796847,64,4,2744.53480791765
42328.666997831824,25,545.158790812429,111531.66571509832,130,1,1031.9150345827543
44363.11535758884,59,589.7791160012687,185032.64604821012,356,1,2342.5289885814923
42246.24990191662,40,553.4518072848537,201496.16411032723,223,3,1931.7750453922972
35773.947357987825,26,722.8611682594072,147953.3182542262,339,2,3400.0954137412928
57286.695650302914,35,832.9273060625472,273898.3132778303,37,1,121.7058735182543
25516.50339621751,67,492.2412760183337,195391.05532854286,69,2,1832.4739799422841
45649.61670475259,47,783.0472480404696,217722.0417958931,235,0,2006.0284044809848
39580.39001814849,50,567.3791452573091,257949.9663403048,276,4,392.53558333193155
47184.02889946043,18,683.6502581027377,156758.45408813053,238,0,3195.673955922862
74997.71507693254,54,578.42830271745,196984.42809364578,311,2,2429.123859840335
71785.98917084376,59,493.0385867233191,237203.8663770709,95,1,2143.5665544029125
80434.02252547267,24,542.8491481840267,232766.9406351944,86,4,664.1126073111423
55945.57550047965,54,633.752148165342,128387.67358996869,256,3,2574.3656231531127
60495.912153514604,31,649.0089509496922,214321.34211925676,70,0,3216.472302191888
44209.61469093288,19,492.20251055794705,256838.7555218783,59,0,2177.5529440747505
52201.54813751935,62,729.3774016250283,158046.12859911018,181,2,1247.4402637363662
53330.91807332864,24,596.9866902185089,240007.62011399306,43,3,1055.946232719399
22559.585497382293,64,661.7569558905193,219019.89115781797,289,1,1750.39265069887
32655.863037041374,29,600.6692570956484,140239.2090127173,326,1,1978.6119942471144
66779.56470517081,45,683.0862994372271,167500.84657276727,217,0,2149.309137641159
56216.04385924637,31,602.519137310463,194383.48417958172,45,2,1363.7546400960214
44265.979244994196,68,708.8444178647551,226168.58618051565,149,2,1084.5215168360287
36430.68450397053,29,780.6449777072665,161918.99031295095,125,1,565.8665311891182
33287.4629515306,37,695.2648508876952,81871.90721454385,212,0,3759.457791017785
49039.187564456624,56,569.9497007908037,121247.99217163725,37,1,1427.6063680275347
77408.79671789441,51,598.8042495790467,205010.56597596835,179,2,1628.2859345528377
7267.116105429923,19,772.4161732643275,211808.01298081892,91,2,1509.4687782689236
42620.63199790732,64,607.5747811715727,171015.4580467202,144,3,1945.9544537725371
31863.346912684763,33,637.1797638604788,161565.09260689007,281,1,2417.972259609056
46651.548652159734,65,686.7237685895614,109840.67727825098,57,1,2739.9679404804283
7947.20006637153,64,718.1860232922907,261503.96496795389,357,4,2669.316769127655
36662.28345911007,26,725.1690120930524,216829.5325115481,88,4,1794.3305763098954
72106.95235019205,57,670.0483081529571,149358.26624218022,250,3,3522.0731903436963
49094.79643639922,44,684.8791436303525,197982.90343848435,346,2,2731.055234968543
60853.1255635265,36,606.4133474262222,238892.27031969966,63,3,1097.6138363751807
15804.422526687566,26,453.401631010456,130723.00063791215,79,0,2839.2411197530023
40716.57218037509,48,582.0134570023881,235474.12249238027,307,1,1084.5729079879807
54611.36516640098,43,673.2894703316539,223043.7037908573,105,4,2340.015966710348
42123.09318518447,44,781.6021010515885,184259.44268251094,329,1,2196.4295768455468
48228.30376525636,22,452.23989525506596,167374.50317112816,340,0,2688.582045739307
20706.942046831162,54,595.7632878223397,198748.6709792144,339,4,2596.07889079807
23452.310812021573,65,724.8635360671068,222373.97299029864,96,2,2235.0072082971815
48698.56019864095,29,759.3203315313679,181809.09963064216,220,4,2118.3043578575507
25412.97347006036,51,550.6285627408915,238459.17840164725,353,2,2030.911904815215
48701.01161621566,58,776.2817290900246,216334.35751219012,241,2,2767.878970141792
43867.509804837595,49,621.2441330681447,241777.22489969098,176,4,2124.733149049928
59442.18083153466,50,612.541632181969,194179.28348529234,134,3,3410.204755166824
41073.38544131121,63,505.96620808328214,149408.5958652835,166,1,1796.4614013876092
39330.05564982606,66,802.2443850086299,295894.2495618222,101,1,2021.261700177515
49794.24080955176,29,833.1529622787008,166663.39197975007,235,1,970.6006321403293
59288.19550569808,39,715.0293565704296,205213.62598244814,212,2,2817.469308743096
32992.26745479577,39,568.2967104844563,112403.71321141797,14,1,1965.2813623386348
62456.52444037214,44,730.7366840631912,237146.47302899387,305,0,2277.955035504217
22865.799690204924,63,570.9690631802578,246737.4137060297,312,3,1666.832812461836
22339.507831426865,52,589.1922736996627,117931.65962252968,115,4,2771.9290272507515
63380.55927484353,41,692.0140195911414,225201.46585761447,118,0,566.1700915867827
35913.92276627836,64,713.5378152649585,235063.38700932905,112,4,1929.0113069630697
51318.920146323486,58,586.6990250255793,210874.7088721455,164,2,904.4881098380149
59508.33689502122,53,744.0019086613501,207275.13659802737,200,2,2506.700219790841
28886.81723567253,39,664.4690204624271,225868.70898542812,327,1,2681.346414485533
28797.534794548596,43,709.7109694320219,291508.34361410077,35,2,2693.5772753717865
47373.971727367825,68,698.5001338550547,154100.4304472442,235,2,2672.420241535476
48842.44453159334,58,668.7113028066871,203457.8297767921,146,0,2382.2031999378646
47048.786856266146,19,544.6147333116091,245691.37978532974,294,0,2046.9294628775438
41395.363667025405,26,676.5661075382967,163172.89318079298,69,2,2792.009800669782
30896.045011876613,62,584.9715713722563,164177.62618059502,44,1,887.4630426679821
66351.8387193699,67,615.2686333490021,226620.96381151662,63,3,1143.5666765213105
49946.95027803939,37,721.5117469483324,204102.05095568174,325,4,2606.087959397187
44886.00005353259,63,622.2149364266681,200747.04986429785,333,2,1472.0759398768373
67086.85780206064,51,536.0808212119907,175120.8368355627,345,2,1235.832185597295
45422.272886645704,58,573.5822164167183,146127.912202937,303,2,2764.451231966091
34880.9715155343,28,605.7170426267521,237321.76733333024,304,3,2541.0394338082892
17331.038418715456,28,605.1412801298897,138048.66442771457,90,2,2088.096982428162
21405.18826831078,44,709.2690106954637,150585.78308153126,182,4,2836.522530782532
12203.618522398778,19,717.5608487239776,261691.3123345536,44,4,2393.1446103779685
60655.72757373504,28,591.9125359939985,332793.76728360483,280,1,1199.066040959664
64716.93737381014,27,715.6117998398572,183002.66710444045,149,3,2776.8821024847157
39393.35552278501,64,693.9309869556068,73611.95786333001,37,4,3666.085471043604
61285.545662643715,62,526.6185737515233,312673.26091663504,222,2,1004.7563237890554
14954.097379299892,60,428.67538878252105,280849.84521299746,263,0,2796.8181944296625
66684.25567399281,56,653.3891486382258,171392.28222655188,241,4,3609.787197260218
19766.98972938754,58,668.5496957315542,169448.87576768463,128,3,1598.2498987136291
53832.84465974571,33,580.9574005285627,200502.3207354333,358,4,1145.221127556551
56805.03940696001,54,597.8855055039519,235627.35845561454,141,1,2564.704700061008
35667.409143181176,32,839.6708014573874,186311.29958428905,81,0,1418.7029426229597
55225.90415800837,34,665.1882250755784,172836.13499724347,110,4,1992.8388999471638
59858.50942505817,28,754.4285780793764,204313.96363462703,43,3,1103.52843833349
62079.07101025738,45,717.4759362992586,180960.67045203203,150,4,3317.918673106056
33581.7863020762,24,718.1969469506678,176955.58075347502,281,3,57.17112302252872
57768.516098581444,28,673.2129986720071,155975.89241956174,101,4,2722.187740063306
60926.532702083045,25,687.6071630622193,187445.4400826614,255,0,2554.3572950896723
46575.997520618934,35,740.3006805158616,145662.09675316606,357,4,1516.622776287362
65601.13012361478,51,587.4420584530382,93094.30172278707,348,0,1528.3384526007515
47512.31850520011,68,721.2135184503531,184080.5370680517,234,0,4019.9425384505244
33372.22943602041,18,618.3904990534668,174703.6727195566,168,1,2080.195986265073
2416.261791290439,29,537.7099811669314,209059.03144890795,118,3,2196.3886401596196
36115.94976112009,48,677.9351128140296,136981.74577101634,38,1,2040.709373724923
41026.84788753018,57,670.9569029681727,140032.69588831384,345,0,1436.2599988265624
44511.096016525014,41,745.384161631063,169321.7821488021,106,1,1911.9674854279308
57717.73050796616,66,724.0883530184236,265715.1357152913,355,4,2412.346712039506
31918.196665700307,53,623.6918192108562,144031.13256816828,71,0,1609.323732591712
61101.062311190886,28,636.8182516168607,206667.81857596282,311,2,1540.6573619199542
28845.550785228388,46,628.2740953739058,198591.17458070003,264,2,2952.139916060512
56696.06636620442,66,712.6646561663558,185864.51994875897,345,1,3146.0314129016833
51578.21260315635,36,618.8563838237798,142993.94791759673,336,0,2775.581026610164
81755.47389004743,45,594.2831275519447,161133.17989468583,60,0,3345.8937985194216
49577.18231608227,39,513.1720087971316,99736.21473887362,231,4,151.74787550827818
30676.37937674682,38,569.6965753241275,173937.83618989127,48,2,2878.9729881972435
3686.8515023545115,61,652.5631950694986,129010.91926951353,138,3,1476.7908855671303
42009.10958517004,56,456.2371517560953,250010.09833875133,38,4,3764.295898902776
42636.2670745058,47,459.2979112403013,174721.6329349186,201,1,1849.2567831625042
49681.370617283945,37,672.7109997815384,264109.62266120967,285,0,2437.539724013194
15097.421189647248,63,648.6967477277418,167862.62013306076,272,3,927.2751324758071
32403.25598690178,26,583.3990652136696,168740.36999597063,233,3,1123.9269679383574
48257.00322580958,21,707.9891034720059,186221.72574616666,307,0,2325.103596880682
65251.21539000406,60,676.2653030394465,268670.9528509311,227,1,2673.7320748757706
49689.373095984614,54,505.1654409113396,222690.40315123592,85,3,1553.2635368097208
79676.58633951841,34,612.4716281849245,306782.4187835781,289,3,3682.6538241788867
73823.93223108126,34,619.0250901927521,179379.66941581958,189,4,1177.6278428396115
58500.44406121497,38,748.1209365701737,227185.44546922162,77,2,1386.2425992054516
57023.52204137572,28,727.3941079039822,209488.0255638904,72,2,3254.10991907558
54981.88949538024,35,605.0490926518485,182392.07353594893,48,0,-295.45748675111963
60123.3417471906,58,493.55096046031133,170683.8336902902,109,3,2328.030873536267
63944.004802251366,68,636.6599076164114,197386.4810434894,277,0,1357.1534399752254
51659.307579573804,67,477.7036728720635,333692.6908107983,127,1,2440.208577617352
90291.59874211196,45,757.8188835956792,245443.29747072022,93,2,2288.5389167616468
53180.26706726374,63,763.3172017757529,204849.49623012738,148,1,2489.92297053165
53051.57366879818,32,555.7623296755526,148094.03281409718,60,4,2012.9244819271055
44191.32541787638,43,635.2057734165757,129891.96199257075,120,4,1692.9984558538326
43965.48424773966,27,712.6643024765563,196060.39368372332,315,3,2694.1677959104936
1026.0296458299636,27,596.4105743525481,196691.5429540424,201,3,1290.782847191389
35648.825028638705,25,668.7923343991362,212548.78096462524,65,0,2525.971267924117
49929.48185617461,29,589.7085923683634,302686.41675251746,125,2,719.2897059825218
43675.42509036662,51,813.4992608173462,293186.1147414772,286,0,2117.5533110581728
28481.633333212154,65,613.9322588489338,199481.59630972397,182,0,2074.56563621443
80896.51102573398,59,727.4593111889634,241366.61791393082,358,2,2577.6944735952916
52580.2655808489,31,698.6304398006487,223487.24766114473,320,4,1553.8681388480404
53285.83288883032,64,657.0076279875282,201468.8291838948,326,3,2422.6988018845045
39594.53931248729,49,694.8652728072243,245806.13809924317,222,3,2867.7020171032723
58160.75762173242,55,777.8233169290809,194184.74715176446,300,0,3130.8658671627136
35184.3922724621,58,676.7637624194443,138703.59441214195,72,4,4358.743596000424
66197.97561187296,65,715.3836346244666,131564.03472301055,239,0,1477.1632442305263
58027.82940225309,39,858.3897965494539,174912.4080258166,64,0,2573.7725448740775
58227.25293259103,31,671.922994133379,268631.62665659,352,4,1468.3120746433322
47786.732449932024,39,566.2302950739863,239853.9812992959,311,0,1493.2530095652642
42469.134412671585,19,532.3586897754034,240316.63186461083,206,0,1017.5628683518053
47934.24246034892,65,523.038820001078,201372.5926670229,38,2,3133.828193580958
54642.59526556366,28,587.5511220812995,249136.4722930115,316,4,3144.464679557166
51235.42565344491,69,651.9418251690997,149887.7620256241,70,3,2025.1622071931524
56197.68984369862,29,640.9398143492054,184936.33195699495,43,3,1264.687593642072
21553.220487109716,44,541.3656527336145,110429.8353773495,222,1,1796.995391504028
67628.9669425091,35,776.3701334519167,158752.4804197089,334,3,1480.7789448946203
51204.523609033706,55,671.2654302053091,184996.54223706762,111,4,3147.6217787831774
59112.38869681953,67,699.5707421026458,187108.10602264933,92,0,-230.5977453937453
27901.198873086803,50,612.247145422335,300031.6666850822,276,4,1515.1286751412865
38882.52816571181,23,780.2685053030302,143303.7828949324,142,1,1926.336943594274
26700.164700065165,54,625.8875704533515,229579.17869520007,181,4,2950.593690996023
45885.39809653691,21,654.9452715957549,147044.03867914036,32,4,1586.4048589212778
48741.74763526325,21,641.2649206100563,198368.3665482729,230,4,2614.4910980901795
55554.74727655218,60,477.53668630823967,333391.1335474922,56,4,2284.968714372755
54162.04408577179,31,623.1111999407361,209604.84790054016,165,1,1570.9723202704422
42877.1886162913,33,812.8986696075209,213498.39073849382,42,2,1135.1228086465305
55916.71087032535,52,557.3388487101137,179375.79256769523,140,2,2632.903960388754
65082.17544910415,65,449.90489255178835,216137.52141087878,210,0,2869.3788693582487
50553.999966322364,51,803.7577016091975,191837.96769311983,338,0,2725.139633227471
56454.90568741486,55,536.888588955512,92346.4466919005,23,0,1440.3205441298196
61799.10972272177,57,488.9955042397406,240744.06896387684,90,0,599.8369236587498
51658.73840514744,35,620.918294297415,217166.20330533135,19,1,2845.6020462580013
42328.92411684711,67,650.5640958863479,132673.39880387014,272,2,3698.1684861620815
36365.432078023354,48,693.6980716125471,124293.45454515707,202,0,-90.42227957592604
31960.769748926516,36,511.664326252204,263276.81354219274,258,1,1129.6081643630582
71455.021519411,26,689.57333710545,173528.43413155962,158,4,1283.8148761579941
42003.82303432441,25,496.6635919880078,210932.42951466097,13,1,1503.8689210960852
53537.80136796583,63,622.5704899850882,214676.48477718164,358,3,2571.999627556561
49919.83203711839,39,805.7698499318369,126082.49240869052,55,1,1675.8199134596568
73527.57710512687,41,594.1914484340788,122384.39044325543,16,0,2512.2220969286627
32368.708032188002,43,426.2566687422336,162520.97185794,105,2,1525.5606916040945
34641.477831629236,34,757.8047123674382,181991.47387931639,316,3,2193.9618603677236
52310.613130687125,60,496.59341403602195,182748.24309686778,327,2,2381.4781498094044
53039.76751646669,43,636.2072591212443,302078.4653283061,49,3,2255.9830279489074
46953.558804178814,58,715.5883884199537,153228.5058226322,59,3,1304.1299458857452
52882.309982524486,59,578.658191984579,151748.24516788733,37,0,1802.8742121936784
54406.256983155494,61,642.5011270527808,202740.37721845767,35,3,1453.4068340199892
48588.258787632345,24,616.0932611234231,216825.22638331784,133,1,3513.0328790834183
62395.42551587103,41,691.7250444702443,168189.86178516195,266,0,2169.227965804226
45303.98645795243,64,436.0659738409579,210341.6311471138,226,0,2335.43914082809
79847.06732741598,48,640.6420891270487,206848.02991148227,216,4,1153.5996286046784
15163.90402555823,41,770.1206894008022,157433.2433290155,225,1,1123.2147968472643
34889.96912264772,31,721.0512384382573,146924.9865341024,278,3,2796.1154307722327
51602.010301777846,52,739.724176675155,244321.38963463533,306,1,1824.6528546960728
35633.07369591255,43,672.3877253509581,157706.31612470743,304,0,2287.689938002737
71041.92465282041,48,682.0157728514519,162187.37599207167,34,2,2879.2390272414364
45836.79084386863,32,796.9123298443641,186927.7058262638,156,0,-149.0871690181698
32785.05896064881,37,502.80122505896384,198884.51276013514,247,3,2120.64984950105
52117.912138489104,54,854.900221521657,210811.32985029827,167,0,1379.0864221134962
49150.39776227277,60,578.5707141247985,290461.02067647345,318,0,2117.996514599902
70519.3365888072,39,719.4132392266134,117896.6349410521,240,2,1545.111780289799
54271.61861949516,49,511.7920154897146,280864.47515242273,173,0,2485.7497354790976
46271.65594385013,23,656.1265711781,199189.29024962292,263,2,1929.9901188446818
60422.460774447434,54,615.8173052052471,271325.57836289535,311,4,1037.795487657126
37942.105260568715,30,689.1957380395897,137012.33192004272,335,4,1579.1054729928771
59760.2028685413,48,716.9270616010141,148326.46669656684,270,4,2220.660187734141
56479.89682059523,54,564.078507416131,208238.89222018424,165,0,2553.1170427272905
54235.49062803838,42,634.2743104033649,262746.459392571,40,1,1653.2818083800885
61501.72952238745,42,746.1298109617858,287110.2551906171,74,3,2227.9902724805493
40271.43779981122,25,761.4197376961821,172561.074750247,309,0,3415.5583732530476
26267.412775939807,25,504.14629665403766,184180.03021813676,333,2,2460.9058269206375
69363.96532118507,64,682.6317927177589,216196.1937352912,151,4,1908.5378587559794
39077.04781059368,28,719.5717376248023,237007.73507502856,116,0,1753.759269401789
52975.08048346027,24,566.5227952814269,260471.84932758292,30,2,2240.3282489978187
74598.0304051977,42,478.24074910343893,254660.49303119507,222,1,2366.0475647780163
48133.12284298628,41,737.001508131396,146194.34286648443,80,0,2920.8377110965316
45183.4961878662,47,820.8585167890484,247451.84949580792,292,4,3570.9789886808794
28419.610551965507,46,629.7121110365799,170437.47151313207,141,3,1973.839779619636
50642.787071101695,26,659.0143903950216,262576.3693633486,116,4,2439.3912494057467
43187.81486883286,36,919.6558239888237,212907.4160422743,136,3,1170.2939533127358
69647.60050378396,45,721.5617681094574,233492.82471396326,275,2,1920.3909787546945
70615.5533709082,23,690.2247082045089,220765.64492192204,222,2,1965.64474901657
40797.392016595935,42,698.7992819692472,193576.02288318012,185,1,536.5736287419563
58519.234680039466,27,664.6510665875495,261616.94584343824,340,2,2996.2988583155648
56505.5768220055,68,665.7992511691472,165247.14342463846,266,3,1058.2546919586575
56819.290956793724,23,427.8002043656136,266758.1777265831,343,3,2288.6891849504955
65146.262158027035,51,509.2730942474818,129148.59324001604,262,0,2618.522871184201
17184.767999953066,52,816.7653438913595,191015.01844121335,185,2,3994.9358590845504
55346.43414956791,37,574.1912066398796,121622.80931711699,310,1,896.1057933393181
47143.05832455424,44,671.0049356804334,164867.8015344001,228,0,2104.596739918727
56915.394333047814,26,685.7500023586056,128887.3859349683,43,2,928.4925505904364
36970.00871215961,68,683.1737537722906,189361.80224037127,291,2,3191.662571538185
66702.49990788715,56,725.1671397459643,196979.34334849345,220,4,3103.3361711773223
45652.59810181798,18,535.3684126686243,169437.29045980854,62,3,2552.6163725001234
13813.31620365804,31,618.1924646151838,324032.29369539814,26,1,3794.820276928459
59998.739595831576,20,817.9276502616714,183947.46717357996,75,2,2644.5724799243644
68011.39839853578,49,860.225658436862,258688.92298941797,80,4,1622.9246085636269
51242.0865521705,48,906.0469127628762,219565.73645101767,346,1,1254.296752304654
44428.74030443404,58,690.1302254095932,227026.05051775844,45,4,1536.5004409288874
42425.23211664119,67,654.9117598517715,187597.91233116703,234,2,2755.4285175057385
43181.60203262695,29,728.4209440551248,133489.34950959927,294,0,1399.5615165987954
50472.80545974968,57,638.7186085624169,188914.1910491059,34,1,2097.2329320656154
48856.12060407806,35,708.9915105654142,173682.7994485964,309,2,3090.211818303905
34881.96406098347,49,680.9884946429986,164282.47016948592,245,3,3330.500279213291
50765.6793192428,44,623.9303886359488,154147.48099478387,339,2,1692.0343411940814
51130.78268819807,46,444.5117950264788,234070.62685951852,139,1,2791.887481503895
47982.472202204706,46,624.2632280584893,145107.5822003334,231,4,3014.441245660628
93279.93933960107,24,765.3581018851567,218860.19012781756,295,4,1801.4978347838828
29014.34114796505,66,642.922358090351,248391.81618202798,346,0,1890.387217380728
39212.821844856786,65,594.244941082912,224023.54744068245,91,0,2288.7867895051513
45658.77300625025,42,602.5957288089149,110720.05901133372,311,0,1850.6452741286387
57270.32480727271,47,720.907090216039,190520.40202543422,288,0,1750.6972681526915
78050.15427706263,37,870.9300851551129,202101.75406004552,107,3,3171.720974160952
61012.22266651992,38,526.0063167187002,144974.59540595155,139,4,2337.7080386257403
51886.16459484883,52,708.3288862975631,200330.9753481175,93,3,1071.398317272573
68444.75289584442,62,850.5229928136571,162511.37951975918,269,1,3761.3241873967527
74389.23948838495,53,644.967109658399,300402.70745260385,302,1,3915.118536682818
52849.230476153076,34,797.2838232754347,169632.87718320408,132,0,1475.607467584356
79368.03731583538,20,632.2227971587503,97280.89005373024,87,3,1808.6912953897433
53445.70801499926,45,540.2118871090888,201616.73727450808,332,1,2313.8539982004063
37353.67538135547,62,505.96542910243966,291747.3154376221,192,1,1142.2223102534285
84720.2692117005,62,652.1256185188454,195577.45168026557,262,2,2431.656081212153
54458.083237972634,22,661.2100310590188,320746.48528885306,31,3,2204.708611399699
49483.69304914455,23,524.0483522270579,250462.49529394263,96,3,2414.187914218238
49764.4056449013,67,681.9451278627336,146445.45117861923,225,3,1667.7208983246983
34751.89333452063,48,664.1652133439088,260969.0907783452,350,0,3078.5176013744695
48386.0767842136,55,859.2821501596832,193496.111247609,202,3,1691.079695996361
49729.73222743619,22,729.8562830688337,124172.57349395302,37,1,1160.3379298649888
31892.077917959054,43,534.5815960054208,162356.25844856736,302,4,2587.4811745366883
49289.1231643895,50,688.1947345203827,190359.9164599373,59,2,1917.5692381841866
49689.11602905534,38,788.5869995079029,119485.61395272819,42,3,1288.2704064590707
51872.27575255587,52,521.783679518393,223369.5833487464,224,2,2371.0682068482342
43569.52962636619,39,667.2935227841493,252737.11054278858,332,1,2908.147534874818
52767.43047356238,20,720.77585221981,133334.19837691987,54,1,1195.1075379958957
33965.84438472209,21,640.2521370401003,197706.61705933523,109,4,2709.5210279307366
55053.62649941028,22,790.4561249375281,229710.7072865901,191,1,2923.2110113256035
69125.663061483,20,768.4631637665109,194482.8152224634,179,0,317.58560996129654
39982.50019949406,27,789.6213085360467,242071.49172492142,273,4,1866.5653230048754
74833.18281338419,20,607.1673675614813,217154.0347364004,268,2,2130.2978465349847
78336.25953820598,41,576.0780559969058,300565.28967880964,340,3,2635.0821231100163
48473.21677320803,32,686.7310421351377,230326.72141123167,150,3,203.92526807723402
53962.365419223635,38,669.4543677156616,272438.1732586603,21,2,2652.945099742796
38103.84590074299,23,703.561335894526,214128.67392764273,116,2,2988.2141276479406
53240.35634528382,43,637.1418623469157,254225.21132000673,199,3,1932.6299481916324
43958.71277054814,69,669.4675561759475,118157.12470149537,76,2,1809.6299769629527
38244.73760137933,56,664.8728435294548,114989.35847769945,186,1,1651.5511745312028
26966.761726384484,35,682.0225971420193,228837.39027211553,299,0,1379.6455872812546
59338.793186145915,48,510.20207092498583,139813.17973204103,84,4,3407.6726574388867
42056.996475110995,45,548.7455377886107,154716.79983617773,216,2,700.6487659870697
60967.822326573085,31,601.4427870750678,145560.57848766106,300,3,2234.1418241207384
58608.250145871614,63,679.9471882332679,184141.76794383395,295,2,2108.2731408491727
39207.86119429917,39,825.3902301553137,216873.85451869277,26,2,2543.8566823643573
44679.42476186479,20,672.3371323842448,225875.66825606333,157,4,2315.9495389369513
48212.85555876241,18,620.6632336570146,307390.39172630553,268,0,-31.28990154703547
36199.70803832202,21,629.3063848554731,185421.37875069055,95,2,1254.4303428174903
27650.11364303066,59,624.5758439002906,109007.69169884597,20,1,3140.8638158913536
56199.38900473505,19,715.9992592446072,224683.76914508775,135,2,1921.6546621561286
71958.80006105368,31,757.1045568725234,225311.02882030723,41,1,1221.1467447483215
33627.452838673715,35,649.8610361498618,162681.39914968022,144,2,3013.2894562956917
59627.9536774886,29,789.1855161364163,202600.97164476875,279,2,1996.5324944807405
46834.15474215415,49,707.6706664200995,169115.76706431076,111,1,2013.0824112349214
71194.25594000725,20,711.8838929823672,177160.91707681475,86,4,2517.677553697014
56890.67599837543,68,713.5454662816089,143455.69874446583,29,2,2718.7665449942688
59072.54573530058,64,512.936878058038,217357.68026220097,81,3,2607.321277371701
57842.31760052107,19,812.4977741765626,231701.87436003672,307,1,416.64607466718644
33102.526655457055,66,700.1213020269088,263530.03570439725,347,4,1826.7688763692777
45690.05569604416,65,426.5477441635794,127339.19894482066,214,0,1161.0291314579595
56639.359197889986,32,555.974615518625,159234.2954410313,192,1,738.325312450346
13720.29842243145,19,680.1333629236777,140203.84620170656,115,4,3316.2643237712473
42425.05758861525,56,563.0754793801792,222011.25211144047,29,0,3071.953530240281
55440.34599248875,39,637.5305544222745,202153.05787777828,192,2,2691.4465086823147
34520.60518112991,50,754.4695470407034,197959.93010273125,116,0,1813.8601133131542
85536.45743375024,18,782.5971152210032,209160.88018217418,83,1,1006.847954287943
32692.50121186284,50,638.5170808050731,184819.87303087985,82,2,2108.7175284124205
51765.63452447471,60,644.2211458738288,272568.59634771454,284,2,3283.3453862753277
33496.70477810338,30,668.9100701455591,186884.05478995663,262,2,2951.344965595391
9314.800324799755,59,755.2351969813328,195286.05072523694,86,2,2622.4126296443383
43184.649847658904,21,661.0194409311936,244366.85891088477,205,0,1286.4038999039178
57212.28252098266,28,680.0559700633935,225281.68757322675,178,0,3122.441982600603
34835.80889504526,55,673.9896888284748,121105.974532021,42,1,2262.7309572173826
48327.86027915939,57,682.0474301134784,277151.1993152317,278,3,3508.7135228833995
57238.98303258623,31,786.0693853903956,207629.09106237418,138,4,644.7190661159996
55280.17700669871,24,667.5933176770711,192813.36497130216,104,1,1438.485152630079
42888.11000686879,54,630.1860821669999,267158.3845318801,181,4,2120.3723498494696
66626.8976040612,37,559.1497005986541,210816.33913339616,145,1,1699.4330687655652
64427.226900100984,57,643.9729911334463,243574.24169045177,306,3,1267.6260557948092
33074.843931759424,33,662.0719702647264,202764.60527519512,171,2,2119.436876924369
71420.74027101889,21,610.9740711575078,139902.1562320622,292,3,2215.829786054381
38586.078484541555,51,644.5483171861003,175620.5950882957,188,4,1182.6728013170052
29966.891850232547,29,750.8549584704818,161419.36393091013,65,1,1806.0743500846586
58208.117193596394,57,642.1684702763175,188394.3850941566,216,4,1215.5942351134033
62807.62035819229,47,584.1434580506254,179634.7821425211,74,0,2855.5762453402253
71164.3433617946,22,693.6734124588648,256198.91923820984,203,0,777.8333178437815
62086.294609612734,35,607.9100435851777,149657.7636947538,205,0,2397.739162440742
44581.35590204083,28,852.1873901901489,141705.4379673325,242,2,2172.4455808693974
43828.30293479619,46,748.6363320795153,236465.47611721003,350,4,956.9821534478601
77594.03692220127,39,797.1398619074158,231602.49772959546,157,2,1812.6186452184154
43972.1720573934,60,610.6839237209471,222036.59242777384,312,3,2627.6110945091223
33140.38591398414,63,775.013918586201,148430.2730663431,211,3,1812.581118923698
38621.330383642344,43,702.342168656474,171020.86105992305,169,0,1873.926664048993
49358.22362417622,63,741.9989686485471,136271.12903146876,133,1,4231.9706734107685
50936.45569924715,68,704.017134023405,208722.33523431167,49,0,2845.609454005476
65227.33796150015,31,610.3733491318968,151502.9672297922,39,3,2050.9052756294786
31326.8860136328,18,550.6095896139406,180083.78252496506,118,4,2052.1780282908508
66608.49119162523,51,705.682270822365,220436.14354451906,17,2,2057.6355884375107
59355.29307436741,35,661.4323916055847,191195.47205048555,184,0,2707.516252116705
34021.33266311545,50,547.0813395874276,179997.25911628752,138,0,2113.804241643734
40696.279822372075,47,572.2198497299446,118437.04887789328,273,0,1502.4071921455327
38464.70874098226,66,286.64556492199836,234051.8847585599,291,1,3384.7915287529468
70394.97286287851,56,616.1301332549932,203380.19029975892,103,0,2073.676327010318
79092.75055213273,38,706.2245657839943,194694.64173483234,326,2,2988.233914364615
65264.33700812031,46,718.8334427376864,176692.63965579245,274,3,1865.6063257703604
54936.13011390938,67,754.8651428693992,246401.71147496413,293,4,3349.350952205269
62087.565123537075,68,770.6715471761903,134569.39590770367,182,2,1252.4767847386136
70838.01384561617,24,670.8690304531805,212776.5562242551,182,1,3101.6953623264744
41400.236324337515,34,602.5861761402513,214965.48848676725,171,0,3246.8198194404576
58096.32607809975,42,629.2525973888156,225646.22234775583,278,0,1155.8844940658541
53724.74422368026,40,721.9668012779184,243625.3085681248,196,1,1559.071712309381
58225.65876055774,67,496.8227690385413,182213.91834460234,247,2,3027.5248811202946
63763.08865626586,24,443.1246781268227,241091.96776554163,347,4,909.2138766527269
35446.27115476384,54,823.7701738127454,249246.79026801875,248,3,2638.127656901603
80518.15497837495,25,634.3726377284839,134233.53913782362,209,4,1863.5584591973986
58803.61998246644,39,594.6635315808735,186286.69414094512,328,0,3093.196836537465
51778.28985348895,55,678.3378785534311,162684.72551335103,118,3,3997.7486315203687
78345.77027053775,48,868.0686307363596,224710.45016141742,213,2,3240.108104413276
71474.27566481929,47,787.9416686413074,224947.37284046234,35,2,2723.026139414076
60395.565149447386,48,386.08303401870745,118859.09544605429,98,4,945.9788687404468
63194.7370164201,44,707.7867611161124,250337.63061232498,16,4,2127.8291348745556
50186.82581540315,49,648.1137361812786,182618.90038623597,200,2,1745.521583341888
34263.12421914528,42,618.8718870360406,139011.8861566774,206,1,1472.7466652224637
45266.866965441106,64,715.2375157239486,186064.1545291408,231,1,2234.7447506881845
52148.83178585293,62,596.4716402221027,184172.74906866057,39,3,1898.8415985683257
76182.412499953,25,674.8447559279273,264827.9383326957,76,2,3001.8297806736323
42790.908926351665,31,674.3377655677527,179217.72419025333,73,2,2060.0208880580794
70663.76565443516,24,728.0995263395982,253971.07422925255,69,4,3035.0074407776206
67412.54518325899,57,518.8136460961549,200732.14894118436,343,4,2299.1168850403164
40217.73952578564,35,675.3543184878756,179412.15872823322,222,3,2742.0433594166916
57544.4056079081,26,780.1989738379195,163375.51037321694,118,1,1973.8402739303235
54438.03141018606,59,485.0458748739039,354894.2605850894,173,1,2270.94225999806
45554.80403854022,59,581.9648635889441,100414.75455678148,17,1,1866.515210011883
36493.865798135135,61,611.6134242833756,168334.25023304805,327,0,3349.810456180595
49834.98716219751,67,519.95342773804,221085.67933351008,275,1,1811.149969758282
49735.2470504858,65,602.4556238819232,99623.20168362165,100,4,3134.652509943632
69691.93487089674,31,756.0904991004006,267299.20016936335,235,4,1850.9554839075868
65652.32307600875,62,686.7002717059822,228503.57273708383,201,1,2059.8150344760297
55337.59856229592,67,653.0656120619311,163011.42760974995,246,2,1320.9936710671564
47627.22819183236,33,734.1314729790249,270308.48687898676,104,1,1747.5298975131273
57020.46363027644,20,581.1618801393823,257519.01610571216,61,0,1214.9714279623563
48134.23395486874,41,813.6020293708666,171669.49706231945,217,3,2236.8235003994273
60608.155394949295,41,765.0526441877247,283162.03320916055,326,0,2376.401454472237
47220.4365952828,25,632.8464642171452,177295.86580392858,254,3,1383.8598417271146
46980.79219587299,40,686.529401647868,208508.50615881497,265,3,1902.9313647072463
53394.920878524455,34,759.6999692689075,125854.89352339508,261,2,1287.369517523664
48485.499567276966,44,540.8504191664216,95644.58498592154,120,2,725.1292909811627
29525.26709190699,46,640.6733064798566,289780.69791728555,17,0,1525.3050734219628
35240.509125122175,39,640.4051212087167,137105.87785946677,262,0,2045.513408315235
51173.84027120643,37,735.1082762740318,169305.18345887912,285,4,2565.160264814978
45129.61302717953,21,606.8692568602694,219725.7376231003,254,3,2272.8671490300944
20456.972795110694,32,681.0880006568021,199337.18389160256,36,1,1382.258195447303
47139.000164572135,54,674.8074564036627,153284.54979288788,129,1,748.0597856080217
45435.61536613022,58,688.3163960865346,264901.38481300225,78,1,1296.3467772161541
54722.26261752445,40,662.0992785970299,188677.1314895763,174,4,2138.0803722267774
72095.15602771814,23,550.4108463489125,285568.46159028774,275,1,2483.348650275376
60372.35243901328,24,638.6605594575399,138816.8441290018,12,0,2704.720627951382
29822.43477184516,51,608.3611615216332,275162.2293659341,116,4,1989.2232640013024
72615.56672769267,31,596.3768285386096,164756.49833600663,203,0,1656.3178872535927
42505.43330479412,40,608.3790972360433,279525.20771528047,91,2,2947.208562783563
78360.54264503764,43,695.1811357029683,159866.67297196685,57,0,2037.4010174330544
61865.57346967476,29,592.9951947011517,253509.81852678308,296,1,1724.7534874859239
25585.786564076712,18,515.425528107681,239602.30519133218,109,4,1542.5991582480403
55088.78962234687,48,514.5646470146684,172956.01435115194,55,3,3395.6496919260135
45714.59216214136,56,669.1127606878202,369697.25687269855,21,3,2478.049615692368
28832.52428673266,62,588.6066318680638,157316.30206803358,167,0,1837.7602601940998
40744.7624155107,61,605.8281912947238,169558.56529906107,190,4,1192.6107383808542
66753.60966540131,44,427.9461150438143,210566.49553533198,52,1,2282.762191199413
44602.73614827685,47,602.5089598823913,241916.09699326707,56,2,2135.327046493942
49092.67378857783,55,559.9762093546092,138149.88281987415,255,1,2043.4883578945617
50562.867166588934,47,693.4474274893154,216937.94830658202,53,0,2989.3659028228913
60009.462633303556,31,620.6638167983015,151496.8716072064,290,1,1934.1847214188383
50703.62651919217,54,710.7032853253372,282465.1552686239,218,3,2031.9461013932885
43447.396286223084,40,757.178978168531,192203.1496794703,247,3,3934.667738332192
52109.726081596695,35,434.79259840957025,258854.48782028552,164,4,1542.4678152617012
56664.03218089262,25,829.9756348741207,209639.67789180696,335,4,2223.2075249364075
49205.27068411117,57,544.4807472865958,147471.0633801472,150,4,1367.2593528801326
37808.52965654839,21,740.5133510663237,164856.7714353407,284,1,585.5294449525102
53250.09245976098,24,742.7298781878516,298586.07279733336,341,0,1845.721667640215
60465.93508282795,23,591.6194447994244,252872.10920217738,128,2,2172.849264947235
47697.69033078184,46,551.3169447032215,217411.89676299077,257,3,2200.1459962707654
44523.76921660378,44,641.0487711339223,235764.10127763546,196,2,1959.7462074486687
29182.914287760574,40,569.6228232832254,219310.02795369452,12,4,535.4715209623002
88346.61933169891,31,603.8600692140838,309156.6855705862,263,3,1763.0468228823715
65980.97661952014,64,462.90074732454366,188820.1418313363,184,1,3385.223043781316
7158.147751345707,31,620.2989227648544,222347.7367943006,129,2,1629.0750910603801
63995.017951898684,32,736.1882522993843,153756.03252095944,142,0,1956.140441616301
67408.468715857,48,541.522244529543,190558.7289589988,84,3,1340.4524237125638
40888.33713236751,66,650.2407644043861,218540.33980525748,53,4,2727.7264872050064
88787.9676797853,26,664.8065518911798,179883.98316535846,300,0,1977.4917841027686
79628.84156951545,48,645.2584139021795,159354.43288340027,246,4,2205.148359745058
41995.73285971603,35,760.3408675702268,187301.49584957934,317,1,2329.4469304078293
76813.60687451149,39,766.6192983220733,229724.41994500268,76,2,3499.8541755323845
51956.557327434304,43,753.7160683594462,224452.3748931249,313,2,2134.7318706611613
51687.44213139701,22,562.7427661538587,246918.55102066373,83,3,1624.1695177685228
42538.831289088615,63,618.3032894753654,226829.67806917254,88,1,1928.745256739816
34378.82009541773,23,699.5341273228472,135889.59460515302,250,1,2158.7296898349664
27277.991079182408,57,831.4384074366453,213890.33409192704,65,2,1446.4425581832004
38190.266059333495,60,539.0306690970291,204570.1819790464,301,3,3620.152446839964
31571.428165496665,53,636.519383911049,270129.9358575193,74,0,1162.4620764426058
43038.20677994319,43,812.1940468238986,267911.04371111584,235,4,1755.8943641648364
25453.716806554112,35,485.9534246233909,189484.27154766308,235,1,1758.2048846680623
58192.291425157615,22,515.9829540079617,232389.94216349535,133,4,2167.057083515103
72456.5808758053,57,644.8498994538916,253344.72278763694,316,2,1502.7963947340127
69000.8637987647,46,559.0859080359581,159148.17222710577,207,2,2076.7652883890337
50161.964701093115,50,624.4458708289197,148477.5747965421,334,4,654.9816555857813
36673.899196154525,31,610.6400694825044,268478.02988666465,154,0,2302.8822637863095
52049.29435459786,63,429.10866443095546,155483.20495491382,293,4,2854.4934716471407
43788.88742705481,22,672.5041294696597,148476.23182814056,265,0,2595.497943880123
56346.05079406266,53,639.6198899629317,304123.96760049526,48,0,1966.9936662123541
48876.8582976807,28,704.0930389470005,169330.52432623555,84,2,902.2842768167357
51665.530116052025,21,709.9058480090689,260204.6641395966,108,3,1447.2936819564106
73707.90802224893,40,708.4126375926799,138286.81599176835,273,1,2218.626856487151
60082.296815100366,34,635.843388210602,111919.43964613686,338,0,3551.552814032203
49977.89351836047,63,625.6363533943482,145685.65640965768,303,4,1307.7782039684353
67312.13056201149,54,736.4424585867563,196095.7807053114,278,2,1800.0668342093027
42330.511149032056,51,703.3761702943773,278534.407815677,172,2,2661.6892048541436
38327.86729178818,26,571.2885941352291,194252.9880097584,54,4,2201.541251237437
59660.28533628953,45,775.2012636060548,175973.94894453642,143,0,1720.5040618312662
51209.71625163616,57,604.7964225352214,92876.05595966826,274,2,2455.721332915702
57261.39710935682,50,737.6429233117098,260255.54928787,272,4,2582.9034157054693
46659.76290259152,66,623.5308608501161,186591.24464254547,353,3,1534.0951141647142
68849.58379310314,36,669.1473546660158,146244.13611696058,317,0,2845.3261440987917
41996.22472365184,28,693.3991060636245,150596.29395985344,344,1,567.7572425748115
18682.46081670822,29,716.2600148101753,252444.9206961244,350,3,2562.585008283166
50856.43879288872,69,712.4661336030407,164003.13431127812,132,4,2498.7847215072197
35626.946565518105,53,460.08641512406757,215146.50708476733,353,2,1496.119882821499
36806.554093935614,37,609.6772070110449,196884.51085540987,142,4,2640.771348398061
65792.5219947258,66,737.4318828232417,200315.32234067575,275,2,1267.3359149911016
72463.55877332404,59,540.8426064316247,216848.2314237418,288,0,1751.1896731701293
34932.6699486437,50,522.2873787687852,242148.46268399555,24,1,2187.0080804421473
46120.011168799494,36,616.0438552127971,131458.48200311768,159,1,1944.6673041316262
48366.39054879948,44,780.6979669084453,249101.99123955244,223,0,3252.3225531593016
38017.31856572695,63,596.7163399668109,214980.81771349924,45,0,2377.080552077707
61384.02854425127,50,560.4304707127428,255868.79829561242,160,3,1469.7012925459476
47872.966676746415,61,645.3360543960562,258423.60110677514,255,4,3616.881800875579
25938.404584988202,61,645.3204407851114,146408.61320445253,335,0,2060.4126761815087
40937.139080589,37,848.5443195129595,206805.69098522482,18,4,1137.0753436818743
40223.5113952041,32,633.6642126712425,189950.9721759557,327,2,1605.4079456346644
61462.82208808297,59,581.4164410690094,147768.43110912023,343,2,1798.899838566943
51216.54583940315,54,358.9191972084857,239442.3279422063,348,1,1827.8980045063022
59536.49031619206,64,791.7099172527464,124518.30865943864,109,1,1475.682106009276
53408.75364806015,34,807.6667387469214,238734.9392250405,353,2,2100.93719763619
63373.422390024374,66,603.8230474231381,207519.28267173446,48,0,2961.489173072311
85125.73324429878,18,861.5456434840822,292662.95124578185,358,3,1854.5342064392062
56124.55717879051,51,570.2772385413843,290325.20075787907,86,1,1645.482590202217
51638.58472128771,40,601.4282913041765,238692.29482938125,280,3,-746.7049999355568
67796.88397066745,47,782.6349968599335,228747.39355783325,333,0,3410.5410538892984
32577.380932105643,47,546.0807229610128,149685.50502239936,292,3,1770.0113822745059
46108.083595143384,39,801.3177925597033,264595.9801349258,335,4,2066.850547429182
47986.31073564055,37,607.8694536102075,285087.42585696426,347,1,3994.3272913995115
86515.93818563013,54,655.6772008320512,157612.49386733907,213,2,1048.5776986107053
86619.41260448773,67,586.6934996755488,242173.60117882694,203,2,1592.760417347334
48531.496450523,38,382.9979912613456,263100.8488193517,34,1,1609.0805552792267
60046.88842585749,61,535.6921343140975,272635.310434003,54,1,1574.8762261358956
42025.53381488024,18,820.2735694910141,341675.2291046492,154,0,1445.7185927821567
60142.442025400276,62,666.1888472202013,165241.7334853523,26,3,2689.44281007963
36872.52949856933,34,464.6076349331564,201383.39681441334,58,3,1458.2325332191388
59124.76576983162,30,738.1967633501556,259454.17343520277,347,0,2740.84206020438
66551.10342237944,53,608.191851726968,206171.79177498526,32,3,1744.1703088440177
59374.04491068685,26,579.44314141023,262922.27397371025,173,1,2449.832638608643
48543.37271782478,19,637.853776986314,225414.68302099474,78,0,2402.9684172925745
67451.79904944047,55,767.1951628537398,240549.8077985089,145,4,1621.1243187163118
27517.139651530582,53,680.4003002234364,224153.8433837059,284,2,2164.5378500140196
46080.61813841699,26,647.5188860944394,107994.438064443,66,4,1882.3774345533598
55711.768847570274,59,822.9685782921758,200013.68673450322,175,4,1480.4324937402807
69289.63754132212,63,711.0048583288894,159270.3624336026,358,3,1547.661257294641
42706.41949159305,24,532.1145790285071,218860.39579710318,289,1,2804.5965914297753
57563.77604034749,55,657.6542883816301,207127.15255034147,314,0,1757.2335132478438
48979.48637751185,29,741.2651326135008,207824.5382777986,320,1,2362.638788984104
61718.84686065863,61,522.6390659212746,259256.93621498963,108,3,1590.327572058623
65769.96202208461,51,576.7379970899652,189373.10643212765,332,3,1808.2818526533827
58828.91165156277,63,676.5556883483137,150783.78795159142,68,4,4620.6908123214225
66796.14340845746,62,583.008453204716,196966.82564858903,58,0,3223.742459943845
54884.0248419136,52,698.9789415853439,190598.1936986505,151,3,1048.755345855175
33795.584253648434,56,456.05512845365683,220729.39947038685,75,2,1212.968307565778
32412.50592257121,41,584.6857991525544,238932.93643850376,104,1,1341.6935714151596
56362.00936426603,46,548.144283564632,257820.89831723776,280,1,2073.19182109035
60969.55809866393,49,722.5697637522093,258150.2339719461,271,3,2505.9869528299287
34283.559307157695,38,721.2385389547403,234564.91519803705,302,0,809.661446346805
39860.69202857242,34,446.4038078822539,291480.92484482465,137,4,2444.2649116543153
41251.50409884097,36,727.827729528688,208413.349806139,19,2,3748.8445616441054
49740.64529589009,33,573.1714610853263,182865.0886844028,273,2,1198.2130221175303
32995.94081781851,35,814.5657969150953,223986.20271578556,79,1,1757.0152574020187
59436.18184155313,25,577.3516199371094,150348.8913519099,355,2,1329.4076679476057
67318.6242577228,34,573.2954709330915,139151.82973649897,292,4,2095.521456319267
37214.351038513465,52,744.6556431319912,215150.77129369462,301,0,2511.623055254922
58318.814055204064,28,674.5022158336841,216444.51610738577,123,3,2728.1517923041974
43057.40851917397,31,782.5782873642921,221532.88647650197,53,0,1366.1609694325184
41686.033482362436,33,891.8858891805107,203569.01336353543,54,4,1484.7614070328036
53719.955093733,64,656.2851061984218,282492.140352789,110,1,1319.6989893393406
59482.82955623517,62,665.0456922308456,238737.10715132562,299,0,2889.991943864523
73162.30369025549,27,702.8589270621078,183560.11544395654,59,3,1849.3841402410726
72472.80163663688,42,595.7009080237559,179085.66366970722,278,3,2564.8492633132405
66656.7645935839,29,590.8427152276839,201203.7155337653,145,1,2252.444502858184
46095.69775571869,47,521.3074126377826,215159.02318748145,208,3,1432.7463730746836
65325.652805794525,28,452.142706074602,286186.87884440296,314,0,2066.7457015691753
53888.93862497738,54,647.9937428010315,255954.99848264566,124,0,1674.4424952165136
53142.08999979343,28,627.6326980437758,175986.2907683386,163,3,1709.6083243898865
22491.54981989086,43,693.9208188591937,245754.49982006816,299,4,1986.959619603421
62426.9130598254,19,617.6075632205424,228852.3078787538,336,0,256.70373182463663
56939.08623516378,56,636.8900353830109,191311.76799845666,108,4,2928.906843918837
64728.86548514471,56,645.640129866567,190092.0982625388,18,4,2431.558534684368
32576.766403238467,47,821.2357597428921,229077.29401053773,247,2,2763.427393882771
57531.08292080381,20,618.435822102208,250983.84525397484,275,0,3125.569776181639
27065.105095645376,30,552.4467820589833,160241.1314952897,281,1,2813.209065809465
36482.53298586193,37,633.373552892209,214573.2066774017,327,4,1980.801020245238
51706.44501737042,51,624.5633767980419,196595.32081921792,192,1,1522.06957737946
49954.07211448114,54,608.7153820839915,261308.90169240197,331,4,1270.0445320221174
55412.04472807731,62,615.9137750349958,158470.30679588334,237,2,2231.1191087988527
48622.48997109685,65,702.8637929533471,164846.59017687038,268,4,1581.0754168934197
49121.9392717858,47,674.9743781846163,175591.15780368145,155,0,2438.060715978165
13337.034767456418,49,553.671592457756,141488.7107262226,171,2,2374.3081858371843
52490.132595532545,23,927.0684288212599,160819.62549761188,304,2,2532.980974653706
58402.33812683979,41,823.0624346546142,180275.30029662195,291,4,2533.003470149809
69702.67239672253,64,701.3771331637842,248670.51329439707,148,4,4113.347093298509
55290.32452041307,38,603.540064669722,152040.87715639346,150,0,2658.827601093064
56981.18477029244,20,470.4164612272814,164257.22472119099,315,3,859.8062252701595
37548.5092066099,28,702.759632345506,207862.66882543676,166,3,2181.549175751077
22706.27244000059,27,844.785602050739,148894.96912402095,262,1,2932.454993085744
44265.032123842466,49,702.0413769506299,146122.62370737444,118,2,1627.1028715554314
51580.10436548403,33,646.2453992766278,218141.91241938595,241,3,2374.7600608046932
33119.305208759266,50,712.9897520086921,258630.51057312678,183,1,1935.8552399819669
49183.13198875553,51,679.1479248814296,209648.4670201923,248,3,2923.03522081753
47094.866115364886,66,727.3837300458595,160145.91262249072,217,3,1520.0614020755565
44170.60002291512,67,676.9060333052408,282408.47474309994,207,3,2000.1208791611032
64917.82464842953,24,586.8880936561752,151626.5778696876,124,2,2615.088702608491
41941.81007834119,59,582.7853683974533,155279.93750382168,196,0,1878.6475543598485
40648.83494008894,25,611.8002137566519,180879.62055235147,203,0,945.3516887279882
79491.95781762517,42,826.4204124402618,228543.2787898074,112,4,2293.132276493123
36463.766953740065,66,549.264800237446,231541.98860926987,254,4,2828.9999594598166
41679.04724896125,44,578.5701716885046,183305.9793292385,279,1,2241.2412112956426
65774.09010200683,25,837.5265927528208,188726.44116552375,227,4,1954.322453296416
29552.066656798004,64,729.3731314058994,208290.29829479565,62,0,690.8598202656699
48642.304158411986,22,516.2054317497511,195373.90107587105,33,1,1913.5318871951608
39975.99519811236,56,612.0227887905475,268954.49759519397,242,1,3953.7874282386283
48670.93561072072,62,684.0332704881956,146770.81233258185,159,4,605.3940194809022
57707.732830006746,50,598.4815985524947,133008.75279864436,331,2,1714.0015263114735
61479.033404094946,48,597.9105755039548,237013.9403440816,66,0,2145.807261748685
52606.859787220674,28,850.0304829677618,185303.1527398145,70,0,2864.7497681149407
59319.79722522537,20,552.3254710876337,231124.8645619835,207,3,1535.9016152714428
61180.47043885514,32,595.0888072642367,204788.73814202845,208,4,2674.337274161126
55981.00720464552,59,864.0834808853201,259509.86566508308,180,1,2833.6853778181694
33753.30520291293,38,572.0153773223453,181136.18291757203,226,3,1662.5786995141864
50661.213302538265,42,493.84978355096774,161378.94283782787,320,4,1452.5449876353769
60251.58288748999,38,898.2658487264238,248068.0460659539,329,4,1833.8182660436282
38482.673758471974,40,712.7113815988841,142785.58885119477,98,1,2182.8877061900794
43030.029697672304,26,654.2030547519665,72463.03745854992,48,4,2133.785968281125
53229.348693859196,28,685.8393938723258,142539.32960774706,310,0,3533.2306396089543
44744.44069411244,25,409.5142232053776,209618.8767279662,132,3,2838.4364732578815
46244.23557588658,23,572.1536328589453,170729.3761799959,352,3,2535.8828724506975
54585.94451814433,36,695.3261859816587,143306.2529993682,249,1,2171.738718754085
32664.16246090591,53,660.0852583426469,222405.71026371414,276,1,1952.9046308616314
52790.93053959359,42,643.8535251219377,207447.22841112647,296,4,1951.7421519525847
40693.23506937982,51,610.5470549346647,195603.34810638204,313,2,2643.336212089608
36361.57091241131,20,572.7419643659584,134005.25625456945,191,1,1138.4003062266759
53328.919735748415,51,544.2317261516691,243730.78207408753,82,2,2232.5549245673983
63778.40605720316,62,759.4867609040286,163138.52679996594,19,1,2126.208433629822
40380.24160910016,54,622.9961511009549,162977.39309812224,341,4,626.3069723141521
68671.65200013886,39,519.5658138485679,219691.74858420197,67,0,2016.3459973288975
40843.760436749755,41,653.844828674201,296006.37574096624,127,1,3145.807482873772
43276.943699055584,33,613.9397091596327,247552.705388113,338,2,1830.9973852790413
42785.580899174856,27,560.2495535203515,292310.7150168559,48,0,2966.228476154662
60085.76956266117,43,679.392144370483,149813.89763226523,149,1,-339.2487866159936
49716.891963006536,23,623.3898713958745,199948.30726549934,348,4,2189.5852873302565
58871.86294709805,29,569.4023146980558,210956.93254798165,319,4,397.4801138740488
48145.36663930434,21,604.6679224139107,128090.45816073398,293,1,780.8494239000995
21956.078807772592,45,650.6150336446966,268169.3811605394,279,3,1804.4184942954257
29817.741156171436,48,768.390759436074,184016.5850890567,322,2,2672.8162835928133
38307.52404778092,28,643.4516157368323,130118.4183838142,272,4,1844.4228244800913
69313.39155912073,24,732.8452736034617,215957.18282089886,25,2,1891.5992518169269
73911.88476897134,36,890.5319953153073,146563.24774330278,290,3,184.74168454391815
28179.665032062556,35,717.2148775773608,119034.23989058465,285,1,793.9192880503545
49797.19627156378,24,540.0772533773886,245034.71089398663,273,3,1571.5999764362473
49940.45602719002,67,650.8778932748575,216183.55531482343,59,2,2018.0481884543533
48419.53164332254,42,620.9602502638592,173848.6969778628,24,4,3348.713223636124
58225.01112781171,24,619.7416195328965,208800.76260207137,56,1,1558.2170577618476
33513.095776848255,48,584.9122336858102,184897.6226626411,42,0,2823.2008632239217
68188.07043355907,49,691.5894226041153,327551.2050134746,105,2,2339.3745476290264
44330.93601154766,21,617.960797504938,219686.66546018602,82,2,1715.3442570012505
15237.483816519401,48,691.9358515114486,170921.04821939557,47,0,3194.43116117729
29951.037246860258,59,462.04962017727354,241986.96948642374,109,2,1964.9176371917044
67639.30479873049,51,770.5854629413068,234779.2635433137,57,2,3192.881449409323
74172.6703819696,44,659.8648964673797,188896.759556454,226,0,2078.5026027380354
56854.32675385248,38,715.371239657564,274543.1810625073,355,2,2684.3530650492276
92501.94545627173,23,680.2046154000243,226518.18791500432,300,0,1631.9761640349982
51722.44765412295,35,766.006153615838,221471.37763399456,347,4,1196.6425843669513
70135.47637214512,20,600.0444397010742,269547.96191036794,221,0,560.5134502846231
62006.74528917919,30,656.344861876332,211272.95901295447,96,2,1798.060816446829
69357.65477540629,33,708.1817568037803,201882.23279502726,259,4,259.35007581570676
40154.06308005548,55,696.0861086502102,220842.4029246844,106,3,3523.602068086039
43004.25026587175,24,844.8643218271571,227329.61162774474,63,0,2867.004411406449
44959.3200059489,57,597.5863425684123,277818.9482554799,186,3,1268.590758425177
5149.938878519548,62,670.4391118917149,257307.2157240237,344,0,2950.093996706798
24284.97775118286,28,621.767414603061,218506.71364064107,347,0,2680.4705463988093
58741.49515045707,62,696.1462996355515,194322.10928867888,324,2,2654.9051893490696
44589.241416647215,34,641.5161172493274,264735.632343888,211,2,1168.1470329993003
55197.04686679139,41,804.6907924291398,217929.78675413973,174,3,2011.3414420545434
35888.09201697937,68,584.8069914617304,189952.3686763169,196,2,2385.2741582936715
64914.59411008384,68,687.147399143553,281849.0121383369,328,1,2516.8957471139074
36642.02234056016,61,730.8386303075283,209360.09548620234,343,1,1672.4741548956038
65813.63637947326,44,491.24594024640015,163010.64205597132,338,2,4209.1025667740705
30830.44169740974,59,683.6036963830437,181788.14093012252,69,2,1209.6657168427741
55009.34012627367,45,547.8090696987728,303244.11284461897,267,3,3804.376706131472
67872.97925741099,69,434.8747754148546,243379.6654816607,134,3,2249.3949488537546
45916.127134045644,55,551.2750443938048,122442.71514112767,52,2,2063.2447384051134
55491.15064185871,38,629.5479192199842,134252.124800587,313,4,2619.593137034006
52580.0052968416,27,748.4467525027412,184081.1312210105,257,2,2187.072734734297
59046.751621208554,69,750.4952782137447,266436.0376961363,26,3,1601.691645278596
39906.094193060795,50,479.1879774638729,182669.26019876756,180,0,1629.3635196914206
63037.72906289864,51,532.9592948967377,127687.8141900848,173,3,1607.8113361018607
57291.75645031743,67,576.9679122210921,143803.0430657792,125,4,2196.3947025110124
53897.015303412314,41,773.2374650502417,271875.6908470871,98,2,2322.5264055988273
37064.88586198619,43,609.4168995087851,181415.04671423347,175,2,2527.221402366552
63931.76907600977,33,739.3373187849805,261019.09826279868,178,1,2287.832450066879
27026.635662529505,36,481.46699462330554,307270.604861591,237,2,736.7543820939688
48545.90215623013,18,883.5758537981782,179047.25550737267,253,4,1242.4855261796874
26712.197576510735,47,549.3855042240951,232321.4598617095,119,3,2398.6421963220064
43517.53423028047,37,564.1778796718713,250084.60120346837,61,0,1813.1974195587352
68611.88628938323,28,726.2330741257848,218709.5341036073,124,4,1468.2898643750275
21547.1815475381,30,687.8632741320471,210546.94408040497,317,0,3149.8721463865704
57647.01048529522,42,632.4331000512915,163010.16592305034,149,3,1595.206744227371
58277.02188232716,69,525.4960398578758,224255.75296779527,182,3,361.62759661667815
35945.46880710474,41,615.5933504551236,196063.3499272015,111,1,1769.4946217325448
52767.861048910985,19,613.224064230485,144793.24869249656,290,3,1295.072893085378
43531.6264258865,18,607.0583213116195,163516.01921150702,220,1,1640.881610869789
64155.11153434674,30,609.2509066264904,275302.18114825233,24,2,2478.3860720888724
54890.940443025,20,578.6872257225675,226362.34070182336,133,3,2627.3647553078385
43094.84609272469,23,656.5706928713194,167804.39540502353,312,2,1223.0336927850426
66214.53600844918,40,640.4047555898042,241913.7291583873,215,0,-1.9445036086615346
39412.77860206581,52,808.4910397756689,282463.62542694004,200,1,147.1338075039182
51185.55524484088,25,782.1595200192825,231529.61489414753,65,1,1348.1759987854768
39148.5750482465,41,829.8426804565886,231067.24350823052,219,4,844.3743728161203
37092.844020831406,63,629.3238484683216,192489.43714442474,55,0,1846.3947072724466
37125.823458783154,55,759.258798343295,155307.70380446647,325,3,1445.983165588353
27403.641360991274,50,492.30562591737385,229824.69899161067,260,2,2212.2345051353914
30700.018085972453,46,562.73008348136,194467.42498289887,247,4,3002.716576951875
64338.47029565422,32,595.1376659578322,244777.26792972384,223,3,1590.5741142980619
49849.79194116092,35,598.2265709438803,311455.7237058909,186,2,1877.8889059732012
65086.488270201466,66,631.1556282847772,145159.08833752805,344,1,2273.1157402237354
48185.46571140806,33,759.7397812509677,177398.50865494824,82,3,2196.3819989477674
65864.1584453286,54,558.7509933263268,117381.83508242414,186,3,1646.6967305026847
49603.67679702971,20,683.23842816699,211970.52068623467,296,4,1920.4116914421606
61202.534863843575,57,668.4022998569827,164929.01972731398,115,0,2398.5094014489573
57575.00256930069,25,755.2813644476756,219557.9695573306,13,1,2597.63329646611
67591.67668882138,23,649.0770214914869,264660.1310532762,86,1,2483.2684365294926
13999.560052981658,62,806.7806360872803,200399.0197797254,147,4,2848.4246528179515
54031.51884312558,45,589.8516864932875,257106.36846065015,26,4,1291.5891952431612
64324.394648056856,31,641.1217625459151,90494.01832596185,178,2,712.9218398333996
83227.77791819436,29,580.6102758916411,176938.09411850892,280,3,3027.9955217085326
43977.60376303461,45,803.7278055993855,228889.44533879438,300,4,1475.518552425058
65111.01327022618,22,636.364139415907,85598.66729885073,305,3,1273.2140686003631
52769.11163634711,63,668.1344611068038,245014.84035323502,170,2,2506.989070007159
62394.37345398913,60,490.07708855685667,202921.8338722587,225,2,2253.2597473191076
70184.6885836356,26,721.8036563303526,194782.61573420023,312,4,1989.4106027680432
53415.27589361938,41,553.3695149037724,148510.6470894307,88,3,1551.2362373665155
62159.68494915115,36,482.2476472247487,95158.17582923298,172,4,1102.5451068544685
62637.145480654646,69,545.6034553718314,231878.54839265705,12,4,981.4845297625175
57731.78688149827,18,765.2049343154364,114902.66738139474,51,1,380.5213859311241
26358.913776031783,22,715.5597308557649,211395.1659507039,347,3,1553.0273707317006
21335.915592730682,21,456.030010234005,255451.09301034058,130,4,2278.7952632804695
49935.82404785159,25,571.7242586719914,231911.02314923343,74,1,-251.88373375486162
62846.88568658754,36,736.0759089187515,307981.83222842775,224,1,2041.9726717525227
29557.02926403766,19,536.9897854678222,225474.11994525304,133,2,1772.8618605594443
43462.05093139968,69,604.6169337517329,259041.87272667483,106,0,2464.8291692396856
57379.04810942554,38,444.9704583282154,167784.7299183848,168,1,1396.0368927666696
28900.678824914612,63,607.0071984755727,200237.13388591236,233,2,2440.0092734732752
52532.881757547504,18,644.9352287121218,149184.1456004273,255,4,1902.4215712090395
31523.228665730294,34,545.9513538360764,126178.99381195643,154,2,1930.8410011080932
46895.59704289345,30,492.8106358399565,185977.1672989956,55,0,642.007933882888
36199.44315901821,59,659.7621290099705,332270.1545710218,52,4,984.7092608321244
47832.331379270196,43,415.2686054166436,211164.99378549206,158,4,1090.4004555787865
47371.078953749115,53,429.17386457899255,155994.36168692695,81,1,2155.826147232363
24282.30591267467,68,454.9521539805559,336844.5563218675,83,0,2585.9653318380565
67673.83564688823,29,929.583659017266,130254.28936609093,66,4,2361.7124054118044
21600.896993846694,47,517.687826982379,270484.4057123166,264,0,1594.20996854393
53167.12765438289,32,773.7058789322936,208804.53530799103,83,4,2066.6736067976517
78163.54466120529,22,695.8580472724916,216751.53816935368,116,2,3427.9342685707256
61929.65006944627,45,662.0746211849533,243671.2484633055,300,3,1015.526890767371
61896.95065822905,61,492.83044825920035,234273.07907480208,151,0,1508.497888005139
70933.9282360373,31,702.8914553297767,90937.63901298046,322,4,2322.1837482163846
22076.84774321498,66,696.2885058676828,194191.88611338293,17,0,2755.064513031957
32817.28909892638,38,711.2967383613959,188448.96061524068,343,4,2130.938283392017
58718.11989453789,52,793.2516106625314,235024.4921691147,20,4,2527.914632992896
42807.282405437785,58,623.8028114454772,183563.96590756744,14,0,2391.4275486071315
68121.284541617,52,726.0573740207072,182792.547573519,121,1,2037.7286118560928
83290.499512301,60,533.1630842357283,185815.61097210043,249,2,2128.2689441554294
54346.977479889865,24,560.8296036402378,258739.1728185545,100,2,2454.8448135203653
53591.9762744052,46,582.7423922693117,227260.02147595433,334,2,2971.7500269389284
40599.15059617241,47,656.8959313870959,192021.4473031401,238,1,2943.4857082218905
62230.394309135416,53,731.6773801605838,234179.76642079212,299,1,1020.281547006794
35821.993722904066,28,611.6694091780207,152536.63997733168,156,2,702.9042735778705
36400.131423583065,18,512.7311182389954,237487.74172345072,352,3,1116.8675063100127
35484.54822341509,56,798.7412859384244,103461.11702113108,143,1,1976.5108842219663
67516.78762326311,49,796.8979863916672,105714.93659596617,272,3,2509.9627114589284
62325.68112289881,65,558.6053139328827,87509.86899283701,28,2,2427.750591631628
64694.09975716229,23,684.0450525781702,175509.50591557944,341,4,1177.7960473829903
68756.94839784685,23,636.8895644546453,188740.5434173114,294,2,1560.2530784230062
67272.10509042337,53,638.431842895552,187029.04751938485,310,4,1714.6096507280179
34341.42053685487,20,570.9113392214251,162162.77418807958,326,1,467.0735870671165
54523.21192042994,67,619.6618535208597,237047.71075941055,268,3,2085.6148810226578
67701.3849515495,63,717.3691732573295,224926.2339883064,191,0,2881.077402020972
58790.00985918126,56,495.02495515065516,248829.35473382205,94,4,2288.325879545047
57256.16625049178,44,619.3114710346683,176498.90392579447,131,0,2975.909253724
45623.51487571779,60,727.8035671082312,69947.13784741466,257,4,2155.2795921161596
49385.35067760201,33,780.1436046794894,272493.7434373291,250,0,2902.5169276748734
45029.79131950348,52,776.900979158611,226979.49460460828,246,4,1639.5103637735592
41752.492855390854,57,630.7904856529626,209668.72753498776,294,3,1430.9134352202773
20153.22388420285,27,748.1581968036796,208206.652467823,200,2,2298.1437209713
39990.95534325792,26,739.3920620712727,184138.34313620013,339,2,419.17901856387607
47505.0374185988,35,540.9215421271308,182647.0337245642,168,0,914.5133183909961
26144.79716347012,55,723.1569695083055,124833.30734211374,24,2,2268.0286312705102
53940.854860656786,51,777.5097613582899,172272.06878195264,217,0,2237.146065293369
44403.05611957854,54,498.7340592570662,153286.19514119034,16,0,2793.4451008610404
65318.1424816397,54,837.1786191660667,254150.92252079543,272,3,2121.951077458491
51418.20443793317,46,546.9639503203092,190013.4257789941,262,0,1691.009292759654
30336.293359760948,33,626.1613594767119,196855.59340696197,227,2,1859.2840426494452
38804.88910956533,19,666.6905451630472,194187.57507767697,295,4,1872.5878747939128
57370.64275933533,25,586.665177777756,250984.20250577858,315,3,2749.337260179519
48417.36031008921,56,753.6021039350267,223252.51303226157,248,2,1978.2244234839939
51392.9312683701,32,649.3962395225083,136955.2184644122,336,4,1781.0558915514957
49889.77757455313,53,664.067161997932,135363.85705907177,202,2,1197.0522965621176
67487.04866442402,37,670.5941199914137,268021.13883183873,103,0,2058.6285085471877
52258.87046791355,24,535.7797359305525,253570.18702348176,124,0,2467.696110450236
64675.51665839079,47,464.9741292639111,208116.3357455241,13,2,2193.8550890876954
45731.02002345876,28,760.3332121221633,205778.66555954,220,1,1831.68510393335
48634.28967033889,22,625.9883639426633,233626.79277801432,22,4,2152.283665390503
52677.46682290131,35,579.4106406702645,149134.40981026657,236,2,2247.8557046248034
69603.10747405673,21,596.5647380548097,216993.4751121514,342,3,2247.2434220166574
46784.60724333354,41,577.6626360253532,201227.26215668683,157,2,2108.420411876124
76515.16454485655,43,532.1545721897305,206547.68364049878,254,3,2027.1696440899152
39597.76151783827,56,760.8822214166989,198449.89229897055,219,0,2173.260599496059
35297.900776077164,64,348.217308903095,265908.56816902215,33,1,760.8632703085664
46718.6564236264,61,635.7903122136386,220873.07136899888,151,3,851.1947905956117
77521.2662560542,61,690.2624455748434,254185.61503462074,270,4,1086.0927202521525
74024.64365804724,61,662.0420744910748,223800.45112671578,202,2,1937.9154710838234
33547.933794105214,23,608.2962574182078,304757.09004061855,17,4,-175.1022625100136
12802.7195367866,29,611.2757112775223,155227.86359793766,318,1,3303.558730590531
49443.052138827785,64,564.7980410227141,219003.2108555288,85,2,2038.5814550946466
46490.67890605698,35,661.222060017019,232228.3095740963,200,3,1095.8487096400688
64931.59455675276,54,727.1465661119292,241953.59844111375,88,0,1233.737454038826
38678.51372460567,41,446.0821892611209,217774.05644922183,192,1,232.17341596276628
28623.038739201354,65,522.598254837777,201254.16638356345,155,0,2688.5500922422434
55386.90221460964,64,641.5244564583033,208307.71616818645,34,3,1016.6415102941711
52996.66960742333,18,670.9988130607082,191467.05179625578,258,4,3029.3342336545156
59980.950008806365,58,715.6177686958758,154768.69316492978,288,0,2025.3000242062092
64104.65696593516,43,822.836606041521,259175.7453202795,88,0,2729.0654427676936
27833.470566823602,26,777.7812557455954,92153.24024693343,224,0,2043.2586486228206
32877.35487956343,20,602.8799224747612,242353.4090851931,143,2,2019.56450382427
38888.17660153406,53,753.0726913084079,196962.54769138058,103,2,1614.3296828735372
70064.25921351722,19,607.8317442702652,187768.90790212498,221,4,2329.723192727932
37633.128768956936,69,510.3731123764444,216446.41741822322,24,3,1087.5380951721008
36665.94837614668,32,752.7564548386176,209507.44572229905,337,2,590.2370660916572
53140.8824200346,23,507.60290975637315,98895.20807249019,160,1,1862.5458643011718
49008.88997002369,65,776.116111529289,257090.83086104586,219,2,1848.2898998963985
70803.33807000246,43,701.3642719741424,150157.17738738892,258,4,1425.5588598916256
60043.021640310835,36,645.0443794083889,203207.8504907829,310,1,1052.4304507541988
76378.86791933412,67,496.5255832756742,207324.78165621287,229,3,3575.998128493377
33341.308809505645,21,466.86270038868986,190337.89082797692,166,1,2342.7486470468475
56917.36213572974,49,669.8370413818332,228838.06268656062,237,4,2183.537579955464
56331.84831657736,31,594.9221003900996,185226.67770564204,334,1,2039.356378027737
40977.763774874395,53,610.2190020911536,227330.28037761757,344,0,1216.4758736822816
47531.22671036594,63,740.7523768812442,60343.036838607775,343,4,1617.083398587254
45502.85910149058,21,521.8923047045894,208664.20844925323,47,0,3102.499165259664
61253.416898606556,53,551.492925541116,195716.35580723995,285,4,1783.9968896207304
72098.77393750369,62,598.1650956850601,294083.3875090123,304,2,2032.625423588345
50137.25256507712,37,460.6798260570182,165904.41477415932,295,4,1571.2817333361668
46435.69477187993,40,622.4569552732886,199811.0895694336,287,1,2183.4235207873044
43481.49928461781,37,778.8726489307971,250445.2785099234,141,0,1496.5146414712237
58378.12464688768,50,775.9824657279459,196333.8868576802,216,0,1791.9476967264277
55470.4822011982,63,769.6921921373769,207837.57504839753,80,0,2586.737431162761
49626.22773833575,67,578.0867547251951,188513.96684675736,238,4,2456.0774003959036
59484.32485927576,40,653.8763914052734,87981.02415602327,318,3,3286.1724242423593
48540.8969564618,40,679.426387206531,237911.53371190125,343,2,1630.4165888801451
42833.3881595649,62,489.63196688272177,185429.1304011082,254,3,1735.4486548822051
46205.54949020318,56,539.6754790981971,193208.86757283504,321,2,995.5565471177174
35571.818789281846,68,625.64794907789,159514.72473163134,247,2,1155.0343022473262
52073.29487103362,62,727.3324779109234,239422.1355417239,65,0,3058.5573032969587
19357.508389275175,53,857.7926587083115,272526.71545298916,279,4,1715.385268922299
74242.78028632063,24,601.3031091120168,249871.8536586377,115,3,2902.9369018755942
34197.78547876117,52,733.879395970284,214501.34309946036,245,3,1611.334661795156
31428.423191718684,49,489.69346714207245,143666.37120158618,292,1,3024.295761122176
29122.302995035676,23,629.0470859144931,202600.3864953987,267,0,2792.6505611748967
36909.3779255569,59,723.5366100595365,165993.11259210782,75,4,1492.8591242107277
43187.105068137585,66,655.9701201260964,235340.68226653233,217,2,79.44374106450482
39987.15461007023,63,656.4155785013206,175845.98466424024,305,0,3233.5816098045384
36988.34393176007,38,624.4730753873984,148158.15855024403,82,0,2034.0370776287589
43454.07574244443,20,663.2286922325801,176536.69361697143,166,1,2649.1657676093782
42490.593094736214,18,535.6082759351855,220493.77267111305,327,1,2561.497251799387
49750.573804478234,40,505.41726363565766,196350.10714815577,160,1,2177.3271830995864
95654.93537180597,53,675.4590411567477,198874.5474681462,91,0,438.066997101384
52090.7423231892,63,651.8482360368599,189471.85814215994,251,0,953.4760339471252
32430.682904039248,43,636.6909495629436,183980.59591639249,168,4,2823.6170856846597
62209.631713682225,28,655.7418415996003,171987.32270201927,144,4,707.7536829037833
52412.329503813504,26,670.7093443808815,175316.69805934868,252,3,2725.558062438731
51383.13387976677,29,806.7023205231892,173192.97624543487,340,0,1661.9638397282674
56609.61564981749,61,617.7954958587933,250119.0610815181,250,0,3221.1893070177653
44594.88243405515,60,776.0894436444335,229457.29635797316,330,0,2602.928884675163
33270.396775675676,57,672.7454066619631,221436.06254930492,160,1,2460.20704784599
74244.77669461031,46,759.1459522460675,161919.1844937125,202,3,3030.5206466394243
67463.01678280195,62,436.72784701419107,179553.28420550568,337,1,2132.1940752248597
61979.422978690716,63,590.0963876397465,203778.33731847984,252,0,2899.9750288105033
47998.2479550347,40,642.6044320707274,171344.55118400228,72,1,774.4496017732538
70286.713072268,53,555.4093364376437,210041.1971028535,172,2,1603.883765126856
40550.94580130125,36,698.9442662740175,213253.86263480084,58,0,3051.5196324729495
32520.725434849322,19,634.9895698509658,147613.9113803367,317,2,2881.8795950978547
55784.835169127284,31,726.0801300860559,197279.675308789,350,3,650.0227410024638
54197.274515245495,19,559.208747783302,148685.38031925302,129,0,1501.9011592859968
65362.67059821837,30,575.7377147784309,197922.35464306848,282,0,2052.6836787195234
14098.618756359778,58,569.9823710113145,185836.80888712735,177,3,1207.1351848396816
48920.65460570169,59,693.5094914224082,225367.90460968675,98,3,1839.7539267079546
62500.74121957782,25,630.0742115501837,202849.47283306438,54,2,3012.668074349678
21190.16894321068,36,793.7855766844883,265977.9484774674,64,4,2481.284905429845
46239.7693331072,69,676.4422368301365,186569.56309579892,268,0,1839.6125177183283
53224.3410225144,50,609.340294265363,207688.90807587738,256,2,1571.6184952227443
59302.713033860986,21,673.6243915243256,211529.70753594197,187,2,1027.3605724859808
36571.10499644664,66,480.08294973819557,247525.5939026544,322,2,2168.3793690157117
41479.496033066906,50,577.4316771162423,159084.38033993996,93,3,562.708691186763
73890.60378935869,35,680.3856419868349,120979.98750131563,289,4,1937.7098822727319
75854.0835162611,26,562.3703937569563,188971.0518933472,78,1,1182.8806214192869
46795.94092323445,23,718.6912951396977,159167.8623922628,253,2,1568.8005137535285
74354.74826960565,55,712.5158051268892,146125.84563123158,73,4,1847.3589295382735
43980.49220727894,34,508.5942097374358,176456.73383080255,94,2,2518.0562712740084
56899.866431629176,66,492.92221660817114,230020.77053074955,270,0,2334.1153958362293
67214.86207936518,24,639.979649633569,139684.6052137428,157,3,2156.2673159648098
71856.32587997722,21,583.0589322160176,183167.73393644838,271,4,2656.7678792835277
62455.14689247736,65,822.6052106889838,177416.07954494562,338,0,1833.0619863115824
46801.10582954925,61,699.238704477837,164701.63557669372,136,0,1963.3108578731324
45927.6938992216,54,526.1972560930958,246231.5280650438,220,3,2944.5551650519337
61327.71141384361,51,812.7360509581458,238382.97817469167,253,2,1638.8123164171252
63598.65355956685,35,655.6090195990771,254663.76479249328,219,0,2860.439243831229
41401.58009489891,25,538.2552656001571,211124.66765293336,235,4,2633.8842078951707
54440.873991810004,19,801.2622364663902,114978.07150791348,251,3,1454.3361744358303
49534.151854669624,34,538.6062985314968,214270.1652973557,56,1,2544.1969731154527
61561.063878463785,52,707.8205623691847,209126.8841035743,52,4,2676.23754517239
19960.787777744943,55,659.4794790658177,114644.8905284908,73,3,2903.4756409313363
45440.35560304227,19,591.0121860710049,157637.74803396474,321,1,2979.5476499380275
21900.66798906594,55,697.0798109877937,213082.73313934752,79,1,2150.9151351318296
41728.85348523268,52,649.0228044272551,139150.21668342937,208,2,3199.303801760318
64253.027703560474,22,699.0795010615436,291866.91962448985,240,3,1993.3722571421974
66903.58321111533,32,580.2409154115547,114278.8934212555,160,1,3143.9665688985738
59322.02977397245,26,677.0798244147122,144313.57572517707,152,1,1271.374083399949
33837.06724988521,37,578.9312821043312,173506.7775718065,322,2,2220.7257110914734
66045.90309004259,42,554.9552995598119,122329.89104335938,356,2,1385.5892624847247
62341.45507864831,47,702.2659083831164,217672.58344635367,338,1,592.0753938308401
50953.11781821055,49,737.5763051176023,175148.97288488364,47,0,2522.9289811231374
66486.52225648555,41,741.095907311927,216642.63517868714,110,2,-91.96586883569807
60364.59771863566,69,780.5544202088897,211278.24566717868,341,2,2690.091063104955
54555.18962879951,65,631.1675360736448,234511.0772052397,123,0,2563.7134189333015
48861.7956425128,53,561.9084253541989,99864.84016190648,224,0,622.4388271118728
76972.67602611343,52,681.2143141541641,243577.80315153682,176,2,3472.06781463972
23292.393873539233,39,453.06150458981546,235145.58199607953,154,0,2054.96860061843
64664.86547870832,52,620.638215971927,210216.04257636162,116,3,2075.996829099763
59714.32716892466,45,600.3054773951418,272305.89574813336,231,4,1376.6266548870585
35560.344073280336,47,784.2561253887288,246979.01667285291,40,4,701.1460348962728
48193.23509057283,57,616.9997169387251,174405.78147823008,252,0,1740.8922982444199
27914.778946846305,47,827.416803596089,199286.73642486162,328,3,3150.255497897781
57914.598674698354,35,462.78940787012516,192900.530623706,90,4,2092.506214331679
40837.70492948832,68,573.375883320424,190777.9704749091,70,1,2406.1488619892884
22433.691646563984,42,695.3012880329169,98735.33804985111,343,0,821.0882732143805
22202.867542061318,59,717.1420921898593,234756.1514838099,329,4,-1035.067011899289
51325.26475580341,64,676.2150949869101,194860.4794059597,235,1,1748.4610340154977
46517.31109599804,54,532.157887928433,159924.73543902923,243,0,1146.9858166464028
55294.47903558082,45,931.4408243587757,209487.91970501194,260,2,944.6164910253667
67469.44684799068,63,625.1129775844271,237032.41973307804,231,3,3597.2287626749458
46818.41289412882,63,698.1288076391154,216039.29175347084,77,2,2596.576302623447
27640.858318050632,24,580.1084492894626,230275.22118014033,228,0,1412.9236522771268
48958.671868971236,35,715.4005171007202,228667.72768514635,158,4,1522.3908975060806
31757.198413935832,68,613.8063663721391,128143.02014069808,68,3,2652.474616615047
62985.142794303436,62,763.7961450624332,153806.16447645222,236,4,2343.8149520156844
63550.99764894762,27,665.543781273117,314224.2635081146,49,2,2637.13207490751
37177.10594503168,32,522.1916403490832,186319.13717343585,96,4,1152.1307682718784
10219.976437769605,46,729.8495673202044,120123.04428131024,282,0,1633.9676669854418
57745.00425819069,35,755.5100786081562,194891.58647044882,163,2,1627.3394541527598
51855.34443830618,35,581.8560894755803,251353.81289324924,310,1,1816.7341710352048
59325.21432494562,33,684.0703979005759,172416.25830665653,17,1,2174.8530495272694
42577.54345872519,31,611.7497479396411,158996.81642239325,242,1,1033.0971823918148
63689.24034251022,24,610.3100468394873,197314.53116744102,181,0,2574.811579819957
58050.75487551301,57,823.7054023037196,50756.28749982643,16,1,3435.2623110598556
45354.48075176562,63,670.3867521436688,174933.31271390925,323,3,618.8293859459277
47837.40650121028,54,547.6681712967642,275231.6108028917,301,4,2162.6920254919164
48226.891108780204,37,665.3553766769455,247991.58857400456,132,0,2670.8132958915394
37414.716139002965,52,583.7246409174545,292321.36231078603,316,4,1645.0413894475096
42315.87042064726,25,576.2369002061554,179421.89038814485,160,2,2054.5975869883155
34601.4937249191,31,583.155016055908,204336.95385524028,29,0,2752.6299285213854
54793.50074254858,49,861.2037621201387,177815.5239016553,267,0,2070.7054275354717
49794.15049472374,55,635.6845774756921,242890.37987733114,302,0,1683.276849979182
77553.70581546899,19,549.5804640366266,170863.98025360546,23,2,2512.6705069760624
56699.57773722863,50,670.122835731682,130414.32111622648,31,2,1527.795522017376
55339.15423468027,51,639.5223444602589,262294.58443521464,239,2,1760.4000252619073
69306.48569949617,58,563.1932139735006,276450.51305586885,68,1,2095.665303308647
32552.421883792864,24,481.45342569107726,114640.45759259631,331,2,2023.7627529906317
41405.93943918344,37,696.7841615576908,186006.70025934998,346,0,1302.1308191426283
47704.35912009754,27,574.4994021339279,141775.78850450006,65,4,1658.931720437849
28878.860694108196,46,735.7818940061879,208683.3628214679,190,4,2876.1154716610963
56354.255555865435,51,615.7877253568956,160843.34507666432,335,0,2491.1947218305186
39290.69000660736,30,628.075789389099,230916.55867987694,97,4,1738.7242728262522
73089.89866489427,69,601.4911590307388,195283.95697534014,73,0,1391.7651263832008
34638.981059409445,45,799.8830044045401,119931.2899079935,108,4,2641.417190284955
30548.178602240594,46,489.28692260404966,252215.6423877565,101,2,2418.0645324366496
76401.43745742028,23,699.8449552707533,230880.15587937692,325,1,2715.85746636202
61276.4658894297,25,714.4521558653723,194339.16467166424,188,4,2666.4338583312574
48027.956495554376,34,668.1291681657904,110465.2516927584,180,0,2078.798846360897
24676.937946418384,26,479.9307847227491,146126.45162412137,255,1,2033.7236870968072
54387.152837479334,51,902.6900518233754,251795.38745338103,211,2,762.763713554466
46177.727091652516,30,775.1284168507041,186430.51460787407,234,2,2619.315477001476
50464.428011033924,18,590.9368793980082,192791.12591638602,278,2,2831.0753726552875
27379.943176987494,66,927.3308158518817,199673.82225804753,300,2,816.6676959223876
46323.825723196955,47,647.2725802058694,128446.13422029662,242,2,1842.6976175666305
29416.43121016985,42,575.0359031129499,209753.7659556013,258,0,1530.8168113253469
35243.33295408884,63,786.3110868866248,174137.10123507818,148,4,2066.9229188757254
50078.02948795615,56,607.3626312640197,178900.43921499245,222,1,1263.7909074838767
74886.84155539038,47,595.9606586851016,208493.65418878305,294,4,3343.0619521257368
58142.97061085312,48,748.9188638600665,216668.72787100516,238,3,1674.5838894731485
56169.2081448608,67,519.190329766341,206355.08622421775,249,4,1614.503208615203
42654.41168397555,25,738.349273203372,212131.18938766993,238,3,1650.446003068541
41373.139346119526,68,654.6427484885554,246994.45574089792,36,4,2065.684781800522
38855.13881037664,68,697.7962006259196,254964.99268121412,145,4,1591.318036333253
71605.13997733474,50,809.4342216374291,339969.2482322621,265,1,2515.5973276284376
9438.713412117017,64,552.9737183079095,248721.88855354208,259,2,852.9972034961677
52147.32140524859,32,741.2495351678454,230058.26847243507,255,4,1409.645203109461
80424.28395363643,62,727.0582547025597,175200.91162519314,32,1,967.6448303287141
82741.3888015894,31,621.9806459418807,171111.07755446434,22,4,1222.945123587418
48193.09276372303,27,604.3981228669583,245819.14338090143,240,0,2658.5925520812907
61796.78539626331,54,617.4469174543034,210529.43693001635,194,1,2061.7172176816143
69256.69703853302,47,623.9122363084766,245975.97803800437,92,4,2805.2735857985977
52154.078161925114,32,685.0519075229768,92063.90550926731,261,3,1954.7414668622894
52399.54428104566,47,813.3796844864241,181269.40328966608,47,2,1737.8571787251742
53207.186098718885,35,637.1425260089815,221315.83908944234,120,3,1307.217879290673
63706.938111542666,23,492.1474229205645,255069.45594876006,140,0,2446.159658181253
53722.22846419145,35,687.8977615737508,144423.19964685192,304,2,2790.8374823780464
33811.38172080061,18,677.6304804531072,110849.7367779009,71,3,2125.9892057571356
46732.77031051967,40,695.3479104651801,240498.7536544614,187,1,2214.8854693642293
62837.23313966542,56,558.2284648413398,138904.48452673043,276,4,2773.8696899573897
22505.897621691372,18,538.7889072625404,215050.9172489821,62,3,2306.5914349459626
71643.01650420285,21,717.5122437085178,188553.13905684234,78,4,1251.5882812790846
39575.13902708092,25,592.3272889463157,165019.88037827867,225,2,713.0159372681926
24865.51991631508,55,704.2887267118043,163354.92706769396,251,1,3245.1875990664503
55876.45484789927,53,592.4488725230967,189398.79525059345,352,1,2632.888366198781
67461.39696782052,68,663.6998774225988,161471.74606009095,342,4,1038.421778378397
50281.44726701448,62,693.0622920765846,254277.2444326154,295,1,1386.6535221647255
47486.31817263524,60,455.2726081577505,94638.15236124479,196,2,3389.7163975832764
53162.93883309729,56,925.2816024780386,233255.60209559515,57,4,2694.4780783478545
65047.41190273614,18,662.0886767880963,199034.52021535224,174,0,1461.9474858325382
44064.371402963385,39,662.7705874842853,251580.9168889771,207,2,1153.022062594153
76393.86503167283,46,699.4820121134336,135781.69689581197,177,3,2090.926349345575
55924.46663277024,46,784.8556834231858,108228.88006928135,344,0,2407.1543767274156
58509.60028796582,60,788.7987302757756,254837.13520296194,214,4,1363.3770215841619
59713.16569833361,23,832.0001347916455,210589.99169845576,80,1,2003.2507682108342
53772.32403639022,30,615.5156009339473,191452.33786167813,42,4,2337.817944012997
66957.31084659648,27,695.2438445519831,135824.87903460205,299,3,2729.259801677488
53942.28855845765,54,795.2918862142365,251619.60667270853,118,3,2589.4868646552177
50797.96448437502,40,770.2634591897405,199543.72558250147,193,1,3010.8271647113215
73953.71088273697,29,737.4528757433466,157803.23940109945,14,4,1560.2828500997884
45538.52066926662,46,579.2001752241094,259233.3544403262,258,2,1413.7142931788835
45690.010286398814,44,703.5372333665135,170213.0665219819,309,0,2083.986119191713
48600.90434415988,19,563.2406749767935,215280.88957858464,42,1,2699.188940764837
81304.62211922693,51,757.1612854391745,160902.70044809426,291,1,2511.382769615365
51933.93181350494,18,686.4724693718694,225114.5620346477,143,1,1526.7747637809284
59083.37870530179,60,680.6841939001486,173529.83106836944,224,2,1586.315293108953
74324.20489030457,53,423.0512589942298,252518.57331101206,334,0,1353.5117510923974
42000.929986209354,67,671.6598341542339,205570.63927280926,224,0,856.9058103327784
49209.126018742456,59,594.0490286427098,243070.60616169393,194,0,2227.29460688248
56176.73806099258,30,696.2981120510241,108794.20872642555,126,1,181.95732404558453
37425.18840148698,43,579.5711119106865,259617.81172250595,295,0,598.4624013548034
39631.20119198588,61,527.3894050139861,154816.23668156506,158,1,1571.6744483605924
50160.23289266644,50,506.91343926951197,212917.3270079641,322,3,2000.468297121726
46337.27648057941,51,498.23014287334354,90439.21687700311,144,3,2775.394086915214
27616.03207928712,26,708.6324566258766,302040.4291884119,241,0,3363.335697072448
70551.93565218417,37,581.4502781519029,196433.365853469,125,3,3264.116554997803
45763.459207589694,62,719.4433461910066,181369.59601198905,240,3,740.679606295216
54287.484200972125,36,777.730691593842,158990.62210156774,73,0,2808.14102186604
60604.97436218188,28,579.918015579922,222634.69491878198,185,3,2958.943497118596
40103.43328899454,40,619.2544853721241,204549.86211425753,156,3,2172.414642450401
33464.604317828416,49,548.4270408766937,184853.783952817,30,2,2920.838517500498
44078.33431852671,29,721.3413982845286,290051.46187150734,125,0,1776.4541319661093
68022.85495733065,59,625.3651471234468,226579.62112754397,325,4,1835.8785423933377
72776.41134390811,24,488.7815027333594,202683.92145988255,143,0,1828.6183484695482
57106.15500649853,37,550.1671878157531,180251.9717669015,229,4,1905.9295374178994
52871.706215564176,30,489.3479464901827,241474.2175904936,277,3,1347.5834668066323
43383.231319265135,29,556.3188452967986,191745.66133285034,311,3,3736.804568496432
56304.35573091409,27,583.9135600930466,251068.78795887204,314,3,1480.6278951682411
27229.1781717295,67,719.6978310590627,184475.64375585478,158,3,860.35060353528
29781.137651618803,39,676.8308985105226,179665.15556418418,135,1,2472.9668566825007
45426.32991586393,28,696.0742498504959,199021.50486834635,304,2,1591.0734810088097
49657.63614363284,45,813.8379118849817,204706.92917672533,75,2,2270.979085500075
50422.75513569157,47,565.5545087196166,263918.94072151923,208,1,2110.578528804477
49308.788690795685,27,629.8663278104756,260582.70882732584,333,2,2385.7012379283306
37773.21472259048,63,548.7419150138358,203994.83027818578,173,3,2570.5704095688934
31864.581734275376,20,692.9161144243013,172674.83624198657,238,4,2471.5511363988808
53669.46148018571,19,634.9777172048838,205976.37986870512,338,0,1111.5961022022261
28236.585792389695,58,507.1889589623354,260668.77336857683,31,3,2173.3128025350384
38933.03076251699,37,656.9562005594265,71120.8204084443,26,3,2459.4719687167108
64948.871556655504,44,639.5002316695441,196409.7544236918,276,3,830.5133012635984
47088.10429380091,23,633.0959544648214,217904.84639348922,351,4,1434.853054420585
59746.78446557907,59,828.1284941332033,183669.32553725553,193,1,860.571407059515
41069.70983186114,55,642.981980123509,242869.9233275578,310,3,1661.290018741454
29285.57727180469,69,551.5625916452277,245439.8693544219,182,4,2465.6769443367157
53727.534637436074,68,709.0538626433422,209624.2355454399,132,2,2093.0236541281365
63833.64708591008,64,575.3708687741182,203017.51744136558,76,3,2093.116513271393
70700.17294366761,31,733.3611585785393,154972.01145451562,187,3,1977.624566275929
54314.32817631586,19,783.2847832441527,186699.7078923999,293,0,2401.44697839699
48502.50114003571,66,597.4419254213982,212780.86112937864,134,1,1997.9530678902054
73997.19850395015,41,710.7349172384274,188058.4131877,126,1,1258.6255700035804
72061.71634011014,58,797.7914418072571,117709.04901271847,165,1,1965.7714160125058
41303.68094412324,31,671.3731139836726,271219.2362468165,152,2,1777.4518515293967
72443.26812798092,66,807.7262811816613,188302.69101065912,310,3,951.0130858382108
49829.20044992825,35,830.9654236163483,225534.13120825432,224,4,2786.992293457808
43525.19240049561,57,461.4906309925012,139046.64408925502,181,4,893.529726122985
57223.202696047105,56,782.9145898855201,186575.79047060807,261,1,3304.3341843557882
37664.14236323639,26,712.2005208851723,183843.01594659238,356,2,1046.2325412785403
36056.16252723282,66,523.0927573707215,168932.26361012948,126,3,2553.312078210942
64246.576816184956,47,788.2099342109492,154617.7484476006,51,1,1756.3489380300653
78385.15045190381,25,930.5733211347198,288691.8625289579,347,4,2205.324708694748
41174.673718671154,64,553.5572198029706,134177.32101218257,119,0,1714.600752330064
58428.894677199525,30,570.1394438257541,256505.89969994972,26,2,1161.4391362797792
69452.12438674705,24,571.9010931618112,225235.9621412929,258,3,901.756509569866
45192.90522969231,26,691.1728711869349,186239.9934598807,270,3,1430.4051028369158
45315.83191958572,38,568.4219266571479,97871.14685471628,106,4,2225.145320826638
50774.24799717032,36,644.9623988903326,223940.26661177637,355,0,3065.0109282272188
72353.07706376366,20,634.3861308431764,241724.69835354254,158,1,2616.5378991171847
38559.852661922836,24,556.6631775564955,260669.3133725875,234,3,2709.9112160983864
59734.805488116865,40,613.8486801676327,155137.42307259014,57,1,3249.742406688535
47487.24778939479,45,589.7633641504485,182348.7953289073,162,2,1253.5856904849838
41559.649028828,67,600.3981814991606,166805.59358720778,105,3,1937.8671766973644
33069.80881988905,23,586.0810132738168,244865.70060135896,137,0,2593.0368320485786
86256.24594679035,48,735.2315734175606,137701.15251223883,196,0,2252.2896718598163
51351.985619329935,44,676.8435237784655,259013.6510971751,335,3,2699.924654440594
56284.1945719348,61,751.077678973769,159089.17236961744,131,1,2508.2583247336856
43285.60002352682,29,712.7590268090647,169716.7046741849,312,0,3505.075363133937
71541.3192013595,18,554.4136587630873,131896.49564939714,62,2,1058.7977528411207
52149.33810467053,63,662.1262211294179,113583.71765105332,245,0,2983.871615153456
68482.04159628125,57,739.391795191381,140786.80309415376,251,2,2614.163852070603
52470.761126723984,31,617.9507981551013,265155.40134710603,37,0,1798.5639424257888
54718.018994375685,31,566.6183057533469,225220.16972557985,312,0,1597.8656756038486
31978.71971244402,44,554.7644003724123,188517.81213159056,231,0,2490.50946945749
43449.348568017354,21,544.9022496016096,114506.11865577749,128,1,1602.1534950126606
37827.800991772376,66,590.1042132332055,250061.77059511034,178,3,795.7342903647232
41794.54308191822,58,749.7664288808315,148974.10623345844,343,3,2953.094580615648
85520.23611541263,55,439.2379097141883,238175.92576406448,331,2,1334.8516611082546
53501.67656958808,55,633.3465787692003,207394.95517596664,330,1,1664.0182131035783
48062.6669186403,48,618.931125373616,179445.85585229594,126,4,1464.415288164688
61913.03116419805,23,661.4864526891017,196151.20070285522,201,0,2014.4315896705698
41508.09948503134,59,680.2336746646912,291060.50747962133,158,0,1421.659580974942
30333.402669889954,31,605.6315636519154,205393.48872541217,164,1,1858.4144951588698
48799.97588873465,57,556.6713128184446,270675.48080087756,292,4,2696.5849132784583
60704.095827539175,49,783.018826854988,177749.1690471561,323,3,2931.616987973715
44122.90903728182,48,714.8989076151304,242007.48980058954,63,3,1084.4055076482591
34824.130711528116,50,729.3400876718129,154486.5493079659,193,2,2041.2445752216104
47996.9338173472,57,777.140179769551,162015.97532242915,316,4,2735.223757238158
55955.38756832109,60,771.3080281339207,206561.58930250542,285,2,2030.291842534412
40795.48845778306,44,597.3567926835628,222104.6916426242,207,4,447.4022922057238
56436.30773168435,61,561.5910024206685,173858.36791836075,334,1,2575.2906101606463
48797.610168567204,57,697.960201929929,153874.25532818976,331,3,3157.4575025654353
68935.42373182549,24,637.6723762417008,202451.14972178973,296,1,-173.85459556237174
62312.4721984994,67,476.4843088858934,241171.60848007756,16,1,2413.4735193979604
61496.071233075156,54,681.0671292441698,182600.928283345,278,1,1170.3746520886116
44405.30815243912,32,768.6262504812519,187381.94522607978,269,4,2696.9357774691175
48280.73415525188,60,788.6254371264462,288119.08152731386,298,3,2483.6454710041617
28767.126992703368,42,775.0031793794708,270083.1406043841,142,2,1840.3783635529705
54492.81785412627,57,922.9024600072811,145348.04706599057,129,3,1817.78102427518
61895.08661356346,43,842.0974055709656,152148.02907498952,198,0,1613.0905686008898
42877.30738274045,50,757.2215465252386,168380.3917559876,249,4,2370.066703200412
42304.64574542817,18,719.4863882496956,214762.61657611447,342,0,2011.6514145198362
58794.408194128,38,766.3804132466821,166687.6080599638,44,0,2196.997924633728
23294.403225670736,67,885.8735776496907,235020.43195423356,199,1,2758.5353579961366
31561.83069156334,31,585.7055607406481,221464.2656298843,197,2,2002.393901673436
50329.96843147062,40,468.29562307718527,172237.98574555764,97,0,648.2344922725711
60309.73843169871,51,769.6914626441948,246558.8098118346,210,2,2398.632622774384
29186.63978509,62,583.456095754866,167696.55270151925,309,3,449.8291495208357
70249.0054253773,33,786.0448825828202,217261.73860123078,52,1,1760.0758836345842
25727.11781432555,49,651.386529732241,278540.1139704997,286,4,1589.6341841228218
56811.62089389458,44,508.15489002990284,237645.80000879877,212,3,2645.767805578646
40793.53797095541,53,685.4032985915685,300431.2384570361,327,0,2663.189072736128
50327.04108596753,37,577.9986741350004,216739.94500533826,164,2,2711.2309787859062
44777.98636055766,52,708.4452765567697,111432.61594675508,168,0,2998.7373777917805
45788.10887529549,39,747.1649058363123,175183.37898616758,140,1,2513.956073056416
40000.22771214876,22,698.0364382793006,220434.2505532298,288,4,1250.593192925165
48287.946604702985,20,651.8060418880019,281847.9707023643,295,2,1174.3615404121037
56043.37665372957,39,589.8377989919276,230893.70978254874,16,3,1039.1066754212918
41466.63243296981,43,561.9912269451247,286046.9723712608,138,0,1575.0667052583394
31390.98679324244,35,647.8821939305292,211694.6916013815,297,0,505.93121761635416
38113.01993567575,39,693.3781006943829,218047.59512449405,68,2,1511.4948214112958
45307.60543758413,49,675.7064809444244,179213.61284875075,184,2,3096.180695914164
31051.39900588613,61,733.161660313958,203331.33940018556,56,2,2505.662658583218
-4314.307287159318,30,593.3835437006244,228558.81023326356,152,1,1407.2364055777562
27987.074453449848,20,594.6971498623805,253970.0594068911,173,3,1693.9810047417932
24560.099652369965,54,435.1707679655325,169226.22057225907,74,0,2236.2017094678363
46963.060752920705,61,646.2694165356329,192775.5030094057,221,3,2695.1745758261795
38190.159910952265,19,624.8831125464377,289364.4966178415,237,2,711.5105360321545
58895.63696454161,61,848.300735251097,246355.7494310463,79,0,2383.8027185239634
53339.22230576771,24,720.039463467087,244707.66814082488,169,0,2395.4614349045155
39943.04943011728,49,603.4744615807441,235821.79214713193,312,1,1566.9606268090738
46592.68761595761,59,755.1755538741593,295062.15078616695,19,0,1595.9164240176199
84363.77622762983,45,594.2557218311725,136671.6000128964,217,3,1937.0951454727222
40648.10877026708,29,682.8026425450353,184902.90602344213,55,2,2459.460366062708
28630.065971674496,32,663.6455270275001,224154.282869505,202,3,2209.372528093782
33182.6698479508,43,746.2362481854808,163377.57757710066,341,4,2421.0440907274187
52204.34843492857,38,590.9487950909348,187657.40019488393,207,2,2245.874995225648
53819.34519514568,40,643.8997102790871,208896.71144028948,350,4,1628.188585517786
51437.27604422338,63,506.57635866320425,230827.08425675365,77,2,2775.895251751967
55551.4795086984,56,543.1980617742647,252326.5667538074,292,3,1149.2671125151355
52850.96018589537,31,646.9898010959582,204266.428722779,27,0,2379.8199608910277
30850.343951267587,26,646.9298809627135,184290.10724505564,147,2,2409.06818594798
45975.66632919443,39,782.8791180161528,159302.81883062105,92,2,1346.1344126688132
37067.18515054814,55,791.6199166602892,207056.74693907608,136,2,1692.476937965686
21851.7910827446,44,726.024759942134,191943.2685261069,200,1,3210.203975032572
63022.0640551261,54,709.2432609833251,259677.60437977925,145,4,2181.4323567613437
49410.07659716057,67,694.2935683253934,253101.69739473888,165,3,3281.144932407821
71404.32704939233,26,576.3100628372873,35644.209781767335,238,2,1612.4170347839854
34007.06462612371,25,805.8713134856494,253731.5006963926,109,2,1225.0343617597132
59933.07221187777,42,752.2018152251524,259185.4610146804,108,4,4421.111234790844
54091.69578100929,46,773.9964820457978,207627.0071733466,94,3,2029.8698631776124
37162.97715195842,39,764.3169724452447,149674.72450499906,206,1,3744.7020198301893
38600.56835001227,64,763.5792258031933,218211.8420266778,62,2,2427.914378829001
33778.40704735053,25,906.2357957171206,205954.39425713112,309,4,2799.597110377501
48108.27436258884,27,604.86898800264,217257.15667634207,107,4,1371.393201678822
42826.52925971446,40,497.96605460461126,197601.1682310981,237,0,1003.4394039733817
43986.20852327939,42,698.0869690849062,146181.74373828038,23,3,1561.3016282216224
37071.553338260695,23,784.0923519107932,218198.101860921,218,0,2265.0560000652067
56580.45077729994,52,531.7610508003529,190766.33853460514,359,2,1666.6769281725649
38450.9693261704,30,661.1926471818682,183477.24752061916,153,2,2523.104889297937
48078.71711034115,41,743.1852199703781,220166.4418952039,203,3,1067.0681213362186
45252.7559367301,23,581.253376719192,114835.01573261643,308,2,1665.7135341162873
43020.45450438575,21,538.3010857444723,296944.76057713036,127,1,2457.306980382445
6260.029938946544,35,753.5628190411617,172189.06651524059,209,2,2773.1155132316526
45352.90780149637,44,513.3361279210739,184118.46215302395,151,0,1375.949585748523
44045.0818911102,49,774.8655143866415,190713.63599738004,69,4,2080.8450833184825
17961.19769690487,46,643.2928254878886,222372.87683604326,279,2,2519.4065331064467
55378.39966858824,49,654.9332353262688,208237.644604909,196,3,2123.6342554539374
63647.65989022303,39,686.3047098931752,219651.52713199478,303,3,2699.2196636762287
64469.6523340139,60,607.8816671005306,164958.4833370703,217,0,512.0315163864893
30872.511580482547,37,808.0564758380175,72452.54687668716,276,4,1680.0431616666274
34078.26247544057,58,569.7484970955337,194378.76301171252,183,3,2071.208639429104
37903.12081635278,65,544.0339949218542,221886.30391907523,19,2,2023.8692554888473
19968.598498870633,49,561.555537282858,205446.75736609014,111,4,912.9663338218243
72649.46788193313,20,694.9478361922318,186485.69744000904,148,3,1115.0645448411858
48182.37081175224,51,680.4901301783311,112485.93616875896,107,2,177.41463159035288
35160.0483107737,28,671.646153358037,169478.26711453227,188,4,286.5889279362989
58825.84361701231,59,573.1726054786143,164577.33329891972,91,3,865.9124123060262
49863.61630884486,36,782.6674382358559,236268.52954225361,318,1,1804.959486128131
68985.95886217205,43,670.9105838795774,167390.09619254712,162,2,2236.7285590169618
50894.10801825525,41,666.8460260108805,173061.91580654905,285,4,4004.6268450380658
54541.84824568665,31,629.3642549279194,231512.48734401003,218,0,1212.2403786242974
49090.46830275885,20,643.1311440203891,197260.62975813934,291,2,2508.2844445063492
42877.95200590373,59,650.5038391492208,207810.19966203565,329,2,1585.985933702897
72380.04638282483,60,705.3006740128424,273303.0548111323,283,1,1406.9173217777443
56728.650352355915,56,652.5994052224777,155422.31031971352,192,0,-25.565028459832547
59181.28235574068,23,692.6174427116971,77816.89291291451,142,4,1085.46964010089
39665.60562984414,51,672.4826542307546,208094.58434182938,51,0,2811.2088706160994
34362.3419928991,60,632.5482132283292,208744.09188448032,59,0,1720.0517692976732
4219.6797067726075,25,669.2790503827285,125105.87580848024,335,4,1618.1778415392728
66702.90310768066,60,803.4124464152867,161281.37526120845,100,1,2514.761931314074
53095.48053064044,19,601.785405318106,170540.8084757927,27,1,2413.5959026971054
46416.62112315038,34,593.1698904398696,123754.57372186938,152,0,2197.5326619326406
74829.2986814348,65,588.031081325676,255153.2008831562,295,2,2148.4973362231076
54345.04696323612,55,777.1607089314753,199588.71430310365,91,4,3710.2731478653955
46774.59090927419,26,657.1859257940816,203155.71687738283,190,2,1030.8054644321521
29283.699471716816,43,750.8833372870025,177306.20106821758,208,4,992.739174182534
59021.180389224326,37,855.2567403079946,240047.90047528772,101,0,2246.138424753589
52883.39077058779,22,720.2147379295604,277795.3122562679,47,0,2932.4933607526455
52967.826096737226,50,620.4521138490693,196250.66543710252,199,3,1332.6241234299346
44801.622133671466,46,592.2138436476525,270945.9062515481,68,3,1096.7508338712573
37843.2893256526,21,814.2406499336594,145427.97848451132,198,2,3681.057034551208
38130.89709513959,62,729.6562626730764,85039.10951578614,200,2,2949.491374125694
64663.075059354334,28,742.3126517711717,144586.89977631907,221,1,3302.040680716843
33151.20633132386,28,764.3920247511842,155833.74311972925,155,3,3218.297775997032
44452.99542181396,26,736.2930131551045,228535.5157556306,336,2,2469.004411897547
38214.74296579993,31,573.3500328077948,208873.5779903813,327,3,2079.5690629531614
80897.17940394701,30,633.7447733791131,176503.26683487624,76,1,1655.8202777921665
52255.34470839658,48,569.1096495575698,220689.97054099655,331,0,2789.0839226006187
59473.84044193692,51,666.8885948443371,240587.17903562594,274,1,2068.6384645858675
36477.24818528942,67,666.4401412421666,173420.217802663,114,4,3025.5318791735967
35993.8929598379,48,758.6188295672757,181622.2401114485,355,1,609.6378924984895
20504.516545522092,48,546.0005411900956,208933.97174164475,236,2,1869.6426096100724
70936.46971616863,37,666.9181248438977,296905.0516903286,197,3,1944.4766743959253
56640.49099878077,24,659.9955649767443,247210.06792351732,99,1,1131.118276676393
80265.32454814922,41,692.0607817551432,164014.6488977077,178,1,3476.205661002744
38567.22279829674,18,484.409422195294,215098.76792816422,299,2,819.4543192276906
32931.251607383834,42,735.0860598653494,277288.2115977198,217,4,2325.904596018487
61937.79360963823,30,650.4532814792161,205748.45550169467,304,1,1313.9113602610814
34896.177567994164,61,489.05331558283524,190539.86817515045,170,0,3055.895463064746
57106.715440026994,37,708.041995100199,277547.42885780334,45,1,2111.2094976103376
72720.21786843704,41,584.2566949645045,176271.6335313106,122,3,2579.8822417288025
58725.55505155672,57,619.4917266918932,195567.9691407723,180,0,1863.7598757331077
26477.905454358475,60,603.383705954454,267096.04813544225,263,0,1962.3667378017747
50206.81527421982,24,670.5461690107892,239346.69074281058,178,3,886.9176287044158
38193.34920354522,47,607.4162967018034,120685.33595627385,280,1,1626.1366363872678
63611.165076104335,56,691.2205154816596,139702.45783491991,324,4,3603.745497769789
46144.38463713982,64,675.5635347369811,199843.58033876377,126,0,2034.09134668498
34539.98394524486,25,730.3977951804827,220409.8362610782,256,4,2281.7541633907954
71277.48486253584,24,559.9339430275767,180459.23086244904,344,2,911.773045428989
38073.093355562756,26,467.52904034667915,301972.3845602111,157,3,1699.787907828508
54507.850707116726,59,550.1847790035782,186128.004572258,75,2,1307.1749964928063
71491.12793433022,67,552.837179717114,191104.56941196392,175,3,1876.9635588682327
38409.89951582767,58,778.6837603360533,133281.34433275598,235,0,2766.9745290766405
54085.673848842736,44,659.0400837705886,225880.04968981154,30,3,1705.427537369374
28090.335601315302,27,826.9268820847673,205255.2094126669,283,2,1977.194345163015
61768.9269714341,45,532.2005403453973,173225.4843162691,349,0,1907.2152073105365
52147.42321938718,49,653.0850400583206,156714.47013919323,359,4,1688.5824928831985
77746.76936200158,53,955.3059935739668,248305.169151993,187,3,2514.5832428395297
54063.825056632355,31,725.4679868749575,195278.45394732116,29,1,1165.1855207990016
53960.00809651564,50,449.7448611803338,167486.9484927686,332,4,1885.1930034725992
43023.23151372255,25,808.5198264347965,98475.0286976893,195,4,2375.988641310479
38037.55115490254,19,867.3120031603452,224830.74780936958,358,3,2109.2232717056127
53702.57320689982,28,606.5770018977995,180527.70069260578,346,2,1783.433984296016
34093.014167769565,55,402.46016943814936,173911.06189621182,341,1,-5.308926210482241
73223.98382375896,37,686.4606421572754,263799.1294496462,131,2,1063.1945165328589
58757.73115204297,22,869.6293910205134,257732.37413086652,33,4,1600.2170668154006
66391.65673874991,26,813.1195535026874,201710.3009036135,337,0,3874.399900333502
51574.40865767669,67,709.4224876244305,204923.57335322144,187,2,934.7320643390442
60341.73459011289,50,607.6745278651766,171796.762707996,181,4,2113.6218387371646
48663.83535772505,45,712.613486999118,207303.87453487897,308,0,923.2173480855477
31491.002681577127,26,671.3490868601394,222034.00308006778,308,1,2441.8813380448396
62617.455728962974,22,704.4176786716064,218151.80838857262,189,0,1014.5787747693141
41567.04898272922,30,700.0131566942769,216667.1771211717,345,0,308.0120609011665
35549.60877195603,20,540.7125637260672,247266.74331970816,270,1,2144.82170853414
60420.5481881091,48,764.105294903334,216289.6763132777,176,2,2444.4679260858775
40925.364026120646,36,542.5869134013083,145235.10355155313,296,2,2058.7920054381043
28892.097930862372,69,779.603661414047,258142.80046204937,302,0,3104.5789789556197
58504.56735798799,43,651.7306488464421,279028.683999181,267,0,2662.0017764526747
50259.35704240051,22,654.8345544509853,188191.49636287725,261,0,2424.6203103455723
60160.907852076634,56,658.5635395046622,245472.5745340879,141,0,2451.5328014980487
44039.44521676286,31,424.4226588827447,172134.94473510626,158,3,1960.814096594559
53153.555422806094,49,859.2216976653283,207423.798273466,259,0,2190.3157644021207
45237.16564675543,45,681.1006184263533,190943.315242058,102,0,1418.187890802235
62733.74034609262,20,536.6489785197658,109510.88636516016,277,2,1928.3173904202524
37256.206640774435,55,466.6126015282674,207588.3585809031,282,2,615.905404785156
46589.71143433386,63,700.2880914950285,206386.18300507453,207,2,1220.167085117872
59395.629305689596,69,789.0064008709087,108016.0610449101,194,1,2900.7560012155445
63335.86820284115,58,623.0804141810014,263576.13917977014,22,3,138.31805409592766
55392.85651774806,26,776.1758974118349,177852.4658491393,336,4,1445.2380799340267
46882.18636926195,31,603.8296738206355,208431.84043016421,239,2,2178.814119619472
62961.89811718261,28,646.782206491246,162974.25892148342,251,4,2521.487936132612
52788.17876334979,35,697.929722965956,234521.49731202918,16,3,2553.2077317469534
31990.362232476647,54,533.6686437898617,194929.17576825406,135,1,2620.6154790858986
61748.82170671216,36,624.0035639033239,246410.2949994512,128,0,1214.9093429335478
46887.9632297933,41,728.4063793330765,241689.6701812973,304,3,1432.0729801682332
68207.54817557057,64,546.4210990884226,155339.31270637843,331,4,3320.4562841654824
30337.521109946843,55,581.304584196445,185927.56481566693,133,3,2835.249212973752
48234.346810723844,52,580.4705678812903,249521.42791697715,143,2,1256.9466507700024
28341.5219022342,59,602.1030431211063,208874.06000464587,26,4,1750.0330335217411
35300.690615749976,64,610.4983569425351,254857.58603172225,70,4,577.1324241684249
47342.01151117385,50,717.691755668423,241889.32365913197,20,2,2581.0682038161694
57549.02993666443,55,697.7111370318427,141466.64401493547,296,1,2904.0050877111844
48735.07088411339,42,705.6619370252399,225336.3253330807,121,4,1388.353691655394
46891.83544838113,40,734.3231530029044,281308.5868988933,153,0,2828.5895012316014
34561.57446766058,65,581.0993507406059,220243.39126045202,21,2,2574.741668140031
61734.31414271424,53,527.3198124114284,288216.93718025857,280,1,3157.045359295
43520.85040987494,52,700.2020767504454,224023.82021326665,115,0,1621.3722583447998
32026.24036057471,52,756.796662747068,193853.80936880372,86,3,1434.160420772996
37047.58267514562,28,713.7557882787343,174015.3509200962,52,4,2239.3251716016175
62160.53433248389,64,793.9080087605568,203471.21382212217,42,4,2522.5958166432993
61796.549608718204,30,337.1430947010464,162441.06151256763,84,1,1575.2281352004507
25161.965613824104,41,624.8275862631805,233943.46375809645,245,2,2098.026603803965
40904.01962633319,29,743.9112279945123,231280.38734183848,76,4,1269.3542097780464
73791.92235298679,52,519.5376289346096,215210.15937248812,189,0,2302.789837673571
43879.34310754074,42,837.54679299636,128499.52916884403,170,3,1132.4144095862757
57582.48506086615,41,475.6526359396471,204990.5751642882,247,0,1529.7177016204307
24631.97172980623,50,409.9575305355447,258433.7702985993,195,4,3280.736625454682
45708.148667447924,28,747.8449921895021,183504.0790508123,184,0,859.7238416297514
59983.01136505486,69,759.29558496681,152206.1509740544,241,2,1188.5068454361592
43797.46085716323,42,637.1109785078297,279083.96880938136,329,1,1524.5978999950705
55614.69545490466,35,493.42006079651765,208242.35404969045,62,0,707.3039574652719
58419.060178857835,19,806.4212718425648,208894.45134789753,118,4,997.6245005115424
64046.849237156,50,722.1313223544196,182188.54790571932,55,4,3009.233794340138
80712.4168015165,35,600.6544775166205,253971.60162909995,175,4,2675.1541897432076
42508.18149796876,23,832.2663338320331,106726.13677431025,282,1,1682.3089514979695
38938.45473588656,62,582.43185583113,184084.71209623193,86,0,1141.0141373745419
69996.15068506205,21,720.0369721911902,93158.79850440807,150,3,2466.1620390384624
55901.118450468115,27,495.4773900117391,152395.03292277723,143,2,2525.749670213778
71019.51445907078,26,644.720210607117,185762.22941074532,19,1,1834.091483966476
38022.01503916389,60,675.9873234155763,287263.86191401083,44,0,1965.2563880840191
18431.704870927984,39,679.3895026120941,205801.49337830953,168,3,1000.304254207356
65463.221529478986,24,747.2078823756345,154160.44043223048,176,2,1799.2350859666674
36828.8588821795,26,501.3139357451638,133054.47812476452,118,0,1120.7425144108238
51178.533050062026,69,617.6594779950148,299565.6136145437,270,3,2883.3724541907295
7715.055782412812,68,788.7109779503216,157169.69962497987,87,2,1487.2202853110855
61382.26087776256,28,576.1932435021185,206248.12541214045,138,2,1804.5931260015677
59595.9478677014,43,672.1688882675537,230188.51832827364,279,4,3453.0988051214063
36631.127945129316,60,642.6960651172286,249039.15016864522,31,4,2097.6267451242247
45710.58764507521,25,511.3420538408599,183964.7563696402,185,0,1919.632280217873
43191.577523418026,23,712.0853882403271,282623.4899229188,300,0,3025.644160853568
88563.54199787354,35,549.0850370828233,223622.51064523935,274,1,1890.1845585634119
54691.50849566101,40,668.9981598220722,300291.6204774969,212,3,2161.887589238593
38184.40360156531,22,534.5174075444173,194082.7915663652,119,2,1855.9235714816643
24160.601845680652,59,665.2572484982699,211665.31130049526,109,4,228.35627368916744
77846.6409678029,22,733.6777749939727,262874.43420508015,231,3,2379.4121738695826
76500.36214431224,58,734.6184488351075,284503.86345215584,294,1,1226.0430436347938
48452.34795314366,46,595.8322118833615,234989.2535302225,272,1,1383.1941910455857
36049.22204702403,31,800.463635406629,188762.3309990119,306,2,1869.9883111866804
37425.121146957004,48,538.0391378833506,180475.45277174897,276,0,2085.190927583974
62744.23713893293,54,594.8188957342746,154519.71182025468,221,4,1519.2753927132394
69990.13617832125,24,750.7377921430333,296803.48864398635,28,2,3214.438284480065
71023.28741407943,63,769.8672420090651,187486.39859690794,122,3,2426.6744995151803
72221.700294633,18,639.6219804031435,209535.95863962563,340,1,2100.006984011122
36191.24302844561,20,821.3611209213979,298186.9323026688,27,2,2051.081599059938
50558.40965408014,41,611.3455123934973,254692.3375108989,186,0,1536.3323335145626
50542.652138937425,34,601.7764546239595,124128.56670616614,54,1,1881.959218762659
29744.043725643765,61,818.8501856652554,265323.26769680675,45,0,2063.2441275135425
77816.07378278719,29,571.0745342938687,225768.10023546097,139,2,2959.5114361301535
70621.7911273368,49,574.7443618466202,273465.93316139665,168,4,2771.222490663684
51026.092087578836,65,663.4859803178044,204535.3004081519,20,4,1946.1298297230628
45036.14036386409,41,563.1024978233634,198586.05696027618,170,1,1133.7719244752857
42932.987149859924,58,726.2425171759899,183515.4823775155,201,0,1082.4942987346435
59972.65602525958,18,636.045982811716,241323.09034917713,50,1,2428.2286585888446
73243.60031769589,38,654.4627857330131,194805.23627564486,162,3,1678.6038532194077
60876.34282689099,55,582.2656501180047,140875.4900287328,110,4,586.2202694727246
42879.816251650314,31,631.7641583439016,209894.18267145267,202,4,2406.6061631828516
61162.19066623289,43,628.9309962775785,181035.33293358822,317,1,2565.076454533447
53638.707394743346,21,520.2540431740666,237420.61885013556,159,0,2818.956398221382
58569.67648383961,28,533.0310519023624,242934.28538210745,12,4,1761.8270829765763
55703.13185653253,45,609.3742260142737,232937.9133391073,25,2,2470.771423028767
67168.27985362892,67,751.9072515249028,254994.15168566746,139,0,465.8595763123649
53307.62095149408,43,700.1417658931042,238940.4384295636,124,3,2856.574726489724
71822.40471974667,57,568.2304434264954,229999.0171413613,181,0,2181.0590715689573
46103.67030033187,22,526.980151795227,208651.9615984801,99,2,2273.4442711613315
39139.399257718025,22,686.6341390374757,181118.82864684387,107,3,1105.9264338896876
42877.76604031953,53,574.226806532786,185665.11184412683,133,3,1381.9087473929762
59889.98472492322,23,677.7462839722725,199351.0108563374,139,3,3016.9295419129235
64810.32402952727,59,673.1122915969265,121066.90318428102,71,3,1899.0758423921477
66181.34189627599,50,695.7421328396175,211203.62137743158,111,2,2795.8562997296963
43055.589958799326,46,653.4486029303592,125785.93811707536,274,4,3356.5437533539734
68529.37454178953,18,745.0987721922261,114445.6506501401,161,3,2244.9957778659027
52583.98185505721,33,674.5971839700417,202238.51045812515,271,3,1730.9690863854128
65648.51224729154,39,564.461016063567,226871.81131807982,68,1,1782.8015152017565
42424.621711227555,52,511.07399042150564,221215.26038532826,288,4,2420.7969048271952
79188.03199506665,59,496.30340636249707,181034.16426101982,174,3,515.3168952312565
52632.99525608126,36,536.7795617486323,308608.6939882607,155,2,1814.6634845931583
43995.42548054067,33,686.9490512183716,158379.39128250745,139,0,2925.55983828355
41355.68061275501,29,653.6182339234192,186287.22883419512,340,3,1532.5869492494696
71161.67265942233,49,658.7507211221775,268221.6687991273,77,1,1737.6461108067338
18620.618379429434,48,668.1603367165611,160014.7262322011,198,0,1907.5028886459254
53538.018057910136,53,485.9798623039989,187899.59605956142,47,2,3590.3543159863016
49275.07246188141,67,709.1998094240649,290275.76248450973,252,2,2344.15922901521
39604.29263645349,62,657.8365014323499,192724.23201308856,223,2,1869.5963657660386
57114.62804312772,56,646.9076260918432,167563.36891211243,103,3,3044.08209777716
43567.082061626286,24,594.435816632022,248012.66498132353,273,1,3194.4413696975103
51922.86146574962,69,448.90550553063633,117798.81593723304,300,1,1282.2555815956582
44132.49037527215,36,652.2431220334204,137940.88734087461,297,4,3033.398786120076
60149.443985918704,34,759.2290595944244,218055.4230856951,240,3,2496.5793030523178
36377.04266683092,68,777.8619174211292,195010.67049032985,114,2,2288.7272265032507
51644.969402691444,63,716.4854283037607,201904.67870079516,226,2,2499.4085201708535
32519.563468633194,53,748.6156210930633,163588.88607353944,264,0,2063.535880190062
77659.31390951524,36,690.9034710014286,286774.514874487,270,2,1992.893720422768
34235.56577194995,30,850.5290037360978,262565.3426598442,153,4,1209.7380563958684
52521.1433745308,45,991.7386673227065,177102.4892016596,182,3,2379.7800868050867
42142.61562403019,20,730.8890128730786,159501.25433933132,353,1,2095.5492389806413
78993.85565748847,23,690.5126830669433,187260.03445192528,100,1,3687.5136485678495
53550.6070868646,28,693.6335903963997,217666.0131462204,137,2,1291.7278303912208
30194.39968353002,47,664.3754199870607,241409.2384442395,293,3,1839.1592208100221
61808.21879633273,56,639.7869710316743,218267.4392255472,256,2,3179.2402503796347
73985.55991811986,24,714.1576830561964,213011.39612613164,112,3,-381.5517003715863
61424.59620044817,33,622.9768984189909,169097.40794661694,84,2,2032.9501300383147
56444.055031271644,56,888.1301832863882,130067.51974421223,74,1,1516.34439146613
20375.7417259552,19,706.2701108983508,244345.9724334834,205,4,759.0615163919115
62539.96751037089,26,633.0119638550104,237152.68758944428,197,0,2808.8508224051784
49142.2204491928,32,626.8152896074901,194427.99173505514,61,0,1322.0242499065007
52645.744424623656,53,811.2704281965159,199998.9318819596,122,4,2416.678471422728
48579.43804917397,44,864.9188122621462,118157.9750905752,348,1,2382.538629965871
40414.4015214001,22,722.7937315906647,220012.3189377288,198,4,2291.1720607232123
71488.08090394431,61,550.5254423521263,202001.5396622948,160,1,3308.230782371826
33334.21443818162,55,811.7084678067481,141521.41452335913,266,3,1837.9517760060617
66619.43136212617,51,535.495584193892,247144.31341030227,163,4,1581.0132163346304
57725.862015865634,35,586.8160798175844,209266.57615877385,199,0,2422.769564316784
60717.494064001585,57,688.9988929528174,207857.87309380725,327,2,861.0102139937449
48748.33694112081,55,553.886916852532,204455.23471127613,110,3,3011.795629627339
66270.05815703714,26,610.763050170608,201375.92167720597,258,4,3473.703045241896
50316.68653650859,24,456.2692362711963,206235.59534991492,22,3,1819.947551547341
59636.16923524147,19,585.750116914261,315698.8471958147,203,2,1955.1248795140912
49379.25284547808,41,748.5743862995948,124692.4889834449,218,2,2541.154304127924
49253.60484164007,69,791.5781596260865,233507.5587104458,98,3,1642.5769430618766
58792.46283279715,29,582.1156430872221,230574.22731544904,338,3,2047.7916433277637
10326.294516967122,47,596.3209090545611,104540.67785857525,220,4,1579.3005476583496
37499.766709952055,63,586.0953713400594,181151.27049607987,171,0,1512.2766315059775
51897.990959580515,47,589.698676965997,220218.80533022276,311,1,2413.5504932129707
43276.58606160327,22,578.2913080221946,207012.6118978675,74,2,2023.2185081909524
63303.90374551578,39,641.6434420814809,155584.81368413134,295,1,2021.6481194871378
46229.246242440786,36,738.2503503754607,206266.74274938996,84,3,418.21263767438245
64033.78066598093,55,608.8241129022572,195672.33572759008,24,4,2504.057732505307
76690.16912931348,49,698.536723056557,292493.5074156083,314,1,928.3428909361935
52596.480609541366,69,732.2219312376968,239112.6613018854,251,3,2237.598864824234
51899.83563156811,69,625.7752621890288,315371.3519847788,25,3,1117.9859054509488
59544.51748805881,52,943.8477139937537,217916.8724660301,299,0,338.42395995666016
60320.76447604012,26,617.369559601326,112415.08128273382,329,1,2639.233624064939
48400.21965781733,68,735.6504249149643,131271.6614286208,110,1,967.9823219887794
52918.0902620551,39,651.8631059858545,170745.50757374545,172,2,1342.7925689334193
42168.345281182446,41,681.2795190407808,260837.964382247,13,3,3463.680800012099
41793.196460865576,59,599.1770137188508,203476.26206364323,143,0,1351.6364759512967
70571.61363647375,68,705.2366435123565,246014.70345624088,274,3,2936.630376632879
75365.44489035828,33,730.6964959943255,183843.70126825312,235,3,3886.187344726917
51658.63645263276,36,510.5685169791832,80119.79885413274,210,4,1988.1273141824342
44748.47801051701,69,696.4842579014613,264926.3417224124,206,4,1333.108910777863
55434.88809286297,64,696.3675688480622,153332.6716061457,125,0,2029.8584815583217
58397.78925274222,52,483.6483072502572,97471.48909865599,208,0,1568.9814680618633
15588.455752546732,28,631.8851161377265,187522.15748833428,289,0,1034.4078442521622
62827.62646629933,18,511.23564473973056,228535.59996624984,315,3,2735.251108584659
40486.88181493544,20,751.3918336884635,212197.05946137814,280,1,4107.888622815473
80448.5339349189,19,738.9589479483192,196900.41175183895,201,2,2025.3135951562851
21789.020709645712,60,710.8138985701527,203246.0326336898,219,2,907.1217795866844
49754.48277088747,34,585.2716700813909,197161.055370278,333,1,1497.8830263712705
60932.84331988,66,650.079345157968,173203.3975802745,39,1,2285.706479718525
48502.111601922275,59,987.8808234088381,156731.50309243024,315,4,2118.062681759425
37030.85949396229,56,576.9921206554409,108381.00204378506,321,4,2689.6797372705096
8778.947499535418,47,729.1256865294654,102118.27816861824,226,4,2824.0512776170835
55592.061903328766,37,584.0738628472341,113528.4316184914,148,2,1220.2447272303666
56519.068668100736,31,797.150729072069,276015.72177232336,280,1,3258.060298041968
35931.32528730892,63,621.1238758235119,241667.23367558484,262,1,1904.2552654450274
39738.48834299683,56,641.2795904930074,216542.7737944535,350,2,481.30709053545866
34646.749000604264,66,632.1414303369482,221913.07278079947,217,1,3049.010034625151
37956.382155898245,62,705.3546586727484,198370.41049222468,226,1,1402.9925632192012
39704.98066160368,18,723.9056480070965,192881.98108187568,40,1,2093.072997787145
53963.165638894534,40,613.956244968826,193366.99759201394,172,1,421.3396616788684
34749.39370882643,54,475.5756924682754,188906.11777492837,81,3,3090.335107856092
61644.85558541841,40,474.87717967708176,187848.67378849883,237,1,-330.7562526209722
72180.86520369878,46,674.0174334100772,235130.40882054868,92,4,2710.238332417998
47495.56154513278,63,830.8135374900118,109067.21663132218,333,0,1686.2203288414833
17725.788865365248,46,854.9564042420194,103252.64271681447,182,0,1270.2924570413215
57935.82191941962,38,810.4404319007247,214751.49995097335,80,1,1756.8337259035334
60747.136332073795,60,776.4617657795576,168346.48071044672,37,4,1050.6687780608381
37170.913783766235,52,675.4361780346173,239212.6357723244,281,3,1912.6384031436962
64836.0108765826,65,937.6113765315773,258646.46060251057,239,0,1312.7636878865683
41834.447919545884,34,441.4323257621403,239486.69947375715,242,4,1733.3959212524921
38583.35656216494,31,686.4404449166536,166636.0387480295,206,3,1861.7987648801486
19696.843893795398,22,732.9450919259172,182677.00857724797,250,3,1260.5178734726114
47555.878427323936,24,652.182496552003,130219.93641577047,254,2,855.9757397381495
67242.78804168214,37,647.8044056475518,267904.37779692054,355,1,2183.4305521453025
61687.583153738495,42,659.2039761030654,122400.53706554427,118,1,2423.251055470517
37521.0469967141,50,535.1667960940117,166255.26303444567,122,3,1567.1527463941966
38934.919518228155,57,620.1371512207954,215206.91309971252,172,0,2011.5857973605428
44065.440788363005,45,569.6957993276512,169755.841534077,105,1,1267.1133148738477
40839.513797096864,26,631.7494955571409,247182.64060505328,330,0,990.6739331830476
67208.69126458219,61,610.5368151362396,218798.1189574203,250,1,1782.6182705428457
57484.30593507666,30,588.4676863817683,242892.54656824324,333,0,298.36989987496986
42762.89032933656,64,527.0821710150739,186117.50867407283,166,3,3071.432033524964
59838.219457654275,47,713.1204687859374,143054.22070195735,219,0,3853.517383898912
75874.44702152845,56,525.7863154664042,195335.7806779767,88,3,2191.773952562119
49980.53826807505,19,564.3289528527557,161115.56305722796,123,4,2146.923860637349
54134.94639364703,21,738.0298767609044,171392.89416104532,100,4,1967.3307210280052
41803.52095357236,67,704.2365309776834,164867.77891171165,226,3,1733.189118494245
33198.41451874649,22,736.7793315467484,138687.85697132582,109,4,2856.894728502281
12753.134593168077,68,754.8027068603353,226332.88595406697,256,3,1365.3179664588465
48676.60305107296,63,852.2382914539028,318995.02325506567,71,2,2491.1314229477503
42141.50452905086,60,667.6196346987786,135947.60310628876,156,2,3020.193207409223
28927.880423596635,32,628.7655184513675,320706.9002429799,316,3,2007.1130570598066
15356.16182616791,28,643.8002161374416,267235.5411818784,305,0,1894.9442728317424
26655.418921514243,26,528.4720874585681,193063.08255517128,186,1,1992.947669080733
38274.96974797356,38,907.0567860930987,234508.08736896553,226,2,1709.6289626100884
61569.902871197,57,797.2590352314444,182059.11020706582,175,3,743.4221394276806
55696.584030039456,25,637.7321374282552,273087.6860127723,282,0,1303.1985125534106
46523.661220013826,24,687.4625978497824,220571.2712790201,170,4,1971.8541033112479
44578.413952195115,28,521.0747993139813,163008.93254099798,359,2,1707.4926940319278
23186.083833326244,31,717.3723138067742,300755.5793149011,31,0,655.8694456481408
48377.81952731944,22,762.847191041213,120933.77990229867,341,1,566.7721063726024
58286.94835176914,41,558.9017679610263,227113.1657548996,201,4,1915.395517711967
15997.464816623266,36,414.28712524277023,241898.79786078574,128,1,2429.223307489539
41359.73368693622,51,692.0460652214185,215845.52764383177,276,3,2406.4850969731287
39258.243765345724,34,560.5969838527003,202942.8411304702,339,3,2695.3839513717553
58010.1245285338,28,823.3147356916367,184693.99931791847,190,0,1563.2059304165866
60767.02902472263,20,655.9044050770774,251782.0570198641,49,4,3240.151267216582
32312.1274561433,48,634.1548114537925,131864.67654043384,326,1,1665.8220986951162
37967.05359956833,28,592.0886233798766,279436.8646639656,149,3,1919.949786594011
53521.182087467416,45,772.9967219845994,256655.46877526777,342,1,1490.584754082342
30010.253131880476,31,692.0716617966218,189827.48808460048,358,3,1948.1058343470831
68628.54550534961,33,639.8028061769272,211701.92173264222,70,1,1668.46456362561
54757.97514346482,38,496.86538984946515,245268.04816902158,74,2,3420.122586978163
96286.76731336633,64,596.1425171767269,274195.92574433266,183,3,2720.429350793842
29296.1089788402,44,742.2796023045378,100590.34128982533,169,0,1117.667502283974
49348.08923434528,20,529.9528622553208,247364.69346036421,320,0,1880.9622214408116
53611.56721753945,46,654.2949231255764,202991.1578000563,108,4,1281.517405637132
56147.45243643211,20,589.8827361242448,215141.92766982288,43,4,1286.275387946081
20157.464621085735,18,622.2649263578057,130948.12344678056,309,1,1271.5106111269652
73699.27482734613,34,555.8296888682981,149921.76457792264,335,1,1574.4046746675076
30784.07205909322,67,871.6915668813593,97806.12617958606,271,1,619.6935595214957
33843.34384042746,53,810.0604416247393,185957.43520385874,354,4,1108.0871650971012
45452.15316437426,65,491.0323076716256,177157.43667938764,323,3,2419.3566042659336
60702.00525035763,44,570.5085880832604,239969.77047182442,27,1,1666.2134285856419
45703.53865447097,38,723.271206746112,115715.41942174478,221,0,1345.9918896405816
49386.39921414993,69,653.9205391058305,279832.18101132655,338,3,2537.095069101015
57291.207454840885,63,666.5122008540377,228016.0356015623,119,1,2152.1776548391026
38627.080154633615,25,647.1628464197051,159388.62753331463,279,2,1714.830181771369
50865.419052997786,31,570.8026892351002,287189.6320690224,147,0,1249.5006691444128
61033.19170492442,21,595.5367479563503,268993.9717089928,294,3,3207.6737969503665
26760.00796606902,62,554.3068791264086,212459.64753222937,22,2,3095.4506945554494
35411.71163758592,60,649.6664228676973,294624.4621755659,147,0,968.5165087821529
50770.54423110846,39,659.1330067676556,267525.3981952832,171,4,1502.7513722222159
51207.51243318764,23,516.8075142097382,173061.65580367486,49,0,50.800565723875934
53159.966640928316,42,587.4589678356472,147413.60625465933,165,1,1369.408782627916
47938.56091137373,66,561.464406933676,175127.8161302886,353,3,2105.2605551558527
69968.86341672108,60,702.0345915763057,250739.1918832248,298,0,856.1045578239034
44743.59566574674,47,597.3258964139059,178963.61785460776,208,1,1754.5202307679142
50907.906801642435,53,529.0748510989695,213339.90750169693,240,0,1762.2010359312212
25956.865128223162,37,540.3411273445394,274727.2678141555,297,1,1481.397405426699
64032.04697555681,34,487.64259600437606,212576.49561498014,334,2,1797.163706687141
42491.57399132305,45,640.0671399294872,191617.67635262178,280,0,1299.606953515392
12876.524672117666,61,581.7069758573449,159203.82960261859,47,0,331.0638743522809
48980.10912933488,45,694.245635844129,304232.140747571,354,2,2846.3519798869875
41406.28691403422,53,736.7939272959255,210794.7965944005,277,2,2438.764982811093
75302.79435990141,42,745.7099620243317,236599.14703600414,261,3,1927.8439758741106
38126.94086632332,64,668.6382973277055,224229.7353140347,57,1,1850.5496146668347
53801.87833243929,20,662.6900969913686,124160.00169124285,23,3,2471.668949414536
63331.202598353186,28,551.0312460386388,183886.61207970968,102,0,1153.4979425416009
50107.73976636568,25,665.9460196482266,196858.71001499306,270,0,2430.9668514014847
41490.16874626869,29,545.2114503182216,226664.9540030732,234,4,1534.0667534041681
52554.737239155605,44,642.5194512731698,201598.17627955304,136,4,2086.9537150393226
47093.183689753394,59,680.8084411512768,192744.15571273243,282,3,1272.4501956316678
38663.56879923491,30,598.3771987454153,215578.79340463498,315,2,580.5185578396959
57175.265222123075,62,652.9856865441085,77384.27389560382,51,1,2171.084896465404
44310.44732185021,27,612.6263524530607,171101.18332051326,202,1,1874.0604300186096
26469.6661006255,57,713.4375431240644,210402.23782740295,55,1,2126.290239724778
75192.20838936449,19,581.1971717965928,193264.37619522534,250,3,2284.7820491368057
28574.267987696443,29,602.5327597163724,57325.730316108966,202,2,837.567573158789
58468.38678148487,24,660.2474606660206,150050.33960227354,335,3,2293.185943015333
79332.50384108943,31,730.9077778104943,197462.09571055253,340,1,983.5538012053632
68754.55982189506,59,646.2699028566826,210693.07315906425,274,1,2084.359028834972
42520.53631184171,33,772.7079129698013,208665.16828981746,98,4,1277.8136345829766
67521.24374104943,44,716.7579778764706,169008.38557856542,29,1,2472.9038504039813
73945.9214921796,46,770.6224460833714,269564.02956674976,136,1,3492.576608583363
67241.37558134178,38,652.5537578789002,164781.83099091443,317,0,1525.7956295275244
52086.18997154371,35,712.7339731211048,209884.57337623733,70,2,2303.3750482874707
64628.77224979551,37,691.5607436446735,97806.17906057749,61,1,2116.250073742998
50260.77634767418,34,553.5577658959218,165639.15998508487,308,4,2074.1404649843284
40615.27512175978,22,774.7737168053799,127069.45768610177,343,1,2414.8132760899002
45009.21918082376,56,518.9691795777875,184915.26878131056,311,0,2096.0322644485277
72456.07008565354,24,578.1279036259405,161132.52736514364,283,3,3188.341146176371
54362.30620237984,67,502.190324202664,294870.2253627194,96,4,1685.3526930484845
30577.919272016075,23,780.8246689682462,175348.99235767778,136,2,2979.808820837158
66535.61457519687,38,745.2698336764777,258969.90307191014,166,4,3248.038686204789
49441.86639058722,21,523.2003512486204,147694.81535150428,357,2,2049.6525643257255
64578.06022600815,40,624.6129081596642,224182.5622864388,105,0,3271.1350387229086
68616.49777181618,33,735.6823727954569,340055.95512131334,57,0,1786.302682517299
81100.09830886323,48,712.5364971489696,145250.06357357313,54,0,303.7395076816888
33446.01897152739,67,540.0978562764947,213656.46471039217,43,4,2875.0265083000277
52214.76721898666,19,659.8300584078343,162156.5383615372,279,4,3090.4619504125985
42475.088180171966,33,716.9464900484902,263851.2625537252,130,0,2713.3555047525515
45675.183126594595,30,682.4178545526001,97730.09518327373,47,1,3534.637156467031
81603.59011639963,60,596.1214002954059,234726.55524334253,312,4,1649.8910995811045
44946.5122887874,64,514.8793440073969,221437.9793959196,254,0,2257.360536894431
75834.89099564425,24,599.5182791615814,201927.06077024297,65,2,1060.1838087161518
59985.66875450024,36,719.6127534702846,259023.52508957568,93,3,1346.8256475196163
71231.46936533724,59,671.1127748661752,220934.74137134803,41,0,3282.3302216123484
55040.86847159789,45,618.850743560187,221358.7137896861,257,3,2703.0430710251417
30089.091120914327,63,718.5680980785789,202407.89773397899,346,3,1789.3975347745552
73136.46553405796,68,876.5770899096628,211922.99437037823,217,1,2242.5527710309275
43803.51584585788,26,572.112952903998,255431.29196613064,49,2,1506.86535124335
77510.40598405169,31,559.4552168523096,175153.20285792305,343,1,1475.0689677145995
34214.07514156955,44,803.6246066393247,228740.90299614522,207,1,1146.0426528175724
66594.84342717844,30,561.7389779374593,212970.58024661607,102,2,1275.0879176019544
60682.70936012572,42,599.1295646745506,175343.39542772004,244,2,2767.973058000078
25947.8847626025,19,658.6334568667253,183873.31945680894,138,3,2704.1666132175214
61427.44005156365,26,455.350466980256,253555.67037245788,132,2,2374.535408134193
40940.50469249913,58,652.9413119768433,196929.61699950363,73,1,1342.6292626953393
27567.75073658271,25,765.8911587372073,201022.1007606955,219,3,2151.132452588812
57743.66458948012,49,732.2260326511827,139657.92668289636,19,2,2282.372089048258
32937.67732602262,64,520.3507083106466,165250.12056687515,109,0,1644.6441888794698
51039.079679492104,43,791.6436218643338,219595.59161072577,297,0,2161.3172822536076
76800.68739252171,67,578.6560532329555,144513.22189232154,54,1,2319.503791491281
45241.14417605397,28,605.8151421993808,285721.90315581457,110,0,1849.4856236081705
58906.550582211145,35,514.8882213294602,212731.5774780248,39,3,1804.4171269146907
53382.67375473561,32,732.1903254628123,102449.86122301043,295,2,2175.284698489548
56920.38505579512,51,615.9140706398802,163281.29736704318,88,0,2927.4496655799603
28571.586823947713,39,596.5002674254922,176203.07098093434,315,3,1520.8953062632233
48875.78469608783,36,533.1982510477694,189165.07837066407,210,1,1985.798784184885
44967.232814249735,20,744.7457906022981,200104.68465206143,206,4,1706.9519309260002
53633.68720238752,47,642.971160954758,173529.7271214358,68,4,3016.1109201614386
51753.00497835092,31,709.5319458049582,231168.7107731677,318,2,524.0115410306632
37896.319632004976,52,600.7210019061804,170986.02384051762,247,1,1049.026021924822
53320.902983901506,33,939.8538986919464,205156.3530511333,126,3,1564.567803711409
68642.28803516465,38,764.0561819127262,204579.7675277813,181,0,3483.4578263276712
62265.537118631895,66,751.8845557179895,181618.32812454324,266,3,1834.780150844565
64604.305349101116,53,684.1434946343583,258313.4746841916,316,2,163.24264786764616
48147.09140935006,53,775.9189267014604,238516.53541368144,23,3,2665.5231862920577
46780.724537362614,30,688.7794929315966,209170.5256472639,119,0,1942.1027335897707
58442.355387528274,19,690.2216174168707,140813.81729615055,202,3,2527.6486177188226
24238.116887156542,38,595.9549590622408,240826.0287698877,143,1,1926.3954925890905
56225.92929050264,23,679.1715025049378,125079.77272259224,53,0,2311.0798152435627
78732.45862398861,51,630.4667987819417,167108.45113219606,279,2,969.2455674365347
44134.032200745314,65,765.4710853591474,121903.88276192834,91,4,3137.8724562628067
48556.703883996204,31,815.0265539164474,194873.66226762396,103,2,1875.7108514154256
37178.82251021089,46,653.0036247464033,236861.4850436158,209,4,2811.803258051444
54183.598537242106,21,651.3831771929536,256488.8463528075,208,2,656.6315161474145
78049.41878124906,49,769.2274450368308,208653.01179268956,150,0,1692.0372175546374
51481.520723990216,44,611.0675225613286,199247.8868710761,77,2,3185.512238642535
47182.57054274203,43,648.839150846071,185536.06058657236,138,4,3418.091938522968
53774.849824744764,54,548.1739257511382,328429.87852662685,236,3,3152.79699749013
32653.223247982947,23,556.2392378968507,178044.5720336902,219,3,1492.9198585605354
64235.60368506858,49,633.4748097904389,180988.2860303665,172,4,1476.1705443359106
42425.845646123766,69,725.7514714002182,202060.77894293572,215,3,2155.832925418287
38295.557307460884,45,452.03019106243244,220780.2025582927,270,0,1222.4353802022874
44709.619565699395,25,657.2896229023216,244443.4939857705,260,0,1985.4672988031061
36772.169565927405,20,565.325570348694,230858.55636894424,174,1,2603.9416050713708
29516.525533689874,33,749.293150619345,279921.32307027053,157,1,1959.4808213957665
57989.60204314679,43,814.0534498032965,249068.35162868895,143,1,3100.599238650967
68818.41620595398,21,699.7245810479398,177355.5259013977,112,0,2568.313926417468
81456.29665204015,52,534.9526676704961,270106.24223473895,234,1,2567.9157855067742
59985.3904546701,21,609.8983243377983,170392.9854440682,265,1,2351.92947131748
40341.827930448795,31,827.9500702694382,279600.98358618835,149,3,2304.386232349604
59043.954716738066,25,615.8312501260626,219808.24065412895,282,0,1355.8506090396315
64871.807435720846,33,570.7132829000424,203322.47376301987,126,0,1482.4019070177262
70293.28758565629,23,539.1176981759816,221455.92216462272,279,1,2602.539803276881
46078.905663555444,47,704.1123221046316,249953.40543498128,231,0,1609.6295847849715
57031.98468029979,61,741.130007095413,295699.4107650748,317,4,1120.3522626132774
51238.34372034699,48,547.103832203388,201338.9309647276,322,1,2060.4172632797
33542.71604100551,28,609.3139696809494,123784.50623684123,145,3,2978.7951610064983
37199.43495259675,66,429.95013778547406,151723.36852935771,31,4,2042.323099967326
78745.0633436486,24,581.9810373619391,149871.43059640977,107,0,1821.4712877062898
55022.738396264984,30,506.02583290431284,245369.25130798348,140,4,1509.034260370536
59258.024644386634,69,552.7855581372414,312994.1249606558,205,3,1680.919773982434
29108.063484542665,31,619.6943841904242,177755.1139580318,183,4,1819.8174224919876
14884.79646699762,46,511.0345080999546,263748.9057780111,222,1,2497.6104047000763
50667.55635208616,58,742.2824016956097,220262.9457011323,143,3,1858.1976378389613
64515.686228266015,23,560.4465972117939,310393.8230087572,154,2,2729.8063287022214
71247.4243869613,53,675.9008165507211,204348.3066219308,19,4,1656.9141567646514
85734.94887775897,37,574.6138594318942,258962.1067271882,132,0,1847.3115612558977
68434.7236813282,48,680.5555654094339,229700.13168814534,143,0,2739.4794953822543
46648.46686641615,40,622.2098663563761,206649.52873888134,49,2,2508.3945382493844
42168.71288869466,40,739.029471877774,196791.8737837501,75,2,2977.6944545488313
28749.246473373296,57,718.4496838135686,159039.14627615624,115,1,2044.1251464466743
49000.32881016021,30,658.1423113596904,171748.96285118535,118,4,2222.7514994681874
52523.27249959544,37,793.3059466328613,128044.631768948,357,0,2893.5379142012775
56086.402460151905,21,613.0750033408428,262100.36494341207,152,0,1135.1539562361036
87703.56515851761,23,867.3974899930968,241849.71571527742,119,2,3617.4391024567303
60124.870006685145,36,653.7319049777134,171742.8474806124,68,4,2672.430502402087
17313.554065935503,18,629.0146038409739,231967.04424433628,262,3,906.8432407811065
45917.30022255371,39,470.31581834636444,203528.89733043103,247,1,1784.6219690351377
34916.3805731533,50,559.0470342542116,217816.3698908308,79,3,1471.980285652021
34293.25913869114,34,681.4482290281029,234469.6340811993,74,0,3373.935669339927
63733.76720798056,36,724.1159088241188,214793.85457531363,68,4,2073.315840372123
50957.132149162695,67,645.4387840995729,214639.30451485707,20,0,2567.10795018698
29271.793725164713,62,690.879933501,249338.18966868136,173,3,1165.1956961918097
81630.24051623385,55,574.4956562734063,116925.63947126486,144,0,1837.0914886151863
72343.66823501393,62,761.0776965367055,252725.61596925172,330,3,3240.6132621817196
86241.53474529609,67,476.2915871041316,166843.77212233157,188,2,2059.274088077305
33212.077993164894,42,691.4566593070124,171686.8834236668,181,0,2123.276698421081
46287.15923844157,65,582.8742847864662,122354.61196102781,106,2,757.7277641522003
78729.4412913913,57,586.8287448419308,204369.4905992181,273,3,1425.5498171383065
52903.601904453564,37,702.2827876452559,226466.79651271435,166,3,2532.141485383102
61664.91032559243,34,683.9297931710258,213750.0161093481,91,0,1588.683220012676
43654.11569109677,28,723.7086528605511,216333.39073769219,276,2,868.4544072872218
63830.82579729427,20,705.4650364868436,196215.53496034956,253,0,1155.9496030215678
65183.07071364563,56,662.5021831246996,168556.33398493988,22,1,1709.513797172836
35410.78553090602,23,661.1509360878943,156966.041112567,318,1,1505.9652685860724
60705.84215844095,44,655.1286051836614,208578.49210643364,108,0,3130.9738453667023
71053.19886788518,22,673.3901567416223,261274.54832552403,302,4,3342.926537519402
42390.14239039078,19,736.4230757453092,314293.1884294697,342,0,1833.1063439391553
51208.350798201755,41,591.0987947154715,236398.49413717203,339,1,2140.2529781319026
32227.0838745175,23,554.2252842259669,249700.0667164281,200,3,1660.5347156288335
54919.81637656874,69,579.8990438054591,200980.70323059038,166,2,827.665234555569
39587.18932094991,39,641.377965216636,112630.54805386694,322,4,2039.868556871034
59420.58031873269,31,609.2619999052602,207382.69394593188,255,2,369.0413444224082
24679.764215143146,50,625.0782664167299,279587.1020787013,132,1,1718.5499040613763
58164.675666293464,59,601.729376650911,141201.69565010848,207,3,2534.462902487853
41044.824292013465,46,629.3977863184782,287366.4737310653,112,3,314.6784699533632
57985.40967993355,23,569.96310948873,233494.69478830916,236,4,2024.071523171519
37459.05706056945,54,655.8320857851714,199603.87437142272,332,0,1823.8382360081912
27503.844580761484,23,611.2627274491808,207423.72315191003,29,2,1879.3790966204288
47049.37347015128,53,491.7705386824549,186672.10055516075,338,2,2695.3601686688503
59409.89375194996,50,620.5452299201077,196369.52597001026,93,0,877.4613901448622
54183.37749084343,63,813.9154427739621,193440.63045857393,126,1,1189.8821102067934
51069.83657046348,20,732.483519253593,189901.45639241728,293,1,771.2219319184583
44469.19195529399,41,713.110680548102,68699.08696505122,178,2,4092.0408291524395
42588.38811854446,59,598.882881470886,255292.68130001507,59,4,1617.4117199777563
55591.93420549747,59,699.8516417704889,214316.49912034007,249,2,664.3744065500193
43247.931544556544,18,657.3502295328614,196845.2978971903,164,1,1782.0579256877488
54517.88637352593,24,684.0372979472495,150841.59539517242,32,0,988.3919922889271
59028.07025925735,63,691.7606614970641,237131.65434254627,121,1,2617.0824930177823
56288.37023376856,36,466.07276503382116,207483.41024152527,28,4,79.51271510737888
44171.4402197297,57,541.4630586939969,204572.06669347905,350,3,1599.954059216357
32821.89875467647,34,695.7056135255998,291225.79491688404,178,2,1737.5745174767706
49717.01074034553,51,566.2547554721328,233160.2591233515,72,1,756.867113515857
41812.84294288888,43,726.4361478474509,206380.62001941813,294,2,888.7224492961302
43532.0933645299,62,625.3596293311539,124156.49819418341,25,0,2020.204592886424
37694.59185250332,47,596.7006636849801,175694.80833459328,14,4,2031.7413707577507
49514.45813942699,52,658.7073952202956,138856.8150191393,174,3,1034.0774920685008
24654.80199796142,47,548.3909859812652,149896.86497196578,12,3,3829.5466470056435
40116.60750232953,26,660.7445767300275,136081.27284819097,226,1,2699.1983276494407
32278.071319166746,27,696.8778072846123,173075.39560218152,192,3,1687.2063270984193
44656.194582493474,30,758.0231880934903,163100.93097653537,114,0,1479.0798403591407
36466.18239330187,56,842.7655975373806,150687.25133217158,74,0,3001.154332268404
35253.33469694281,30,826.1630166246074,190961.3440738943,309,1,2680.7976372105713
36128.913178569186,29,551.4531820105765,191812.25521942298,123,4,939.9144583418367
46241.55754856508,32,544.5963041481497,184818.4658779284,65,0,929.1616712514572
58622.058601250064,57,874.5571658558403,211885.56705245958,177,3,1661.223541237691
24632.240948541632,19,526.2837873370726,205577.45364466996,123,3,1710.5867928505572
48702.16014344044,35,732.5798205200941,209193.5741581519,236,4,1815.51256566936
24240.4175434724,29,322.020251260713,177514.84791518847,117,2,3036.4799070561394
65094.38241600648,68,706.5468762383449,157564.35962281405,51,2,2110.4443307638053
78314.41548366574,55,530.9510839963147,208330.5534708599,256,1,3581.049299231143
13503.061110028888,62,704.5690290601482,200233.1335220427,80,1,2217.3552584933104
39855.3352449516,45,653.9098073569916,137866.26497705042,42,4,2880.138901238065
51489.33557791274,25,548.5350411945717,223810.24755050035,279,2,2425.7688825272385
79506.5364772623,26,532.1309425905281,134626.06679850025,298,4,2945.2810140712986
16231.13058758936,51,546.7931043090175,181367.6525733483,41,3,2254.185801919357
78221.95427515692,55,506.21537218015794,165134.41242798613,212,1,2172.654197156598
31915.540833031388,43,717.0774499226142,222591.99700490144,265,0,2050.49566858832
39152.12546260901,54,589.6068017331248,253411.37792085198,322,2,2645.8293821787347
54510.01677223359,25,699.8069807409003,78933.38178385606,196,4,1862.2401157164613
45892.662808947374,56,586.2687436888921,123696.1045538563,200,2,1237.0078188385305
50311.42542367839,64,617.9810342569776,299665.4548844361,49,3,1481.7138271864842
32077.314976782047,22,548.0113120686466,234226.59570996798,294,2,2725.2146586336253
41186.1256635803,44,646.801280519875,247503.05291947426,82,4,1078.170360712442
51361.337056469565,54,664.4512025611481,145786.92550257596,358,4,3628.4359863410905
51249.06056705889,54,563.6025288505351,241436.58380895594,351,2,2358.416924354686
53751.214134800866,68,646.5771355263233,225474.4235706172,49,2,1973.380442009499
68625.75955161772,34,529.9720052290236,141074.26063887682,144,1,1509.1195806070639
40978.58399835266,37,652.9809153553024,172209.72764505382,22,1,2112.9953581320956
65440.44106451588,23,745.7636835366045,181584.515106078,333,4,3140.47398382169
68423.79388522815,44,590.4662422823275,221715.02831817514,238,4,1901.2638192356173
26993.98847061535,41,685.1100547800306,229439.2377367838,325,0,2749.4749770182702
35662.59181744117,39,798.7120299968927,167969.77479079575,112,4,1966.8151303614582
56010.43849353587,44,580.523563406174,193112.6857417012,76,4,1948.3503007243276
60594.80163669504,27,665.9985199571867,117498.51747112769,48,2,1189.4642438012888
52700.77040260592,46,614.8732947976048,134741.00162474412,236,0,1036.5740048372172
37067.341475994064,37,909.7947459034046,209419.95282663434,263,1,2103.9911944351134
59120.31369400908,35,683.6882738734392,168545.32554806987,282,0,1019.9166017836644
25965.53187872694,69,698.0572402477326,118487.67606000051,45,0,1947.180301755664
51405.76601074927,61,467.73434968900557,213778.15034953586,225,0,1318.9436427675062
49933.7669626932,22,709.2170632197204,183725.52126087568,20,2,2531.411325749356
36600.81155142397,62,289.3073340859888,274357.10690866463,17,4,1822.4917628208184
64595.82488919477,67,725.8763479715205,227297.3187117795,185,0,1384.457771307291
35059.201367574264,22,684.041263613728,211998.5939000505,285,0,1765.2366379605887
36570.86469100869,55,731.7734816374812,175739.22891025813,77,1,2995.958891459561
63847.749560197946,47,700.6347677703042,139017.4200663724,134,0,3458.7159193948655
18169.515726889877,22,702.2941499824412,99743.90272325336,78,1,1942.5663335939516
59104.35806950702,20,653.5556216280916,283616.72983781033,167,1,2383.720647936946
72896.06972111473,22,711.5827621397748,154858.2594078222,323,2,2540.786268674412
69106.2591580207,31,604.4574430868346,234322.17967034364,109,4,2127.256329453201
55560.74658588602,65,732.2483130608646,247181.2241457887,236,2,2452.3177027941647
45677.46917866431,20,805.0694820216135,161254.4274981174,202,4,595.0949349669586
48093.77609101572,44,712.857890583129,132360.75587068457,202,3,2713.0627611193454
54691.85144640779,23,724.571812241271,226528.71060013713,280,2,1919.5918650787285
43460.77098953084,35,480.8431314135861,254352.23779251715,274,3,1660.2478691429678
66935.81638693645,28,535.5352862380947,242369.6072049647,144,0,2416.5955614990426
58263.578429898844,59,582.3722000067046,145847.28868666643,318,3,1860.6720708848457
48478.86699499412,28,786.128844470844,190959.2516611235,31,2,2128.8036934730635
41481.73245647126,38,742.5890968014298,303959.234569687,180,3,2496.6000412968992
23189.717929067083,32,522.6446300426469,241907.91800612508,330,1,1308.8911880872834
63522.41446760854,54,552.5798105079775,242182.8009016406,301,1,1508.3099766928337
41104.6703282073,53,636.6257982275262,247754.8088591706,181,4,3048.027267291415
40685.838331496416,42,635.9949424391463,155348.97778738095,326,1,2745.8411933039542
36598.844586167965,53,710.2487854603473,183692.5874412255,235,2,968.5860071403172
49096.789412978775,37,570.6886717627564,168738.9680528126,114,0,2157.939512966977
63322.45197877264,44,846.3132309577254,158041.12120355066,89,3,1018.1709355562191
37799.54378084106,51,678.7983924451648,136417.87120247202,309,1,1221.0695567608136
71133.57524974803,35,643.2665733996574,183537.18411935787,152,4,1511.831844626419
45919.7361767814,67,597.7003830089839,211907.75656663682,42,4,2189.1328743738104
28834.59419420587,35,703.5118791353359,254689.49311446026,77,1,614.72172272273
27447.802671997986,64,538.8547438364425,218639.90625984542,334,2,3337.2232665164674
54037.73267405185,32,672.7595059539736,113345.38109769973,234,0,3047.431469275019
49331.76343337998,52,476.6734262306144,140161.5975753839,67,0,2689.322834184913
58055.40705364986,49,520.9762755498248,304557.7553209256,64,0,2188.5622090572124
49237.96953033004,61,615.7650658291514,213191.3326933795,256,0,1707.0588187245241
46323.952281289465,47,765.6105638991324,267563.16703955893,216,3,691.9716427087121
60495.3900303831,50,694.7545173338161,350493.37645481766,111,1,1625.068704496729
63402.45392622031,44,594.7663005200639,253522.4897533884,275,3,2733.66823751961
28978.930093609124,48,728.2657932780762,242941.23944655576,103,0,585.864869817824
45494.7991217496,55,609.6444850102746,157990.62145196245,89,1,-79.47812065474773
68291.95119214701,40,608.339711329391,279478.1254853263,117,3,3429.597694725042
36094.28466988631,50,613.4300158819865,241935.8486901016,272,1,1232.9888229380545
66449.59583362796,52,594.9264685308952,126742.1976662181,231,3,1396.3700503134683
37432.437383759454,29,503.9993334728414,109256.69255203976,122,3,2105.0634078523344
38661.21918198287,34,686.8300865257843,230883.11089572817,105,1,2966.1622897384686
51894.84472337937,43,679.2108931014716,159300.12412908874,77,0,987.4392231583819
41720.36971781586,64,592.3380300151939,248362.56505111186,356,3,2488.8257264306476
72324.03121386969,53,719.259187731743,157994.79260992093,330,2,2743.4104073357353
55030.87857069638,35,526.4750781586739,190652.19573021866,113,4,1040.5165506096214
37890.84786016229,33,427.60929456907854,237160.53335254203,338,4,2477.8367260049163
31704.4003609906,22,477.5094398392415,244856.38835403498,207,2,2658.8693276864137
56174.04467301834,58,670.7388000556491,135866.2445960039,110,3,1510.2944582929154
78461.96615267918,68,657.0529400947886,135588.26520774246,244,4,1941.2816735756505
61307.00555941862,35,688.2758125141183,277765.4677785937,99,4,1881.3949209293737
42906.15909510769,48,713.271501238515,205695.3804471911,134,0,785.4410273963404
64185.64041399911,19,648.935184724055,166886.74938431088,225,3,2175.424183643223
65510.18213191136,43,804.1269395730848,109406.68728447962,268,1,2838.6693610279935
74023.91620994546,42,705.5854469078367,149527.7798348211,127,4,2359.983322330882
42656.92251067617,44,805.924892387937,114971.91085106615,357,3,3008.3944894584197
71646.55811239645,22,579.2162858108148,208984.6040584407,259,1,1560.154067830133
85547.10473948871,27,526.4841619371646,169680.21496322475,104,1,589.4808212457799
67610.12096051312,41,741.9239179338806,223009.92063033607,117,0,1048.296429458303
62207.710105969265,49,636.8385161627277,155333.56476517004,62,2,2688.6454194011367
29515.127865105234,36,656.7518370043471,137070.74866738787,291,4,973.6512769879168
52146.51808043933,58,626.8658548514243,121951.08043329725,50,1,1478.784204917033
38247.6645584514,39,718.9657673805234,162150.68001087997,324,2,56.67132912665875
19553.63072824176,32,533.7477719665136,136746.2496966943,13,4,1417.0416874667617
42043.51292316936,34,585.1901770370613,207398.31633507437,138,3,1976.0370244642797
62153.90116993484,18,622.3417721959772,178565.5043398298,253,2,1495.4013240713439
64526.69437987314,53,405.1136166933399,221249.72292337255,220,2,1833.5735809500925
58525.40461986183,31,706.4160060755796,84679.27782083291,303,4,2029.8396933195638
35818.24613034465,56,642.4417026049621,224230.91582544768,63,2,359.189666701855
82140.2130436676,35,633.8681727500305,189751.62945725702,355,0,1653.9154880744768
36319.71931262482,27,580.7519600900839,184823.4313273734,164,4,2081.396637536077
59270.86023052126,52,635.1131478160191,184532.6303473767,55,0,1419.566668990103
47921.26950922581,19,740.9205311175502,152355.69306877634,304,3,2515.214126195736
35968.929596944334,19,577.648088028294,242225.2176923969,177,3,1722.4310742271027
88328.06139196633,31,561.00171533501,244938.48431747116,258,3,664.8150299225772
72613.7080558932,18,611.2955649935956,202337.80209055424,269,4,817.6446385064487
75912.56604075915,28,656.007924710869,186513.05934872213,336,3,1445.438742284807
23295.226708272192,22,648.417472917739,199966.38690455662,245,2,2582.183160879831
38431.11640400698,57,742.7531523566103,168366.96750228212,214,4,1605.4464966729138
25102.230172451847,67,744.4423264931022,315865.68225781526,83,2,2217.971217280501
53131.4911420065,34,704.4523147333957,221806.23223826938,227,4,2264.6474359571966
38169.224601139096,50,723.8960681790625,306490.9591049446,167,0,1571.3930514796493
63463.56468189265,53,689.9138584714585,255185.0480802349,158,2,3514.0546775331372
51900.04023207677,47,682.4172231969002,176642.8462848002,112,0,2155.6070405820637
40244.72314918029,51,445.37782035957764,207322.7196706856,226,1,2364.71546132625
59834.22716876438,23,635.1918085862416,234968.8775954329,258,1,1939.8704331647054
51170.01138150116,31,545.9112572289393,226209.5769958647,211,2,2226.36169105496
29607.58893536417,44,769.7307862702422,172748.75311427447,231,4,1172.8532896505285
48606.96456506748,18,659.9648744820104,167069.57613784564,138,2,1757.2563108415977
48446.62527216871,30,673.311418071145,116418.20887421712,270,1,1952.0261945350437
65337.79752334179,69,533.1330886475272,180753.281417612,330,0,1181.5445186435866
67104.99550141596,52,568.2874862705977,171058.06650938775,276,3,1750.8645145184996
39249.88515366327,32,645.378824318955,221006.59581651245,14,3,1851.7847898391512
55750.275462335485,43,599.8938584382715,194708.98726832142,56,4,1750.940066259285
41574.992681859105,48,660.5780716344768,273815.4945821115,30,2,2955.6975163912657
35635.632170360725,47,589.7751066452139,125249.6340835872,80,0,1656.3102681019918
33831.719635679314,41,749.1038278807284,238140.6315718611,192,2,2243.824633284913
49432.39973949346,25,526.7650512006395,179016.67909462258,263,3,3103.065708299554
71803.95772188372,68,511.6803667363968,114688.80871550411,97,1,755.0129059477665
40129.12653507759,22,628.6295950023986,225849.3136366757,171,4,470.95651635983586
28956.380449278346,30,596.3041932514517,246623.8384685042,96,4,1963.0627018254954
72338.5433020496,30,733.1521197592095,87510.2871275391,126,0,2437.6577055651633
29543.539515640667,60,631.6554079549838,189970.21491057152,54,0,969.30910763829
52490.95907632622,27,694.7787647408376,203254.01285711338,148,2,2238.5277257188427
40554.87183304093,21,593.5679149371581,204807.67916527038,176,2,2954.278216925873
48686.076814195934,39,768.0413951532772,162291.89745099377,353,3,891.49497599597
42395.12704336744,46,682.9654170837589,250971.55969082972,263,4,616.0260224955489
46215.57830177369,56,592.325900792091,202597.87859232438,177,4,843.2822573436588
8245.589226442658,29,422.7432750769012,192130.67902186952,38,2,2965.1157375557736
52302.43002958152,40,587.763455115612,256865.59351871422,70,0,1625.7873144423486
60347.37889573392,46,573.9093109767189,178023.744113595,307,3,936.5222428266554
24968.184189058138,28,749.5616203315672,331044.20053305797,295,3,1454.4147563958404
59357.59067780061,59,664.5709733064772,179124.930706121,103,3,1350.4192332843763
89346.42378994028,37,665.8251883267567,195680.82395831918,340,2,2122.5585880021886
75178.76634258025,27,811.4149335049881,272416.8312210005,161,1,1062.0383788099825
60079.17845022208,67,560.5387267702039,131333.90485034086,126,4,2849.4129061557255
51720.623780453294,29,600.3668561198319,218650.49135394243,207,3,2648.014216083554
64140.9085783522,58,577.3884394946484,166626.09787927594,203,0,1461.963588457866
41124.24417707119,39,706.0670810050776,83079.21272169982,204,3,2305.6913251048727
57602.02669480587,67,618.1414181974179,204893.70174213575,102,2,1831.647899905502
44092.929414803344,29,601.9003830324383,215197.74958977947,350,4,2042.448750817782
35903.774371411375,26,797.654895470947,189441.79684319752,278,1,1718.128158404101
33599.810156763066,59,784.0865240930091,162356.72536564956,182,4,2724.2219074810737
75922.1367021406,24,701.9785834931631,252163.9116709277,161,4,2389.9104536034442
30069.828793350323,44,609.8135448764291,272198.1450923145,76,2,701.7347234876145
57695.51785346283,61,594.8568294676722,216200.36860218883,176,3,1839.955365572677
61435.67990754154,21,708.8039049017185,184459.86533553334,56,3,1901.9256775796523
36745.66877407909,22,681.3648575706168,190739.35177228585,186,1,1110.5121649471216
44128.74476787525,19,540.897532688428,173958.9273145145,326,0,1322.8796138946236
30656.100089244595,60,557.9376653775386,253324.537185625,52,2,2912.556960599807
30944.697064290158,24,619.9331094650876,214275.82937187626,333,2,1775.711558487132
55170.14673086025,56,837.7745075660278,162680.11417906874,214,2,1408.2039976881174
45839.728957164785,44,726.8310250940925,192827.4328045208,355,1,2474.940906165159
57975.097104829736,64,569.8541642199547,215629.5523416712,327,0,726.0452345704987
54937.57053388177,37,689.0181864508005,216821.97639803754,90,2,2053.209036749883
51757.1503767076,34,754.735069933809,258633.75109352573,188,3,445.315237521311
30163.12024320429,40,492.4709755142486,172592.1451014719,82,1,1471.2209125838517
63146.80996127717,31,663.0648235676638,145139.28548442092,132,2,2483.8156466876885
46108.00230093315,56,602.0713855564289,205957.4668946709,273,4,1983.571532257649
31452.482183574084,51,781.9793780686305,164202.6036222399,348,0,2121.837803408677
55383.40580818288,32,708.1632814512417,173252.91359977023,61,0,2154.870688205542
59440.23006179566,66,483.6621713913692,221549.7931699913,355,4,1957.8158377222578
33843.92333301522,42,566.9934197506504,150614.50635264872,45,2,2134.0281932925323
67836.85579573302,39,618.183411004529,152809.26153136126,39,2,1966.1366736521984
67753.55767002223,25,622.7622979542618,151461.2644302576,156,0,3420.568757678212
52978.75210056208,59,549.3262612947199,199421.1983955177,249,2,-278.1825326075327
32970.1753570365,26,485.02673042924414,187295.00921811545,313,1,2337.156583157374
43459.96464058678,32,737.3991835737738,46234.45267363821,347,0,3573.5486020236262
74734.59062440557,59,731.0380376263381,241420.11612750284,19,0,3138.0007891584464
38185.822765545,30,668.9487040420199,181586.6250963659,344,2,2602.551786882185
52533.56373757821,45,606.6909741248026,213967.50087393046,269,1,2923.427887848669
37796.40314500337,29,761.8886960031871,150200.97165854208,262,0,1184.6616630565613
44897.57775826476,54,660.7406459656596,241741.94768625125,302,0,1800.9616515751964
45662.68700573605,34,621.8872208318709,165479.38339512522,234,3,1888.1351994870222
42035.86564322173,21,781.9732607468475,237335.84786802257,33,4,1853.36600774697
71962.50170716272,44,596.710265496957,163363.3522023951,24,4,1310.6854682419341
57376.381871055855,18,629.4867969243722,163866.7751008365,181,0,1268.5823462289936
28715.51966011817,50,745.0707414320602,178392.13993292287,34,4,284.8508216251073
34374.56300912455,51,675.746606922575,203555.43970895544,243,1,2087.092049509171
59273.3658820212,32,707.9323054570385,218799.46541293227,300,0,3174.685124512609
37795.98920679919,63,823.4165977977564,263800.0822536554,29,2,1670.809372296275
44491.03130936864,52,551.736469032628,213059.3766493582,50,1,1532.923931412592
56789.143247547385,28,702.008327265312,239579.30435131857,353,4,2331.041110072196
56264.67225969361,27,704.1338084702303,249099.63156024052,357,2,2298.8862286979165
47642.99236193038,63,737.3417166563321,108964.8196882625,190,4,983.6542484504715
2215.5000540412584,48,741.4586860170284,163423.90266945658,47,1,1437.3894623437218
40957.9320847215,27,644.6625397984271,100670.26479951091,304,3,291.3392572296293
33103.2911993738,65,705.538324368011,112645.73530414811,62,0,2132.497504161959
31346.3051235948,28,654.7800726189253,251381.86616959795,268,4,504.7868198978267
58133.97148603967,31,636.0347529032266,135306.810428891,205,3,2739.9849225530475
44898.664812606636,62,743.6455944021342,152978.83292899607,128,3,2149.936860248373
70802.02554429814,38,694.70731606001,141873.48699456593,359,2,2205.5635757745454
59375.60248039632,28,710.5355851878408,218567.95904881932,55,4,1576.051909455857
44366.7882094235,31,657.6311135027142,185255.96357619707,122,2,2118.329302698042
45273.2892580798,65,710.9333780463279,167308.6973291917,279,3,3775.809181062202
44162.57858608939,44,481.6981466270112,159541.1068699326,103,0,1932.159702995523
45180.02082783507,36,629.1500353020018,281840.1949304204,13,4,1079.2202931473703
48373.8670416419,28,638.3310902390067,238364.2456715362,213,1,413.5771503356282
62776.21521446286,54,652.4819880152202,74340.79305063233,167,1,2205.294877213213
67176.6456330284,48,684.9674984857087,104829.54223397946,24,3,2816.5663782925076
1550.3930769689687,43,566.1129116257489,237371.96809167255,334,3,2063.4304049725038
80102.47246468652,41,641.9814806110932,212348.03335742804,211,4,1848.6356794860124
34581.584887578276,32,557.5996443050047,137056.06039034337,241,1,1786.5522518624045
59786.426702440236,41,711.4062465754391,112278.59099610576,192,4,1861.9027028958317
31900.927949909925,58,497.2386674764165,164858.69760028657,201,3,506.7913152940216
49676.88988731912,19,481.3184985402056,231188.22184348523,195,4,2440.7559425098875
57508.0789427884,26,559.016772979169,202814.3928542402,301,1,1591.5210585255998
54728.03057893866,26,538.6822315818058,170976.5349139237,132,0,2115.941001601472
42327.365435078435,24,562.6140955689696,117485.15902596827,208,2,926.0697737448982
41411.37414267696,38,611.6439877232974,189129.89131314456,328,1,2116.621727223981
41333.333182051225,19,624.8920522709814,200349.5327100573,356,0,2281.3460863218825
37179.805346639725,18,524.8334356024368,170833.70605532557,317,2,1143.6546230754639
71419.76235317363,38,748.9222233637028,199511.09758381816,143,2,2602.709682856468
47811.8739549418,59,725.7654030505317,242453.4801337921,58,1,2642.6706407343363
59798.90354601042,65,524.4043888025278,241837.3091791925,265,1,2223.8364679636175
53589.93066227429,40,259.03168051179637,156370.69982890473,166,2,1976.12252155492
56362.59151660183,32,666.0824173946161,286780.2536275051,241,2,984.7936350731105
58919.44819974827,34,734.002682684735,157544.98961574316,105,2,669.5730800700796
27862.649679129478,32,578.8909229733313,196343.75125116945,61,3,1850.4524396399654
56128.66409469979,31,544.7332131547569,310880.0564905188,132,0,2490.263101766801
45537.94026397581,41,626.7543637713051,194948.14192036842,355,2,2498.362397434941
65954.3859079534,34,678.0703279851616,183692.7647429449,330,1,1963.7192328889817
20050.027021766124,23,591.195184320987,199683.2101857564,151,1,2314.492581429368
60033.87666744922,61,661.2812419426302,219886.77959931156,66,0,545.1570145190651
45362.34008636058,23,545.7275660740896,191402.0385887092,116,0,1606.668997611328
51168.012771924856,41,750.1690217333899,298833.42909953435,209,0,1493.8873862349124
40497.7026757384,47,677.3460093470652,147411.43423950716,338,4,2461.225965371339
38733.7377161588,18,540.8556834437037,234894.55364807823,15,0,2034.9087249997488
22871.334827381404,26,725.7758544781805,153683.74821809022,142,4,1321.3335707188216
62820.53908962315,50,713.2172785091875,218848.46036110297,48,4,2641.214244936129
67608.99449989108,31,540.7021667319453,268211.97849061067,309,2,3157.0002618171384
39488.79458097591,21,685.2034539551355,134161.41657341615,224,0,2167.1957246018355
64671.601113635814,19,568.8525531857686,197566.13772720104,185,1,1746.0401422734772
41801.36044475108,64,609.6778336787993,157497.02200970548,331,3,978.9328305325764
40802.843212275926,57,531.798149716941,227628.92362494147,74,0,3683.2110745640166
41613.519331799354,41,475.7058168490913,161620.4162881604,341,2,2369.420345839735
64403.555186731086,37,644.953222008468,214665.3873076023,105,2,3054.6774802365726
54985.13672859699,55,636.1454457963532,236842.41007707614,324,2,2923.5762651702544
47688.26031515508,53,566.1756549924236,328950.3208683166,84,3,2400.979358461115
35151.67484533484,27,674.918995626465,164319.55065175943,229,4,1072.13020797227
47848.26183964054,56,506.08189751478074,240445.13498179024,221,4,1110.1814811735449
46628.37084623242,48,534.1042043475164,204255.30411946628,219,1,1210.723385274333
42348.12191877862,23,673.5453250788893,171596.84645371558,116,4,-43.750889817327106
51587.57452488237,50,379.3989622929537,237776.35693104507,251,1,2476.7808659586044
59858.62708332813,65,668.1506797901188,275394.2706700619,166,1,857.7750954328963
61117.29767202073,47,748.282599751215,153993.4504443477,176,4,3031.707455815626
51803.61298993994,29,674.2296206304069,195788.18564538402,49,2,1993.0575332920935
35421.173877831774,27,592.7269319505587,174733.44126911665,198,1,1535.6607915567465
47518.53098242186,54,711.8746938306551,105141.69534582627,101,3,1918.8284714388587
34342.84563787713,23,681.9766262791607,109815.89820421672,176,3,1909.1776646072192
64065.657668943975,44,576.4507561039829,236124.65875881398,294,1,-240.2151542532415
23803.096323478476,61,526.0663900425089,199538.4304809571,90,3,1128.5029600985808
40621.870857939924,53,820.9951619113101,217387.317239739,260,2,1735.5058960904344
28778.137362086058,25,548.8926270653449,229659.94605690532,284,4,2530.230906804842
47542.114824993034,60,705.4145523411107,227129.6363921637,352,2,1750.204328369622
65695.64428900393,49,700.032792774214,200710.60430548148,307,2,2430.7740336100924
34197.52407531638,56,652.8442188712418,181825.5109746914,13,3,2779.394912057508
42832.12804194471,25,607.6230510436301,204681.9556645253,222,0,2403.2949352533396
38540.67853692676,53,593.4602795961964,234493.54539604962,188,0,1461.9936882558795
63328.78332531471,20,617.2924501937863,279019.0752167929,196,0,1652.3174584393842
47183.026090955114,21,795.3292317108857,247134.63287174865,122,4,3185.006547770562
57187.978659721026,46,748.2332590941661,244826.2700718745,27,3,1727.5622536448805
43172.15406703383,39,672.9876679098605,203608.4143034662,246,2,-3.3527724973691875
74575.15691992306,39,523.0098439923947,239984.8553575432,227,2,1550.8243535512179
49626.6370009492,52,781.3876922939883,246953.69021243625,105,2,2519.5788225864108
47315.053304682944,38,574.2227980305444,136847.25949736353,279,0,1238.118309725362
23934.95887683361,28,749.0949310281495,247795.49866173835,46,3,2047.5807127998662
34448.246871800526,46,843.889837464274,207769.49774687062,98,1,2038.2623784888813
28800.77542664012,57,676.099345009913,208826.53476602264,312,2,1738.2466210376306
79471.04266324875,57,496.0264391625009,169105.63225393725,129,4,1867.0554983880606
50511.97478033174,30,740.5018200395594,297857.8010022616,30,3,1442.0950423063512
45488.407338676465,39,527.1497301733053,118764.017883256,160,4,3432.8374907245297
51342.410716956925,69,592.0568169934305,187387.53747403802,260,3,2238.2215450412964
78097.78509602271,59,726.3844332142374,243470.81469811726,90,4,3244.6961888003334
59604.979665001134,19,760.0472174914518,211638.16532180744,251,1,3095.781533509867
37339.64768145119,24,735.8007761309414,139104.66014410762,353,0,1132.9999224928965
47885.3760712062,58,713.2374668011463,245645.3141709217,16,3,2719.772739735641
40731.395650385195,39,714.7559785202486,275455.37563843455,192,1,2792.6338434683594
42592.67890305309,35,779.1663240256546,206058.4957075655,155,4,1793.7551789180889
70728.3329485841,42,503.05634643467226,166428.69511870336,297,1,873.0154726597821
47963.83956634661,23,593.9760163276768,173812.08380038277,243,0,1268.2306801403156
61956.768904307435,22,670.7519540901505,234854.1982947932,35,4,1783.333178377018
63509.77533927208,20,595.5433348352915,188831.3035073275,329,1,2604.912906266235
55885.33640191352,66,568.1496213123211,159498.81130716414,346,1,3064.235725999409
37788.150343566165,51,444.13036548721516,153877.60539049093,99,0,1210.0328415667627
49006.52015809751,23,589.010907104977,220822.9076414549,113,3,1437.6957285883905
62087.970923748675,55,587.0820414487181,249597.0232177581,149,1,4032.374340478411
50115.25787909677,68,812.708006509255,200339.73568252093,246,4,1989.9818248126173
72562.4639684018,31,705.8635337272937,100898.08772283336,173,3,1273.0611628313768
46011.49310734169,45,700.4102113982146,117649.07778494598,317,2,2146.1465924223608
54601.69082420386,55,871.8068381227238,279526.0102192192,29,3,2509.725105738057
43586.783981749075,36,639.8960448670988,179681.7729845879,274,3,1007.5416872276966
60851.40941700534,29,717.0040588992914,165657.69552611274,239,2,3144.446394579533
35834.065272313936,29,642.1579979913497,212013.10503221359,322,2,2419.2453306616644
59139.317063655515,43,745.6157986843887,243035.0592955414,211,3,2047.6741874296702
40918.918874915165,24,481.636632629528,163595.21838225974,160,0,2205.079826785148
34200.488336348135,69,682.771004041799,277816.46650165087,205,3,3148.462565551398
42422.382319751894,40,677.2109589513389,132110.66308780498,197,2,3023.9039809836886
56123.61182041999,28,871.4395495638921,244671.729902823,292,0,2402.100362052667
45481.56084539256,21,835.3304956003849,159626.8421110316,254,3,2440.758320577572
38507.500769082064,30,815.7002048202492,211389.36865387464,41,4,1326.3771323891892
31860.18347539769,24,695.6502846084929,302479.6665720562,62,1,826.5471610303237
30324.63329730858,68,580.220539563198,194478.36478132196,271,0,1391.00732781944
38162.82087769062,33,663.2829265411666,243566.96289981215,85,4,2437.0153121623052
32107.016843326135,39,627.745365151413,226714.72587674257,177,4,1650.9939055819789
40940.9386110277,30,664.9174449457465,130543.08972777102,19,3,1855.430488628355
52333.10664880329,38,597.9134356384125,176095.67272777145,109,4,687.5298292652169
41694.75932511015,60,510.04437615227545,204670.65870048958,233,3,2800.6435028817505
47393.20306554918,50,599.390981487586,184708.81746570527,317,4,445.8009288257597
39193.672468628596,54,648.348345073491,94214.55203518753,168,0,2311.4455107705244
73580.99311177112,47,656.2290563780733,209557.3275402637,192,2,915.3767256923902
39265.63001048747,56,725.4010321397694,210558.6738922486,272,2,1941.7820734354234
37793.87307500919,25,565.0744790742476,218267.22222019074,345,0,654.9401085828654
59170.84297221605,68,672.4851037652635,233802.6121547824,232,0,1308.8785401724394
53600.411742563534,20,765.458872369188,232648.06441870556,297,4,1959.6616800458096
75286.79543906552,52,763.7958950359002,187001.8246449014,208,0,230.8961787117912
59499.39214114362,46,552.7228911191504,175750.83036523897,268,2,1071.8114706688843
41678.95249388232,66,824.3199936471618,215523.4876607758,336,0,807.5685877217343
61573.28507640118,18,427.2969583770301,212857.5890772684,312,4,2733.8752032154493
39300.16360562015,52,729.8755220027434,154795.4331758406,139,2,1545.0926340633737
29836.856209262627,33,575.8410159324899,203904.72250862076,196,1,1038.8140512321975
62140.19618112487,67,722.1027706159393,236862.5909799826,150,1,2216.6088830492595
48226.07210357788,63,600.442815354518,199194.12922006633,49,3,2116.1912220454237
38244.00165609311,24,739.2636909213381,202357.30550994625,196,4,2407.7440255232736
45907.721669255196,33,868.5271077091315,183306.28781134816,131,3,3106.793903590112
51076.9001013463,46,760.5809304527058,155578.07610751307,60,3,3656.330316200167
42337.91306155328,37,588.828581773402,209040.61000435747,133,3,802.9989344367634
50515.68696229118,18,730.005202347813,192750.51367878224,88,0,736.0532805575499
64611.13441063378,30,738.5557932742232,104676.17628509583,131,4,2956.2729281159786
64522.435451588986,44,868.9583320285262,132696.86151352042,310,4,1488.9330105670942
65954.10778300633,49,731.0054209217842,249913.87052452113,164,0,2079.4689687271657
49392.96963873803,41,719.0612671950562,178312.2863526023,120,4,1172.2206591826402
30192.83115979019,45,745.8481151103167,252894.85180139547,356,4,700.066607534581
56135.372305882825,54,501.19880057064006,184614.44332902884,236,2,1536.3957381624418
39999.83893749298,54,761.54921873029,184107.00815927162,296,3,2893.8955289119226
63808.155519294334,34,444.43356396153865,207752.90983951587,64,3,3115.6424528316593
72024.46820882046,21,451.2531302956943,202186.40793970958,54,3,1972.4259402560097
43319.7243295298,25,679.7962776369558,252107.82489620234,129,4,3003.7982636926104
33951.1446595197,68,603.7551573632364,124486.02146313993,94,2,3111.539226281797
60346.52976166067,62,677.2525378430593,214791.02621083212,35,1,1812.2185273916932
56117.0305175593,38,655.605071962488,224568.30031589282,154,4,2451.9750013584944
59406.74606512279,20,561.9083249108214,178587.54899619822,268,3,2160.996400457439
46612.208856146855,22,714.4830716325556,217588.27237771024,194,4,3303.841805383775
60790.28083560971,50,638.289990271674,231217.0218510592,259,3,2308.0825112203393
60777.32235511656,58,680.8479808543352,195141.39186573238,145,2,3609.352725232221
57999.5477274053,48,665.076972858374,282109.5488550485,113,3,1945.105153849407
55013.39522456324,26,730.264953519157,188037.9041627769,161,1,3232.0816371903557
35714.78265327349,54,631.0023740070276,202871.1837624506,233,1,2133.6659620291434
61995.336170720664,69,677.4417003510763,183766.192057425,74,3,-329.13975161620874
57086.23244729496,61,676.4279054763114,280946.8405471469,162,1,2546.667499845124
78321.26982397318,46,657.678432964494,220084.68348551219,180,1,2767.010200230824
29487.803472494586,54,611.045607819738,266406.6819535243,294,4,2383.985846799245
41719.40837062831,26,647.2900267650452,215357.72776302317,238,1,1278.6199083855508
66810.08513316693,48,520.9878568027677,162272.47210246156,250,4,2168.6238356608346
56722.78772798782,47,756.5996058443903,183809.03023432402,27,0,2582.2374803000957
56580.71409062892,24,676.5200365440452,245585.29589941434,50,1,2300.9968492454527
42058.05860721641,49,692.1173497704668,240741.58815659292,357,4,2206.3979896311243
61589.7731021519,37,502.6183988159196,290374.12251507095,14,1,1763.5457396481665
53074.610338442246,64,610.7096160347274,284812.1120796414,39,4,1766.9056083743894
34303.54248392647,34,688.8977053929127,163691.25604227764,98,2,2152.5071700529616
41648.75577042749,25,818.6919858600274,185134.35971241214,181,4,1454.727395824994
47741.0243382303,63,709.7107911222564,200015.52116125,242,1,2750.5749033225097
49937.383765461615,22,710.4901722365263,91286.63354625212,13,1,1926.140561869577
47373.01942785456,32,586.375004435787,333810.86816002324,32,0,2406.9901625577004
38920.051866391004,59,783.8506632905999,251209.82513682934,137,3,2469.915011607697
63435.0621724107,53,694.4338229400191,189217.68528325352,210,2,1200.0035330502271
42702.74681737442,57,636.05735260938,158452.86863818872,286,2,2487.606330910328
18585.86125330104,49,805.8158061560252,274757.63396393583,358,1,1400.1164079955704
27064.44615396001,18,747.5545735770652,261641.56343239715,48,4,1600.779010160544
56496.51656675794,18,651.9159302740582,165232.320746959,303,0,1980.9554211654336
54889.29932406172,46,674.5393691214475,123262.37389642758,283,4,2798.1661142421854
56793.97551002014,20,587.7948452821124,233946.5020142502,336,3,2316.50405208976
59610.869170097016,55,682.4864553025506,209862.54930317175,196,4,1732.1710498584864
46017.309424293686,44,527.9833043579367,103835.13879684347,64,1,3068.057274811509
44114.50288411723,19,707.5754604555052,177818.6620838526,240,2,1875.8474862416226
36221.35073775071,69,576.5138006307884,233065.77269783255,63,3,638.9119790143154
62508.0539372437,38,635.1966361459879,191948.6465774463,113,1,1856.9930041432528
43544.40606265115,69,432.67417920237943,245904.9874768978,331,4,1884.4849415483416
69835.87335616953,27,450.5604202082576,257785.03510048642,29,0,2886.1654110053473
67083.50941281916,57,652.1475868239955,185931.57544290856,85,4,2769.031882159312
53967.17890430508,29,610.5519234407627,195633.23052694768,174,3,2495.538922542934
49829.17839156183,27,646.6575135111281,182632.7311798011,225,3,1560.3302910074424
51729.896384657135,18,720.430732779356,193691.60477728015,308,0,1582.1720416674643
73202.58966081863,54,776.0861939116795,175989.4603916051,72,2,2521.5263706976925
56291.71050143575,37,684.2015274521373,169961.8612604066,172,2,3171.1623616524685
39983.17095060962,46,640.1501005835917,177294.06003674434,227,4,1705.9815701399336
73694.14579093514,50,691.393858937914,152580.32614675176,146,2,2225.8228245261057
39070.16995414282,31,789.5463882040243,213841.47414897644,321,0,2385.941780336173
67941.62442213947,30,364.18278553851457,183929.60080630626,174,4,2356.047760520496
47232.23897226884,27,832.3956109927349,209456.84153218695,154,1,1555.4498263931034
63736.82144425469,25,681.4918901701146,255209.78212396978,192,3,2058.4707848487537
64658.93864677026,50,607.4295378177213,169886.4548820696,136,1,1457.0031436807935
47952.99449278048,21,664.2561340125363,225332.04387272426,65,0,1702.6816214491603
58846.99031085502,19,561.7397459110333,232093.36386663132,182,4,1430.4649594767145
72088.84276616471,65,684.7198059082937,171979.68656327145,104,4,986.5115194856218
60402.15323856959,28,525.979224260689,189771.8916628949,188,0,1735.7221669411706
22368.055724766775,56,867.8026258953294,228108.14970415397,94,3,1233.4949651479367
39606.10889740967,66,574.572278933075,99895.12167850535,214,2,1858.0465643308164
57303.65327215324,51,649.1842990049755,236392.3032707578,164,0,1074.2078975756908
60421.457540197676,57,588.1349016720868,179936.8556121564,270,3,2278.7155718033605
57239.64511588611,34,698.9393530393129,204921.73779540532,270,1,2047.5636641560448
44885.53337145223,18,646.1803259080275,155962.16248359194,91,1,3212.4040157026448
70904.62590343542,34,726.9427207424301,163049.20073124766,160,4,1833.701067706843
74085.5694691991,40,661.9688363277395,154422.839849214,164,0,1559.7567099912262
52465.067420964726,46,488.12709070147656,195941.14904863705,269,4,1921.7115265793009
26224.376310732263,38,745.5384278847312,240966.13765436725,256,4,1103.7296510084507
32068.201216002195,63,514.3960457240162,259729.10127402897,96,1,3186.6815244609897
29599.688584688898,43,618.0935614301899,168482.29337863822,90,4,3240.559893597896
24900.343777910653,60,683.9023323961823,226906.93870875542,211,2,2564.1816441129563
54792.39738973039,46,698.0113514366597,146459.6932738686,301,1,1772.548842219673
71684.34107637923,52,722.4143803752742,295551.4315408134,83,2,3714.086399375892
47660.93852368867,42,764.6295340124402,252625.62849146873,267,1,2209.5657346711514
48810.92680506873,64,651.1911971751379,240136.84904626507,229,4,3122.8636336485815
77772.33289208368,25,499.5983099874134,231205.98638104703,242,0,1770.2814520957152
70320.66010924485,42,588.4383932714408,261033.7708932485,159,1,1928.339665006538
42823.39715822126,51,652.0393939068907,210077.1997303547,95,3,3302.3028074229505
53223.85255268717,20,641.6686057316567,199466.27738218906,259,1,2516.491650905576
56988.294035839244,64,724.3305782920609,311536.4396687785,68,0,2548.9225092750203
59402.99777039143,50,871.648981946481,137155.84318639274,146,3,2121.3617924109653
53792.166848285975,28,701.1667053168197,212462.69287596887,203,1,1652.8559536133437
41372.21841659496,55,667.962450062028,169741.50835718715,79,2,1003.0174825983323
59233.090980304914,50,821.7574232750121,232100.69924237623,88,1,2736.664091400248
41780.28424571881,38,639.1051066137743,178409.3768576187,122,2,2528.379550000398
43333.36507363112,21,695.9300664153321,133842.34768313385,353,1,2723.821876807279
36269.987404713334,53,760.6257346955834,232533.12169590974,148,1,1011.0403480599316
46192.21417658357,19,590.322343078664,177503.73102523846,56,0,1255.0872797307672
66038.56119389097,41,727.6486036235533,207355.83172197294,226,3,690.3261596556531
56237.14761539241,64,588.8128232726082,257103.37178655222,21,2,2567.253814286881
54491.49044605463,46,552.2798320489441,259644.93381824726,72,1,1076.550037311101
40027.53307656979,25,709.5830173649028,115008.73107132809,153,2,1226.71460462682
55855.4122490835,28,664.847015929947,167872.98074961276,189,4,1354.4817942504765
51455.83079527228,63,577.8036983579518,237338.7448734272,247,4,1106.4564209933656
47129.728621208924,35,693.3732604164015,282113.7267146949,121,2,2308.4656133653143
39936.21707590463,50,718.654546630341,157702.26795566612,84,4,1555.4844440107736
73118.25923644504,30,640.1060425444897,182620.87818410626,145,2,875.9888963323929
52206.494930414265,39,740.5543838428513,121246.04214727727,160,3,2439.4004950328153
73915.31235011519,56,598.6099648793771,193316.2068900887,96,1,1184.252341105307
75126.9611747493,48,510.18183548825084,263996.0609678683,207,0,2487.5428753304345
33069.39869628535,26,551.9610682984569,133529.85396489943,301,3,2545.9083759320242
51955.49479805284,42,651.6037819559172,251778.53129075942,206,0,2563.96046299946
66244.46648344361,20,610.036290091154,146989.68439087516,339,0,540.1461043836171
67768.95401514981,59,624.5963007544981,226231.94695078314,46,1,2985.829489621982
42084.03882598964,18,565.45542214009,233927.88356746375,26,0,375.7416463349166
50926.75413147891,69,600.502997320868,144779.36145469343,335,3,1124.8886920298335
39389.394737924275,32,776.303344837112,133554.41734032874,294,2,2290.2425274149537
46284.73764358289,56,799.6550845685686,231199.99605869155,318,0,3642.0518035156274
62849.62043184608,54,713.1246279424998,161586.49709160774,311,4,2288.4676622953243
53404.829397404115,18,532.9580106707195,95683.96879777413,177,3,1811.7927578642732
53494.8620392985,25,556.4444909393814,204238.7599366857,114,1,2686.7911564213705
22000.23453773443,55,470.41885557158804,155856.36139213265,63,4,2200.0383397308656
56894.530624460254,53,596.2219286991248,264837.3736060419,24,1,1782.8729087740548
41543.97373282728,46,559.5261178097943,218121.95767705736,142,0,2109.339528262662
70951.16052349086,50,694.643892605134,193245.8922380637,227,1,2056.2205298242534
34906.99341292672,27,774.7336533518361,271268.98351302807,277,2,2855.267520090272
45164.21027142686,33,621.7884205162414,254957.8941879884,313,3,2060.3726216266537
71130.08164966916,36,431.8827156264325,171710.88916189488,19,0,2411.6695304201776
79946.45918221617,30,657.632419700482,147479.24482666975,338,0,2186.0478137736673
44557.17454872836,38,642.543687795009,173935.5289501779,131,2,771.7318976830513
15588.328046138267,19,543.5306927255394,166830.63948210288,224,0,2513.572501083144
7301.834347232405,65,586.4073612713144,133629.0360200706,182,4,790.4630843642849
48190.461611066195,61,633.3576503578204,157285.18872567668,316,3,2288.1104502352305
48329.25865640744,37,483.0114706413658,173847.82695342298,103,2,3217.3185854711974
59830.428732921966,40,483.1661495139148,72805.82580030532,93,3,1732.237095810835
26492.078573273237,28,724.293567647869,182263.6080431472,234,3,1516.0553294504014
48336.86242383817,67,631.2634098725657,180733.90466348632,275,1,1808.1296931586587
44082.771729080705,30,881.3716197770668,250798.92318903957,238,0,2565.515151215909
61723.02598326876,25,787.981228093836,150709.76975801244,35,2,1722.6983464648808
67286.86417415661,46,736.6285084133461,229898.3375430445,79,0,1491.5533241811731
47568.220158689415,26,739.5547571068342,232352.67025485725,119,1,842.1138780013064
69466.2449210884,25,685.3599235321456,185967.4458046996,266,2,3771.9158745408668
38023.696620399016,29,667.478659993541,205602.48721865533,334,4,3920.0847758563164
81593.18450792102,62,580.3436530660464,192526.84928075562,160,0,1381.3882552612818
57241.91663752862,46,552.1051935716583,213975.1716762936,276,4,2409.8859041946494
29624.519520778696,60,625.4233141601887,215769.82388124376,54,3,1970.535590223918
47436.27147912172,29,561.6903852229988,206103.12205457743,354,3,945.3029282075379
56381.522057893395,56,642.0057545237509,329125.4873512323,297,1,1482.1593099599745
46714.2847767208,27,592.6714572626081,189737.61900594132,108,3,3431.634995831497
32320.662527590273,52,732.9882608609025,114815.98518360639,216,2,1136.8831902157062
48843.489734687384,39,516.6417112812462,123236.20720796105,254,3,2562.011057254664
7434.187139299058,41,523.6913079605548,232780.703383968,282,1,1081.2838404937777
51024.417829389466,20,668.3800341470443,155407.14499347092,45,1,3229.465127227384
62441.21546858792,69,615.3990762693235,255101.20351452372,153,4,1718.27516904436
60491.09739802386,42,587.4014387388746,208669.15758938764,112,1,4265.323885737744
70472.66382246115,65,755.9055662118374,251850.2023485333,31,2,1529.9299971363148
85770.77359766136,21,703.9582223989507,243640.3344637734,167,4,1485.1321949734795
43217.520606755446,61,580.9169735467281,244327.67963153764,342,2,2376.885766135127
20776.12380469976,23,792.5798014118348,271747.7047563299,354,4,745.7739421953574
41381.77763049652,47,523.6453562877401,185836.30580149067,67,3,722.197430107233
39086.2409644,24,603.6344708576056,201991.76850846512,199,3,2047.0708492867618
45452.35351691785,19,533.6964967664267,345194.0006096047,41,0,1569.0631611177341
45018.11503156672,38,647.366000457433,114826.08997874871,161,1,1507.0430497571322
51957.27998695309,28,679.5249703868632,159809.84526536844,13,0,2540.843252695573
33921.56221726151,54,648.2641018279528,206525.46068892177,290,1,1272.093718217217
35002.832361351786,66,611.7475992591994,186762.47687957674,291,4,2803.0992704764535
23565.250177880524,30,591.5439057847288,254847.53686681518,258,1,2636.2160491332006
50334.965222969455,24,645.9406320857214,199598.43904251704,308,0,1843.230114611249
38307.02767862231,49,690.4905901390179,216052.13681585676,56,2,1896.1987431205682
61807.59303713009,47,483.13385916405184,223677.52829487642,59,0,3135.4308824438413
37669.961706859176,31,680.7762594431159,190118.32770425567,87,4,966.5852857578589
23027.858937667228,27,686.0255977639883,126551.41819577725,287,2,1324.2870698341737
48233.93135726875,50,440.60812218386,280848.82292941934,97,1,1521.794760287224
47565.13110138988,22,606.650784435338,192810.22361722784,108,4,3144.888426228065
52614.801785301795,52,450.41588811876807,237112.68063855066,259,2,2818.209097186694
51637.62771309547,29,442.79243688354546,237187.53050181153,260,3,1523.8303515222776
73857.74985199305,31,609.9824445951458,215094.32143054935,97,3,2378.482024360519
47608.11791598134,36,752.6946097107525,83276.0270745861,270,4,2262.992387134524
68098.46526176468,47,524.6360173913245,202520.41886812059,77,2,1734.5207901429476
80594.40231984362,22,621.3372573422369,151518.64083698293,81,4,1902.4449378023041
71711.64293174235,39,551.304938266409,149624.1748755194,260,0,1083.0704044312974
46635.07394862085,49,608.6319887675634,144409.47799364204,231,4,2123.984892763861
29452.84724095729,49,812.5063939094739,235763.05889090206,39,1,3015.1246817780793
35680.58316352481,28,842.0090129617288,351929.4693109916,220,1,1566.0055611907883
27392.36399851155,54,549.8651717941678,287318.5868684542,229,4,2124.4383451141093
34067.56763377791,32,773.3042086301059,221806.7816751128,114,0,2092.454019304482
26733.037002833287,55,729.349522318053,291327.06566659303,257,3,1526.6496531288308
46944.7554351145,27,535.1661329740833,173128.56491157788,188,4,3754.9629012795704
62825.90637285354,29,671.266219648406,198755.64727257742,39,0,1990.1731325215112
62472.34843800106,57,549.5203373324247,192616.64134538578,158,3,1752.2014973912683
48882.19805899345,67,604.4395215642517,187838.4684428683,206,2,2383.9544047614313
64104.7662432184,42,672.9860189735679,243784.00565892158,40,0,1792.372442782149
44492.888273284065,42,475.6228927874139,244661.8417260492,311,2,2350.3848232619575
68476.29219314462,47,533.3783027268662,206584.31273638547,338,4,2016.036501839801
65035.048896647524,39,597.975239345045,176386.57923079858,215,0,2223.104070041749
54163.20755900824,34,594.9684543944162,244950.49933502445,161,2,972.8390455236997
47892.53160980841,35,482.83961958917536,263954.0696448183,121,1,1221.9795876394187
66099.39753754347,68,576.5127674182074,236955.42766552212,336,2,1271.4983412344518
32921.60247160541,60,808.1505883799176,150543.77063910192,44,0,1413.1291041302566
49159.55558331893,50,595.7969455311294,171141.97549801713,196,2,2367.103383046089
59103.3414687475,53,673.2410534251949,234767.8616073114,216,3,2061.295193564881
57424.53440378931,43,781.6745789126967,201501.1557906021,215,2,893.7866402988207
56621.90547359828,56,659.9177999228344,183072.43051498983,106,3,3138.0071958562994
63911.20515058547,63,669.6254757663604,160193.8458541543,331,2,2562.3647571638567
57485.03923388497,29,640.8833149888683,195763.0131841875,243,0,1429.7880824378622
77694.86995427735,44,812.9364888196977,179222.1686547367,96,4,1801.4132811628028
69294.46409159503,34,901.3746132059781,222885.78595329967,179,3,2897.501895670148
70923.25874465791,21,725.6478963453815,194117.12490873152,90,2,1646.880058767282
54988.03346567236,53,745.1007842251735,199856.5315280607,114,3,2502.404046719926
47232.987511392,44,791.7453567306943,186711.2787111886,57,4,1970.5833067065466
46778.26978481154,41,644.7633862412048,120170.29681948284,59,1,1790.3747661299985
60093.14480066681,33,574.7220579250447,206917.19586669342,64,1,2279.1286286929067
33272.93873370433,41,766.9552374775375,209359.99626670184,145,4,2600.0512016506286
29992.46603830486,67,698.4016797232439,228172.61134373734,234,0,3065.1702998024944
71085.80018601831,56,671.983456613918,164399.78940476646,343,4,1649.0179649620225
74983.94727426066,61,637.2797529107243,174135.04239124784,185,4,358.7560771354788
51038.31661182984,37,626.6318789792034,215814.05947483733,116,1,1801.3958647933378
45664.476413386255,22,549.9255838673531,249849.4680608396,255,1,2546.3467195865155
51395.505868636494,34,668.1400557876213,134996.82928015484,306,1,733.2578375988228
68113.72595416411,56,581.9596349535539,215765.4073928917,345,1,3042.2517652802853
44392.551664304716,19,666.9704017168799,171839.38061338686,47,4,1477.4083026484604
51163.43377828514,23,660.6892225231279,239568.60154847024,148,1,2996.6213873819656
41116.753052294574,60,788.9167543762903,163948.42332317968,52,1,-58.163855823949234
54010.41242469597,29,638.2837829710764,99179.39551350332,183,0,624.7773545112225
43958.96692068089,26,489.716829477435,202087.9202413576,356,0,2358.91387510576
60333.98771292217,28,680.8152784409234,217704.84467027488,229,0,1651.3080376190753
50488.35229058339,47,592.9871077722258,279734.54416665033,103,4,2962.2130274090077
61627.21173480005,56,729.4944847472066,297072.2281630246,29,0,2609.496727203915
19476.411784322845,40,549.6646488204333,229733.6699861089,22,0,3952.9624817560516
34313.37252335154,68,552.8019040793484,103837.84815640947,296,4,1664.9282121765796
57129.481608568036,25,678.2488807425328,211172.28675549413,286,3,1676.4486765517331
51047.75691828151,30,547.2248134317022,235556.9226596983,355,1,2575.9258673446493
43596.98918778807,20,476.903497240713,138103.68530881952,306,2,193.90930795976374
50728.15619840055,26,592.8083826051263,235633.50823850368,285,1,3167.1125365022117
39867.76638229366,69,737.8403506040902,196371.0896958132,110,0,1122.6957230463267
43346.30721016155,37,730.2345436634854,151306.5241739787,79,0,1072.4120809802316
34345.6831574049,25,636.8007263430885,199244.49319796666,61,4,1864.4247820142941
74287.89164526502,52,684.6411244249151,186076.58838938441,337,0,1553.2149181694488
41788.34459600211,19,757.9078215988708,170631.575212746,346,2,2140.8786838613046
55341.62445857166,44,584.6673023296574,220832.43244731711,95,1,2007.7953593965958
36566.2837859059,34,502.8856595084881,178352.2464992993,163,4,1309.16565291257
74484.61971503853,65,649.745531979076,211072.470019377,325,3,2204.725234978127
57965.33810481199,27,698.6717158325107,225022.88048610883,88,2,2199.175421499805
40814.407583228465,21,631.707906234099,222248.94448062955,286,4,1786.6970597308436
62441.42450814867,31,708.5608144409333,254848.93402554796,179,1,2128.403291895881
53470.94423094504,31,642.675884847797,266448.9498172776,282,2,2703.4475569404267
31236.263003567234,64,582.1310745072416,269336.8622250821,156,3,-206.13383510333506
70468.35095089476,40,570.4573121373338,199152.1638936513,160,0,1708.582615211151
55470.62222762971,58,681.8284464541802,153315.25404207516,300,4,2549.914253402956
51200.41393592877,37,504.7073767092878,177806.5381268541,37,2,1343.5768545682567
28523.509335624036,54,558.5883729257223,157922.7057299554,216,2,1823.042454406452
46608.020502688305,22,648.9004452559859,183879.81344251864,279,0,2270.242038666992
59372.202909917345,36,738.0113580900436,287864.12689320376,112,4,2213.939218597516
65840.64127061734,42,618.0527693527151,129512.22425332121,67,4,2793.821816927877
49953.29334836977,60,686.6948470165736,89192.67406574177,159,0,1666.5934397643919
55121.990360686235,63,721.978358811443,84352.78526137552,199,0,3142.9027165046173
33375.38425005146,62,850.2681415926392,270852.0696815078,314,2,2351.3549109659525
51570.59236423161,52,665.2757576691075,176092.7694104717,197,3,1762.4852911177254
58822.16219747966,22,510.006287294859,221792.23060579246,61,1,1934.7771490306968
38877.945512143335,55,520.4866971954629,180285.7130168277,139,0,610.5266508532786
29151.32961712008,42,712.5340180345743,170904.25023869515,341,0,1015.5828855108894
43937.90803817495,30,677.1023593922893,194802.05711155376,201,0,2505.488499030378
39280.773379214275,38,650.3104386345484,185213.65707664358,144,4,1746.191852077164
51756.68594124727,26,694.1986280822257,202247.0919099445,124,3,1259.1700000617905
59558.05276379711,41,623.3870189239636,267771.69729121606,325,2,3092.2992969044917
37598.448532766626,30,527.8920572281341,142842.22030953795,356,4,1457.5322453852532
73905.16599989685,19,603.4844352840734,200933.90010175304,247,2,3568.4540135504867
32346.120133091918,65,650.6957233032689,199883.56987488133,327,2,2267.8996415831243
56296.381847805606,41,552.3508726711368,276905.34184288007,71,0,1765.9467433478198
46788.74423027265,51,635.711220860706,198488.1966285334,174,2,3838.614445227955
46010.25267043219,59,701.3981134256923,202952.94529282945,212,0,2129.7738325606306
57982.95150437155,66,511.7480866726994,158006.39507222592,261,2,1349.869086498852
58738.66952720859,63,745.0101230034261,101342.64677209506,248,3,2495.830338471889
44117.38971686326,25,604.4864897583728,263831.13522358367,16,3,2034.0610072396532
49573.31989485414,61,558.2528193692879,156801.51524054183,134,4,2215.079402529495
43654.19360873475,54,632.7875320386967,150163.24004909853,150,4,1367.4088680116147
65669.26775707747,44,616.0867494257587,136003.4095657706,222,1,2424.41665020006
31997.205612212678,35,246.41885293568163,254973.31556007764,302,0,2193.520468424931
33397.31170716316,46,624.136368455526,154760.35199552073,160,4,1725.9519264147282
35185.93611154537,22,769.9538154092368,205513.45810318718,95,4,2808.740190877606
47107.49418285628,59,593.5156649429264,196956.63371396935,64,3,1429.4565769441629
78578.85565556478,32,528.6338756505816,178138.96059602764,170,1,1968.01690331302
73060.2375450365,44,575.2935261765638,117091.49438841907,213,0,1277.4629299697358
76303.63379987751,68,517.8232108185152,186365.542486429,139,4,2348.2726182206598
86606.88210409929,49,600.8528994095484,238218.34873155566,209,1,1368.8442286322388
8278.31387923321,47,623.8076696456916,205133.52356021863,129,1,1364.8240029601975
49848.50788420697,40,521.9321789461633,264596.42979878205,176,3,1879.6615104593184
66159.36722228695,18,710.7634094023763,197732.65880348248,284,3,1437.793245579113
65383.533411252814,58,741.4340216764431,198965.88747843762,85,1,1177.3910734435813
34364.425845094775,21,556.8476371692802,123496.57917459414,60,2,3275.1676726205424
61021.57778322117,52,705.1415894915568,159484.56857040426,262,2,2747.523145661964
27737.730242962294,58,694.1710486540363,218118.72643384655,30,0,3136.0383043916627
61651.1498490853,59,696.3550401410566,169651.52056230113,135,4,2187.844850191255
42075.64563558354,53,608.5581493008802,190468.3820794639,337,0,3624.291070820319
46148.12891526585,36,716.538300200359,129720.48349659459,121,0,2331.3719051007074
33845.175791007416,30,807.4838414805672,296266.2116526759,266,4,2901.6800651526837
44140.07396006308,25,543.7320756009732,213033.72652392596,276,2,2994.3916795403543
58643.752451117085,48,776.7743879394334,307866.46561545145,229,0,3136.501448350443
50617.61038007075,23,514.3436677382219,199691.80143592224,30,3,2905.009842592265
45817.516366986965,61,556.4049160130343,205674.58882304598,155,1,2782.1907499608815
15665.90790033155,52,626.7352445821708,177282.08400502198,82,1,1805.8534376424927
38029.7172116799,65,682.9757204333245,102523.45607164038,340,3,3425.780267332834
50702.34589549538,55,750.1848851573752,183519.88569937248,243,0,2818.4164817955525
42800.72665873427,59,703.0279142828545,203829.84784404046,281,3,1620.242475861137
63411.35050554276,26,694.5684118403542,154775.64434925726,124,1,463.25243454974157
64262.075279961515,32,508.68028035763064,216263.87685704877,45,3,1978.4903764846456
53540.01302441509,68,636.587012115763,146184.81475074563,88,4,1567.8253336472205
38027.48943413029,21,719.4507627850631,318095.73982422083,51,3,1570.305216256553
74745.21049340263,38,590.346123642125,226066.9425461545,151,1,2127.7149474766293
62412.03584771242,21,835.2021547255606,303571.54262755904,111,3,2268.1932379033724
53795.256034512764,25,482.7639596989252,232220.24692128194,316,2,666.5255874778143
44397.88664514942,40,740.2853769555468,235795.449912096,184,2,2035.4357078874268
57176.183925592486,53,623.7033611857742,217963.47511735943,315,4,2016.6208304438385
47950.80376303492,34,757.0970172370181,226204.0036792845,118,4,3254.2081999675083
54397.81424590362,27,866.2529093860728,133614.9179223528,174,3,1585.1207407896477
41050.54648133018,34,653.8510641192777,111329.57809485846,333,3,2364.2924818098422
64967.71192546648,64,586.3872072680158,155808.06652747493,128,1,1267.161794539873
49254.88142006389,27,612.6906157506871,177046.2497333444,247,3,2188.9341715798128
16154.741829379775,26,522.5307902927636,161571.85223702827,145,2,2665.821425826274
58687.150145050386,51,448.57341849316936,184115.67545169877,54,4,750.4062781532023
67739.43412489463,34,769.833241213865,171178.43785362528,203,2,2768.800190224072
64255.54677399932,69,580.4843310746569,187224.1141577749,117,1,2174.273351863345
62338.453021151894,67,473.35484942780903,299491.75828276126,37,1,2314.2955448554185
49228.02546314079,62,600.353640414145,227120.18526751603,60,1,2144.212541219673
46953.59188520436,67,618.4861319015558,233747.94137177028,172,3,2084.633613125238
36685.41357432499,67,643.048802951612,130848.8839596025,188,1,946.7032790368348
42617.34862262854,52,708.8740231679467,208943.98737235877,36,0,2294.0861515800343
30942.534114242968,60,626.9567299238687,170018.16608584838,168,2,1852.3047119439784
69590.70403458085,47,807.7981494632422,238175.1821206212,18,3,1916.0661131713216
44189.64604115761,26,619.1627526192432,209544.56300118525,47,3,818.8407286478832
49032.89981330608,33,779.4673340025499,249218.3528447942,205,0,2555.022042836636
46495.719832380026,48,553.2540868237733,200746.34775419664,339,2,1533.4084497821027
88360.01824463616,66,765.9189525273622,299091.4618752235,265,1,1926.8985416270186
34597.1122294586,32,717.0437678418215,297774.8125698001,133,1,521.6632669778053
46831.416138163535,23,762.2744407928303,240693.02960666912,175,1,2334.0215027763684
28311.571579736024,42,728.9237021148098,234231.5344074263,111,0,2122.141895127192
30588.969283827628,52,608.6861609777675,234371.72478346532,202,4,1895.910934537305
68333.81217440631,36,802.4845673921243,288831.1849985211,333,4,1708.4276581353865
24568.232182772317,65,545.4106099543424,194822.02862630278,267,3,777.1856743018643
56075.85870136545,58,843.3694771252551,198973.07055829023,306,1,1674.1963014373155
39511.38717928744,60,730.3118998128593,231539.31576657086,265,0,2724.2673601660035
68069.393437556,55,792.9952282619086,253368.6650938801,317,0,1612.9357705479042
48841.361955388704,37,622.7839116673531,232250.1313484786,310,1,1680.895560007722
47555.96785863409,36,556.4638826007129,226488.51335157923,199,1,1353.1768801059939
74174.52618046239,28,651.646788868208,255512.8778123238,249,0,797.2227113190297
15548.553682277518,28,563.5880755707245,208000.58561908876,165,3,1972.7357310611737
39150.35720304308,47,794.6147844671212,185730.29631020912,16,4,2105.5609452366257
59626.45514855055,45,445.00787211154534,216561.6410442005,157,4,2048.4645305878003
64283.97889623801,57,683.7251960420076,181114.2351205286,62,4,3142.493170026904
45444.36000725844,49,649.0814304203524,218924.20408004682,315,2,2353.8443349177815
38449.7039301735,68,636.5070134736138,136602.05314726132,187,3,2385.548889769658
57487.710458568516,40,664.3356397559527,191254.07246457884,125,1,873.3783715073748
81527.43368947542,63,618.8022783434609,218534.97399786365,254,1,2490.6792244552776
48897.86408229094,25,475.2841968760967,157547.67607527698,205,3,2623.7542522218314
31660.85639354313,69,672.033226570523,219155.67154400804,145,4,3597.911693282878
61076.297875259945,68,595.2191832848056,208322.69186545597,61,0,2495.6371276525438
56789.021274593695,53,580.9888261879713,216753.0687732166,33,1,2527.301344423217
54685.96802218359,67,663.0801795004826,145025.6272547571,334,3,1075.9159569618234
51536.95457102923,42,582.8391933153217,202188.4521313042,302,2,1889.0788791432942
47855.69226428884,57,713.67663556696,144325.37577796468,66,0,2452.157222261488
45740.050225929794,55,626.9981553506894,154400.7632011279,311,4,2558.964327051321
42529.78817982446,36,698.9138243655956,211683.35491798937,319,2,1818.8212005591713
38621.29069257922,41,665.0751133765905,162035.3197550397,190,2,1588.5403635747844
65642.9180788682,35,646.8016058769239,204346.63719961635,57,4,1049.2426883450453
38304.87708179498,61,509.83123168099763,197092.93187247473,92,1,2509.3086271924276
50202.514879410155,38,687.3783257915079,151619.5090822569,202,4,121.416833833807
52666.73158355437,62,801.6157990223285,166284.4299057033,49,4,2563.5668119834154
38789.176457492766,55,802.941177918602,143004.89550718694,35,2,1415.0828499475208
49198.31690005777,64,898.1660001875798,150827.25003358518,300,4,2259.971345235521
62656.40645505674,34,580.7366781378164,243085.8843385612,84,1,1801.3588153753046
45616.59415188139,40,695.9331545553619,144017.67055050755,315,0,835.9499804169654
56445.72107557161,42,651.5479767937851,224646.94940270786,220,1,1349.967267136809
49727.83219741388,27,402.4438179017612,276321.9423944396,258,0,1336.0901088775254
44588.653447292476,23,608.2642848067389,147318.5927727345,179,3,2195.468377605897
41715.632562377534,25,613.726116316787,216802.64408663346,199,0,1968.5807070239928
50914.880148516815,43,916.6028615224708,164381.1629969947,118,2,1112.9089394567768
50370.06079066219,50,661.273460159463,171070.3617987686,180,2,2946.3060737159244
35350.43735881687,25,568.16599597264,73880.85090241142,318,3,2167.859508727964
32915.31402728279,58,673.0995310925246,198044.31856879103,94,2,2307.9040595001334
55528.871034383235,69,543.6954750856715,205420.3740434785,334,1,2724.870325865368
60395.18865288821,31,542.9610901706986,173641.8678650387,17,2,3265.205634246549
39813.65036085896,47,682.8316385109194,274231.3374572721,288,1,1104.6975199687429
39882.566309926275,29,745.7948702195738,269651.36488446407,87,4,1619.6650775586324
53455.4180038838,43,654.0528405722745,194195.9108573955,327,1,1690.7204443534392
43127.12009103637,26,678.1476547109795,204965.84213856448,276,1,2981.6081855990174
27140.222858985428,24,722.578444100543,178726.68600751145,317,1,2209.0538185733544
59317.21828458547,52,857.3469191509962,215651.67816367946,261,4,2793.2156869937317
59851.38749817749,31,571.7502942025437,178771.19781760327,323,0,1734.2425107766462
39921.536722587014,51,671.9028698968333,182472.06848797615,52,0,2979.004413282144
74711.11746798272,60,653.7190538514924,262711.4418172441,201,4,3834.1657178109535
39823.386110384876,43,561.7226250036301,187009.17946065846,104,0,1898.3139765441445
69953.02641827248,67,602.8845802726067,177728.0108896197,125,2,2325.819637190729
88632.0992268087,61,501.7659580680141,220710.91066011108,19,2,2522.077795208412
36892.896904145804,33,557.1295661239903,107660.78683949745,193,4,3334.9039212298676
53985.19574506529,55,616.9973878865101,230392.500914253,342,2,3410.011436033081
43785.697439264084,60,681.1207406904812,146716.46531776368,154,2,2271.9892756137037
67967.083761406,28,773.0659402276826,217773.6135108333,293,2,524.5256025862493
42619.413210029925,20,622.7091629768375,204679.31892813634,246,2,2488.2319321503546
61803.441577728896,24,536.4077271461957,231791.52210245526,17,3,2063.5389099462814
24570.173481793496,27,493.6355904126997,222052.92325519607,300,4,3220.0945915406055
38535.404073214115,59,691.492483817111,62195.40513332083,66,2,1912.0784860472716
48367.140714859976,34,656.7688051027862,143377.50633571186,336,1,3228.667600548481
46228.058296494346,40,613.112726014941,198196.93719290043,299,0,1956.426295390814
61061.69542418518,32,939.5288847536925,158286.47272845736,94,2,1506.9909503077683
74496.5365739937,28,610.7951925046864,143939.9728285997,120,4,1632.8991990625127
66991.3326867928,57,534.0941594410299,193143.01477102874,245,0,823.6503907728763
40278.47682124506,24,655.0152664682531,186671.7104685574,146,4,2175.335293475142
65959.77099188289,54,663.3473598409563,185669.83765736927,79,2,840.0232542220774
41500.41396505441,33,845.3577841351396,174216.37902382616,46,3,2715.465520666
64344.758113540345,69,768.4340377106564,245778.2471861715,314,2,1895.4626110383028
48992.43979290143,62,762.0876518648607,198838.53843231968,84,0,2074.9859383910707
36191.3599662986,60,645.4169848059489,222263.98062853908,112,2,2797.8347548497613
37572.15007088872,37,839.805169727673,151546.08212004538,159,0,1845.0396320994882
42764.27098913631,42,702.789836752527,205193.05236841828,202,1,2263.0005568486513
39900.70621564182,28,662.4618926710232,205382.28371434534,121,0,3323.4230291492586
62138.84954590417,25,589.3438725650839,218153.1796507275,14,2,406.9460342025177
67721.51754805492,18,565.8663897861991,196467.7372763201,226,1,1417.9130084467506
33051.16932824759,61,594.4103088482499,107511.35173899657,286,0,1653.0865666984112
64511.32755122028,38,605.1749760688066,185114.29296888257,287,4,1474.600713954168
42962.47923422226,69,587.0793905420885,159815.97433987836,248,4,2686.5105917218225
40207.464421722856,48,539.9544213734214,206937.26889942566,286,1,3224.1190053214195
47195.11164580297,23,647.4681068596614,192271.0464517923,88,3,3034.8225140269005
43640.606083928906,43,577.6378920909636,234737.8358076552,348,4,3105.8648422876895
51264.62699178298,39,521.6778286650214,216749.1190215147,236,2,1584.0824176690778
51830.65255035608,64,576.6340628550056,229722.15678600842,154,1,3122.4897200307146
45081.84594023705,25,634.6493519524505,152783.69804957934,123,1,1880.7833190251226
52712.03193507976,49,645.9303220865046,168292.8824797437,225,2,2046.2064679546347
35325.403716075656,36,732.7144459545289,256099.4092071054,111,1,1919.653358383356
25244.76380648379,20,491.3011772237006,161889.25670748609,317,2,3190.2328874611667
60413.5130323755,36,596.1028333064419,221004.3720500171,151,4,1624.7675809591997
53209.90331770463,30,629.1651308731367,151625.72601267573,320,1,1613.5217010202964
57016.64013965653,49,553.864229333847,222107.66511564914,239,0,1531.6215000004522
63013.540470585176,49,557.6339524801015,256446.45716487395,104,3,978.1553393828148
51070.122220614874,18,465.44545438273616,196356.29456632843,33,4,2086.1153919336375
12245.142627784575,38,676.3983719714753,259017.47503841354,291,0,1999.283560352644
42530.87540940133,62,531.9685287417092,281235.4333550386,24,4,2804.6457905940515
72164.27246820823,51,785.8741476639415,152817.80688512872,291,4,2501.8564448389347
52047.720563259274,24,592.6747673582271,162903.3717677839,291,0,2262.6368032564883
51491.71087473869,59,583.7638586383159,206780.83653372191,27,1,2698.6432233072956
50692.82807089701,26,582.9269827258545,240593.3598192053,12,2,1514.4738209347565
33410.94988962707,69,755.3833196188351,293646.70587461523,279,1,1152.6199573313374
49740.84877465297,57,688.1668306711575,251539.85820667696,302,3,19.499283833651134
74434.15955599716,62,532.1244892702498,144326.71817858634,190,3,1533.4747130309156
52325.899684706616,44,590.8136604798365,114957.61502804882,324,2,2110.908925637657
40195.26379329095,62,663.8050315952535,199716.25201106266,32,3,1843.1841111494373
34453.26267749687,68,587.6311569748942,209437.32904737286,27,3,1229.569785375279
38484.28376013405,46,763.2769478538498,252019.90541257334,154,0,3839.9900583673434
34168.251967603646,64,697.1168713441496,199845.12850041603,299,2,2311.434739352
54065.968063217704,38,778.9529258651206,141885.881821505,137,1,1684.4372253877807
49079.307089568676,30,644.5231479009042,227617.68739574312,97,4,2175.185075561953
25473.810233515087,53,661.7366758393596,202917.2377767419,261,2,1925.483758128576
85110.25554120968,56,711.0402125447356,179381.45506623195,116,1,3639.6492120542407
67007.35725037534,18,717.660355885881,182169.72723114607,291,2,2377.4201641705695
67397.14250951336,32,775.0481872330756,191405.47371924072,153,3,3248.5719169479644
74198.18771488451,26,627.8159967681378,170728.94287950185,259,2,1384.5651745536954
46162.20143473497,19,534.0179033781219,205289.0014508718,233,0,1848.7982144261628
62964.75373132321,26,773.9073628950518,263932.3849330967,32,1,2351.296289767498
41545.77323796575,24,585.1480009154942,240821.70821104638,250,2,439.032321955626
42088.40955233392,39,623.8816195929714,186928.51594575768,106,1,3328.492985512421
54886.72495974608,31,576.3837462200245,145570.52020132594,183,3,1813.4232275370273
38646.099835461784,37,437.750880272177,173400.90598014143,201,3,2458.3275767076057
32985.53812997711,64,543.9014046055156,163495.12491473908,209,1,2687.01961932656
45701.174257138395,38,706.0964650437054,235522.07190436567,74,1,331.8242152047965
51281.844977001405,32,665.9782544600039,254347.02847598714,302,2,1973.8115971981715
77644.59369290699,24,598.6496317810023,221096.41887659792,301,4,2103.4906847703987
43800.071630910315,41,717.9829231497158,250149.7985647882,61,2,1199.6633573924344
40214.73144866212,33,512.4417778073274,259118.22071150297,242,3,1562.185554518573
34585.032479616966,20,547.6742353425227,315930.34253410425,312,0,1829.9089197122485
28918.073451000466,53,570.5725673342671,158615.4158181044,72,3,2103.6159881343
60734.05003978011,27,486.67966876710466,258277.9619958889,272,4,1328.0933181221321
68420.2581199374,22,647.263879293521,157399.38480115062,242,3,3362.058374763519
29619.114409052123,53,705.1448469383737,246889.15988941232,138,3,1912.856722793795
47814.34913834086,47,638.3385898027816,300575.74737993785,160,2,-153.29358557379373
47458.935093383414,35,638.9525921672589,251220.26161594436,165,3,2016.332739489294
53886.495759387995,50,682.6304287112765,236010.54765156546,83,0,1508.7152092752394
53049.86651987003,27,675.154141547874,205987.84475353183,182,0,1407.2733728249777
58230.0845713863,45,529.6365224039469,218505.04055052457,191,3,1637.9520625329824
58576.743484662344,18,581.569579126019,245100.15899704667,118,1,2127.0082209559823
72308.57279233274,56,671.7263398004656,126891.9714538273,330,3,1624.0914143226428
88862.70225487574,39,656.9654401761649,196494.81255571,346,3,1145.0365954932
66082.18256858115,57,611.7979705202889,185350.1800256579,348,3,1257.6452467982986
18564.993489458153,48,634.6679015744741,154644.28595380666,133,3,2414.009805950653
26264.336736524394,33,778.8569630554616,201342.07485779026,88,2,4476.337404449701
55656.51875408902,42,536.7826497520581,264125.68401957577,74,4,1463.179697189621
44514.4895616349,54,545.1501830994514,288705.5093108303,215,2,2168.135289217053
10221.299652664165,25,588.1624545233598,232866.66630850706,288,0,3265.4630716560355
47425.22909037132,59,638.6729834330635,219860.1710672654,247,1,2130.6014828973143
63534.050532030335,39,627.6433179194689,261586.18791900884,39,4,1936.4621145139497
58209.659601446256,28,615.9734808761139,253742.9516060311,353,1,1375.5899359921677
